timestamp,scope,run_name,trial,episode,episodes_total,steps,episode_reward,total_reward,avg_reward,epsilon,memory_rss_mb,done,status,error,checkpoint_file
2026-05-31T14:18:16.952766,Learning_DQN,full_run_train_20260531_141816,,1,1000,335,-0.6364998245587802,-0.6364998245587802,-0.6364998245587802,1.0,705.34,1,ok,,DQN\dqn_model
2026-05-31T14:18:17.688743,Learning_DQN,full_run_train_20260531_141816,,2,1000,335,-0.44416457314109015,-1.0806643976998704,-0.5403321988499352,1.0,705.77,1,ok,,DQN\dqn_model
2026-05-31T14:18:18.435210,Learning_DQN,full_run_train_20260531_141816,,3,1000,335,-1.1391989498779063,-2.2198633475777747,-0.7399544491925916,1.0,706.14,1,ok,,DQN\dqn_model
2026-05-31T14:18:19.199689,Learning_DQN,full_run_train_20260531_141816,,4,1000,335,-1.6298344423973103,-3.8496977899750893,-0.9624244474937723,1.0,706.65,1,ok,,DQN\dqn_model
2026-05-31T14:18:19.981534,Learning_DQN,full_run_train_20260531_141816,,5,1000,335,-1.3180926973706175,-5.167790487345709,-1.0335580974691418,1.0,707.03,1,ok,,DQN\dqn_model
2026-05-31T14:18:20.755940,Learning_DQN,full_run_train_20260531_141816,,6,1000,335,-0.8162741893524854,-5.984064676698191,-0.9973441127830318,1.0,707.46,1,ok,,DQN\dqn_model
2026-05-31T14:18:21.560326,Learning_DQN,full_run_train_20260531_141816,,7,1000,335,-1.657374213481239,-7.641438890179428,-1.0916341271684897,1.0,707.91,1,ok,,DQN\dqn_model
2026-05-31T14:18:22.357017,Learning_DQN,full_run_train_20260531_141816,,8,1000,335,-1.9125068052490994,-9.553945695428506,-1.1942432119285633,1.0,708.29,1,ok,,DQN\dqn_model
2026-05-31T14:18:23.178224,Learning_DQN,full_run_train_20260531_141816,,9,1000,335,-1.1751518010702215,-10.729097496498719,-1.1921219440554132,1.0,708.79,1,ok,,DQN\dqn_model
2026-05-31T14:18:23.964016,Learning_DQN,full_run_train_20260531_141816,,10,1000,335,-0.774298174364733,-11.503395670863451,-1.1503395670863452,1.0,709.17,1,ok,,DQN\dqn_model
2026-05-31T14:18:24.762514,Learning_DQN,full_run_train_20260531_141816,,11,1000,335,-0.7154058888372158,-12.218801559700655,-1.1108001417909685,1.0,709.55,1,ok,,DQN\dqn_model
2026-05-31T14:18:25.569950,Learning_DQN,full_run_train_20260531_141816,,12,1000,335,-1.3088480081055631,-13.52764956780623,-1.1273041306505192,1.0,710.04,1,ok,,DQN\dqn_model
2026-05-31T14:18:26.376095,Learning_DQN,full_run_train_20260531_141816,,13,1000,335,-1.3586765186402712,-14.886326086446505,-1.1451020066497313,1.0,710.49,1,ok,,DQN\dqn_model
2026-05-31T14:18:27.142230,Learning_DQN,full_run_train_20260531_141816,,14,1000,335,-1.643140061338392,-16.529466147784888,-1.1806761534132062,1.0,710.93,1,ok,,DQN\dqn_model
2026-05-31T14:18:27.952720,Learning_DQN,full_run_train_20260531_141816,,15,1000,335,-1.3347652869287476,-17.86423143471363,-1.190948762314242,1.0,711.3,1,ok,,DQN\dqn_model
2026-05-31T14:18:28.807588,Learning_DQN,full_run_train_20260531_141816,,16,1000,335,-0.898937027931709,-18.763168462645353,-1.1726980289153346,1.0,711.81,1,ok,,DQN\dqn_model
2026-05-31T14:18:29.614108,Learning_DQN,full_run_train_20260531_141816,,17,1000,335,-1.3020759538544155,-20.065244416499763,-1.1803084950882212,1.0,712.18,1,ok,,DQN\dqn_model
2026-05-31T14:18:30.497301,Learning_DQN,full_run_train_20260531_141816,,18,1000,335,-1.220582337051621,-21.285826753551373,-1.182545930752854,1.0,712.65,1,ok,,DQN\dqn_model
2026-05-31T14:18:31.358456,Learning_DQN,full_run_train_20260531_141816,,19,1000,335,-0.5940578765143207,-21.879884630065686,-1.151572875266615,1.0,713.19,1,ok,,DQN\dqn_model
2026-05-31T14:18:32.222517,Learning_DQN,full_run_train_20260531_141816,,20,1000,335,-1.9961261407791004,-23.87601077084476,-1.193800538542238,1.0,713.63,1,ok,,DQN\dqn_model
2026-05-31T14:18:33.090252,Learning_DQN,full_run_train_20260531_141816,,21,1000,335,-0.6983665492834685,-24.574377320128253,-1.170208443815631,1.0,714.19,1,ok,,DQN\dqn_model
2026-05-31T14:18:33.938094,Learning_DQN,full_run_train_20260531_141816,,22,1000,335,-1.3532590810356964,-25.92763640116393,-1.1785289273256332,1.0,714.64,1,ok,,DQN\dqn_model
2026-05-31T14:18:34.791391,Learning_DQN,full_run_train_20260531_141816,,23,1000,335,-2.0515745883748058,-27.979210989538732,-1.216487434327771,1.0,715.07,1,ok,,DQN\dqn_model
2026-05-31T14:18:35.638428,Learning_DQN,full_run_train_20260531_141816,,24,1000,335,-1.6675065590227298,-29.646717548561462,-1.2352798978567276,1.0,715.58,1,ok,,DQN\dqn_model
2026-05-31T14:18:36.490029,Learning_DQN,full_run_train_20260531_141816,,25,1000,335,-1.197818480085431,-30.844536028646896,-1.2337814411458758,1.0,716.01,1,ok,,DQN\dqn_model
2026-05-31T14:18:37.334919,Learning_DQN,full_run_train_20260531_141816,,26,1000,335,-1.078375775461684,-31.922911804108583,-1.2278043001580223,1.0,716.84,1,ok,,DQN\dqn_model
2026-05-31T14:18:38.188528,Learning_DQN,full_run_train_20260531_141816,,27,1000,335,-1.2656795432445151,-33.18859134735312,-1.2292070869390044,1.0,717.28,1,ok,,DQN\dqn_model
2026-05-31T14:18:39.046099,Learning_DQN,full_run_train_20260531_141816,,28,1000,335,-1.2683917775573927,-34.45698312491056,-1.230606540175377,1.0,717.88,1,ok,,DQN\dqn_model
2026-05-31T14:18:39.893873,Learning_DQN,full_run_train_20260531_141816,,29,1000,335,-1.465245447131471,-35.92222857204205,-1.2386975369669673,1.0,718.39,1,ok,,DQN\dqn_model
2026-05-31T14:18:40.915114,Learning_DQN,full_run_train_20260531_141816,,30,1000,335,-0.6872327405878969,-36.60946131262995,-1.2203153770876651,1.0,718.89,1,ok,,DQN\dqn_model
2026-05-31T14:18:41.924468,Learning_DQN,full_run_train_20260531_141816,,31,1000,335,-2.0657864172098614,-38.6752477298398,-1.2475886364464452,1.0,719.4,1,ok,,DQN\dqn_model
2026-05-31T14:18:42.778106,Learning_DQN,full_run_train_20260531_141816,,32,1000,335,-0.3543883067850594,-39.0296360366248,-1.219676126144525,1.0,719.84,1,ok,,DQN\dqn_model
2026-05-31T14:18:43.628488,Learning_DQN,full_run_train_20260531_141816,,33,1000,335,-1.299236013487795,-40.328872050112565,-1.2220870318215928,1.0,720.39,1,ok,,DQN\dqn_model
2026-05-31T14:18:44.518214,Learning_DQN,full_run_train_20260531_141816,,34,1000,335,-1.874490116339991,-42.203362166452486,-1.2412753578368378,1.0,720.83,1,ok,,DQN\dqn_model
2026-05-31T14:18:45.378258,Learning_DQN,full_run_train_20260531_141816,,35,1000,335,-2.148312569384557,-44.35167473583705,-1.2671907067382016,1.0,721.32,1,ok,,DQN\dqn_model
2026-05-31T14:18:46.298453,Learning_DQN,full_run_train_20260531_141816,,36,1000,335,-1.0257173453749353,-45.37739208121202,-1.2604831133670007,1.0,721.82,1,ok,,DQN\dqn_model
2026-05-31T14:18:47.153869,Learning_DQN,full_run_train_20260531_141816,,37,1000,335,-1.026716487932938,-46.40410856914493,-1.2541650964633766,1.0,722.3,1,ok,,DQN\dqn_model
2026-05-31T14:18:48.116593,Learning_DQN,full_run_train_20260531_141816,,38,1000,335,-0.4040317322196514,-46.808140301364574,-1.2317931658253836,1.0,722.87,1,ok,,DQN\dqn_model
2026-05-31T14:18:49.036472,Learning_DQN,full_run_train_20260531_141816,,39,1000,335,-0.8448427691271264,-47.65298307049175,-1.2218713607818397,1.0,723.31,1,ok,,DQN\dqn_model
2026-05-31T14:18:49.934074,Learning_DQN,full_run_train_20260531_141816,,40,1000,335,-2.2805462317900846,-49.933529302281805,-1.2483382325570451,1.0,723.82,1,ok,,DQN\dqn_model
2026-05-31T14:18:50.840807,Learning_DQN,full_run_train_20260531_141816,,41,1000,335,-1.1421623629014133,-51.07569166518324,-1.2457485771995913,1.0,724.35,1,ok,,DQN\dqn_model
2026-05-31T14:18:51.719200,Learning_DQN,full_run_train_20260531_141816,,42,1000,335,-1.062218277283176,-52.13790994246643,-1.2413788081539625,1.0,724.84,1,ok,,DQN\dqn_model
2026-05-31T14:18:52.632311,Learning_DQN,full_run_train_20260531_141816,,43,1000,335,-1.1489848667065319,-53.28689480917292,-1.2392301118412308,1.0,725.35,1,ok,,DQN\dqn_model
2026-05-31T14:18:53.530671,Learning_DQN,full_run_train_20260531_141816,,44,1000,335,-1.8099482169217211,-55.09684302609465,-1.2522009778657877,1.0,725.81,1,ok,,DQN\dqn_model
2026-05-31T14:18:54.433383,Learning_DQN,full_run_train_20260531_141816,,45,1000,335,-1.4775360190203208,-56.57437904511496,-1.2572084232247769,1.0,726.38,1,ok,,DQN\dqn_model
2026-05-31T14:18:55.302652,Learning_DQN,full_run_train_20260531_141816,,46,1000,335,-1.3396574253359632,-57.91403647045092,-1.2590007928358895,1.0,726.8,1,ok,,DQN\dqn_model
2026-05-31T14:18:56.176526,Learning_DQN,full_run_train_20260531_141816,,47,1000,335,-0.3160897343682024,-58.230126204819086,-1.2389388554216827,1.0,727.34,1,ok,,DQN\dqn_model
2026-05-31T14:18:57.044298,Learning_DQN,full_run_train_20260531_141816,,48,1000,335,-1.3561429795321416,-59.586269184351245,-1.2413806080073175,1.0,727.78,1,ok,,DQN\dqn_model
2026-05-31T14:18:57.925738,Learning_DQN,full_run_train_20260531_141816,,49,1000,335,-0.5546252903884766,-60.14089447473968,-1.2273651933620344,1.0,728.21,1,ok,,DQN\dqn_model
2026-05-31T14:18:58.840881,Learning_DQN,full_run_train_20260531_141816,,50,1000,335,-0.34473861533917444,-60.48563309007882,-1.2097126618015763,1.0,728.77,1,ok,,DQN\dqn_model
2026-05-31T14:18:59.758660,Learning_DQN,full_run_train_20260531_141816,,51,1000,335,-0.5918461750650912,-61.077479265143914,-1.1975976326498807,1.0,729.61,1,ok,,DQN\dqn_model
2026-05-31T14:19:00.694631,Learning_DQN,full_run_train_20260531_141816,,52,1000,335,-1.2621681661996103,-62.339647431343515,-1.198839373679683,1.0,730.15,1,ok,,DQN\dqn_model
2026-05-31T14:19:01.609353,Learning_DQN,full_run_train_20260531_141816,,53,1000,335,-0.5750746608322448,-62.91472209217577,-1.1870702281542598,1.0,730.65,1,ok,,DQN\dqn_model
2026-05-31T14:19:02.556669,Learning_DQN,full_run_train_20260531_141816,,54,1000,335,-1.2439312459959646,-64.15865333817175,-1.1881232099661434,1.0,731.11,1,ok,,DQN\dqn_model
2026-05-31T14:19:03.524623,Learning_DQN,full_run_train_20260531_141816,,55,1000,335,-1.345831915455856,-65.50448525362751,-1.1909906409750455,1.0,731.67,1,ok,,DQN\dqn_model
2026-05-31T14:19:04.456000,Learning_DQN,full_run_train_20260531_141816,,56,1000,335,-1.3457337341606894,-66.85021898778824,-1.1937539104962185,1.0,732.05,1,ok,,DQN\dqn_model
2026-05-31T14:19:05.376378,Learning_DQN,full_run_train_20260531_141816,,57,1000,335,-1.3821738469470786,-68.23239283473536,-1.1970595234164099,1.0,732.61,1,ok,,DQN\dqn_model
2026-05-31T14:19:06.256524,Learning_DQN,full_run_train_20260531_141816,,58,1000,335,-0.7816354701154224,-69.01402830485078,-1.1898970397388067,1.0,733.32,1,ok,,DQN\dqn_model
2026-05-31T14:19:07.156806,Learning_DQN,full_run_train_20260531_141816,,59,1000,335,-1.1433922815427127,-70.15742058639353,-1.1891088234981955,1.0,733.84,1,ok,,DQN\dqn_model
2026-05-31T14:19:08.076764,Learning_DQN,full_run_train_20260531_141816,,60,1000,335,-1.3368004981601256,-71.49422108455357,-1.1915703514092262,1.0,734.34,1,ok,,DQN\dqn_model
2026-05-31T14:19:08.986575,Learning_DQN,full_run_train_20260531_141816,,61,1000,335,-0.6706197446178556,-72.16484082917137,-1.1830301775273995,1.0,734.82,1,ok,,DQN\dqn_model
2026-05-31T14:19:09.879218,Learning_DQN,full_run_train_20260531_141816,,62,1000,335,-1.5398627981556772,-73.704703627327,-1.1887855423762421,1.0,735.39,1,ok,,DQN\dqn_model
2026-05-31T14:19:10.792357,Learning_DQN,full_run_train_20260531_141816,,63,1000,335,-1.3238492179943246,-75.02855284532136,-1.1909294102431962,1.0,735.78,1,ok,,DQN\dqn_model
2026-05-31T14:19:11.709932,Learning_DQN,full_run_train_20260531_141816,,64,1000,335,-0.9281733625987785,-75.95672620792013,-1.186823846998752,1.0,736.27,1,ok,,DQN\dqn_model
2026-05-31T14:19:12.606588,Learning_DQN,full_run_train_20260531_141816,,65,1000,335,-1.135065865314055,-77.09179207323415,-1.1860275703574483,1.0,737.12,1,ok,,DQN\dqn_model
2026-05-31T14:19:13.529064,Learning_DQN,full_run_train_20260531_141816,,66,1000,335,-0.8076198913366901,-77.89941196457077,-1.1802941206753148,1.0,737.54,1,ok,,DQN\dqn_model
2026-05-31T14:19:14.460125,Learning_DQN,full_run_train_20260531_141816,,67,1000,335,-2.02584845904161,-79.9252604236123,-1.1929143346807807,1.0,738.11,1,ok,,DQN\dqn_model
2026-05-31T14:19:15.382123,Learning_DQN,full_run_train_20260531_141816,,68,1000,335,-1.8230682091945047,-81.74832863280689,-1.2021813034236306,1.0,738.67,1,ok,,DQN\dqn_model
2026-05-31T14:19:16.371623,Learning_DQN,full_run_train_20260531_141816,,69,1000,335,-0.3817497577207983,-82.13007839052771,-1.1902909911670683,1.0,739.26,1,ok,,DQN\dqn_model
2026-05-31T14:19:17.277941,Learning_DQN,full_run_train_20260531_141816,,70,1000,335,-0.9988113519433314,-83.128889742471,-1.1875555677495857,1.0,739.71,1,ok,,DQN\dqn_model
2026-05-31T14:19:18.184983,Learning_DQN,full_run_train_20260531_141816,,71,1000,335,-1.7358664630851495,-84.86475620555618,-1.1952782564162843,1.0,740.21,1,ok,,DQN\dqn_model
2026-05-31T14:19:19.081263,Learning_DQN,full_run_train_20260531_141816,,72,1000,335,-0.6875759053852755,-85.5523321109416,-1.188226834874189,1.0,740.65,1,ok,,DQN\dqn_model
2026-05-31T14:19:20.041630,Learning_DQN,full_run_train_20260531_141816,,73,1000,335,-1.0886712615331873,-86.64100337247477,-1.1868630598969148,1.0,741.28,1,ok,,DQN\dqn_model
2026-05-31T14:19:20.966619,Learning_DQN,full_run_train_20260531_141816,,74,1000,335,-1.445615401140938,-88.0866187736157,-1.190359713156969,1.0,741.79,1,ok,,DQN\dqn_model
2026-05-31T14:19:21.899791,Learning_DQN,full_run_train_20260531_141816,,75,1000,335,-2.4943166642285624,-90.58093543784436,-1.207745805837925,1.0,742.28,1,ok,,DQN\dqn_model
2026-05-31T14:19:22.917121,Learning_DQN,full_run_train_20260531_141816,,76,1000,335,-0.5887082449245953,-91.16964368276899,-1.1996005747732763,1.0,742.77,1,ok,,DQN\dqn_model
2026-05-31T14:19:23.866305,Learning_DQN,full_run_train_20260531_141816,,77,1000,335,-0.6102870970391457,-91.77993077980815,-1.1919471529845216,1.0,743.31,1,ok,,DQN\dqn_model
2026-05-31T14:19:24.844579,Learning_DQN,full_run_train_20260531_141816,,78,1000,335,-1.3221593611239812,-93.10209014093212,-1.1936165402683605,1.0,743.75,1,ok,,DQN\dqn_model
2026-05-31T14:19:25.821000,Learning_DQN,full_run_train_20260531_141816,,79,1000,335,-2.8701241805584368,-95.97221432149058,-1.2148381559682353,1.0,744.32,1,ok,,DQN\dqn_model
2026-05-31T14:19:26.770419,Learning_DQN,full_run_train_20260531_141816,,80,1000,335,-1.269448498744946,-97.2416628202355,-1.2155207852529437,1.0,744.76,1,ok,,DQN\dqn_model
2026-05-31T14:19:27.743971,Learning_DQN,full_run_train_20260531_141816,,81,1000,335,-0.938839544472374,-98.18050236470793,-1.21210496746553,1.0,745.26,1,ok,,DQN\dqn_model
2026-05-31T14:19:28.676222,Learning_DQN,full_run_train_20260531_141816,,82,1000,335,-1.2889120358554362,-99.46941440056332,-1.21304163903126,1.0,745.8,1,ok,,DQN\dqn_model
2026-05-31T14:19:29.616323,Learning_DQN,full_run_train_20260531_141816,,83,1000,335,-1.3082666065451265,-100.77768100710843,-1.214188927796487,1.0,746.29,1,ok,,DQN\dqn_model
2026-05-31T14:19:30.535138,Learning_DQN,full_run_train_20260531_141816,,84,1000,335,-0.7533975327154411,-101.53107853982385,-1.208703315950284,1.0,746.79,1,ok,,DQN\dqn_model
2026-05-31T14:19:31.451083,Learning_DQN,full_run_train_20260531_141816,,85,1000,335,-0.957442316224902,-102.48852085604878,-1.2057473041888092,1.0,747.22,1,ok,,DQN\dqn_model
2026-05-31T14:19:32.386753,Learning_DQN,full_run_train_20260531_141816,,86,1000,335,-1.3748308413897194,-103.86335169743853,-1.2077133918306806,1.0,747.73,1,ok,,DQN\dqn_model
2026-05-31T14:19:33.370457,Learning_DQN,full_run_train_20260531_141816,,87,1000,335,-0.8238589455558804,-104.68721064299437,-1.203301271758556,1.0,748.25,1,ok,,DQN\dqn_model
2026-05-31T14:19:34.337924,Learning_DQN,full_run_train_20260531_141816,,88,1000,335,-1.8347870454763198,-106.52199768847072,-1.2104772464598945,1.0,748.75,1,ok,,DQN\dqn_model
2026-05-31T14:19:35.284491,Learning_DQN,full_run_train_20260531_141816,,89,1000,335,-1.314575051133793,-107.83657273960449,-1.2116468847146573,1.0,749.25,1,ok,,DQN\dqn_model
2026-05-31T14:19:36.206259,Learning_DQN,full_run_train_20260531_141816,,90,1000,335,-1.057239213312603,-108.89381195291703,-1.2099312439213004,1.0,749.63,1,ok,,DQN\dqn_model
2026-05-31T14:19:37.142381,Learning_DQN,full_run_train_20260531_141816,,91,1000,335,-1.722812152213655,-110.61662410513063,-1.2155672978585783,1.0,750.19,1,ok,,DQN\dqn_model
2026-05-31T14:19:38.202500,Learning_DQN,full_run_train_20260531_141816,,92,1000,335,-1.4038044292992706,-112.02042853442984,-1.217613353635107,1.0,750.62,1,ok,,DQN\dqn_model
2026-05-31T14:19:39.267510,Learning_DQN,full_run_train_20260531_141816,,93,1000,335,-0.9807877175369236,-113.00121625196685,-1.2150668414189985,1.0,751.11,1,ok,,DQN\dqn_model
2026-05-31T14:19:40.358519,Learning_DQN,full_run_train_20260531_141816,,94,1000,335,-0.9922270658330417,-113.9934433177999,-1.2126962055085095,1.0,751.61,1,ok,,DQN\dqn_model
2026-05-31T14:19:41.440467,Learning_DQN,full_run_train_20260531_141816,,95,1000,335,-2.0692725901586733,-116.06271590795859,-1.2217127990311432,1.0,752.13,1,ok,,DQN\dqn_model
2026-05-31T14:19:42.595479,Learning_DQN,full_run_train_20260531_141816,,96,1000,335,-1.4934267404180765,-117.55614264837668,-1.224543152587257,1.0,752.63,1,ok,,DQN\dqn_model
2026-05-31T14:19:43.932983,Learning_DQN,full_run_train_20260531_141816,,97,1000,335,-1.457762288494189,-119.01390493687089,-1.2269474735759884,1.0,753.07,1,ok,,DQN\dqn_model
2026-05-31T14:19:45.376244,Learning_DQN,full_run_train_20260531_141816,,98,1000,335,-0.9098607460880085,-119.92376568295897,-1.223711894724071,1.0,753.63,1,ok,,DQN\dqn_model
2026-05-31T14:19:46.851345,Learning_DQN,full_run_train_20260531_141816,,99,1000,335,-0.9819420037331775,-120.90570768669217,-1.2212697746130523,1.0,754.01,1,ok,,DQN\dqn_model
2026-05-31T14:19:48.033268,Learning_DQN,full_run_train_20260531_141816,,100,1000,335,-0.5256347397466146,-121.43134242643876,-1.2143134242643876,1.0,754.5,1,ok,,DQN\dqn_model
2026-05-31T14:19:49.051419,Learning_DQN,full_run_train_20260531_141816,,101,1000,335,-1.4391584639881014,-122.87050089042695,-1.2165396127765045,1.0,754.99,1,ok,,DQN\dqn_model
2026-05-31T14:19:50.031233,Learning_DQN,full_run_train_20260531_141816,,102,1000,335,-1.2116977303230174,-124.08219862075005,-1.2164921433406868,1.0,755.42,1,ok,,DQN\dqn_model
2026-05-31T14:19:51.226025,Learning_DQN,full_run_train_20260531_141816,,103,1000,335,-0.9393228609816663,-125.02152148173165,-1.213801179434288,1.0,756.01,1,ok,,DQN\dqn_model
2026-05-31T14:19:52.599986,Learning_DQN,full_run_train_20260531_141816,,104,1000,335,-1.5020391600618244,-126.52356064179352,-1.216572698478784,1.0,756.81,1,ok,,DQN\dqn_model
2026-05-31T14:19:53.916078,Learning_DQN,full_run_train_20260531_141816,,105,1000,335,-2.2283280870556883,-128.75188872884905,-1.2262084640842768,1.0,757.28,1,ok,,DQN\dqn_model
2026-05-31T14:19:55.175622,Learning_DQN,full_run_train_20260531_141816,,106,1000,335,-1.131989807165083,-129.88387853601424,-1.225319608830323,1.0,757.82,1,ok,,DQN\dqn_model
2026-05-31T14:19:56.409120,Learning_DQN,full_run_train_20260531_141816,,107,1000,335,-1.5106082638556548,-131.39448679986984,-1.2279858579427088,1.0,758.26,1,ok,,DQN\dqn_model
2026-05-31T14:19:57.483786,Learning_DQN,full_run_train_20260531_141816,,108,1000,335,-1.4002983347716056,-132.79478513464142,-1.2295813438392724,1.0,758.77,1,ok,,DQN\dqn_model
2026-05-31T14:19:58.568588,Learning_DQN,full_run_train_20260531_141816,,109,1000,335,-1.474266322899243,-134.26905145754074,-1.2318261601609242,1.0,759.2,1,ok,,DQN\dqn_model
2026-05-31T14:19:59.639353,Learning_DQN,full_run_train_20260531_141816,,110,1000,335,-1.3480334130532097,-135.61708487059403,-1.232882589732673,1.0,759.76,1,ok,,DQN\dqn_model
2026-05-31T14:20:00.720756,Learning_DQN,full_run_train_20260531_141816,,111,1000,335,-0.7324245131778913,-136.34950938377193,-1.2283739584123596,1.0,760.2,1,ok,,DQN\dqn_model
2026-05-31T14:20:01.790157,Learning_DQN,full_run_train_20260531_141816,,112,1000,335,-1.7914474616216356,-138.14095684539356,-1.2334014004052996,1.0,760.7,1,ok,,DQN\dqn_model
2026-05-31T14:20:02.887135,Learning_DQN,full_run_train_20260531_141816,,113,1000,335,-0.8995605404936403,-139.04051738588709,-1.2304470565122752,1.0,761.23,1,ok,,DQN\dqn_model
2026-05-31T14:20:03.936722,Learning_DQN,full_run_train_20260531_141816,,114,1000,335,-1.496269878977078,-140.53678726486405,-1.2327788356567022,1.0,761.68,1,ok,,DQN\dqn_model
2026-05-31T14:20:05.006865,Learning_DQN,full_run_train_20260531_141816,,115,1000,335,-2.1136624389124643,-142.65044970377645,-1.240438693076317,1.0,762.24,1,ok,,DQN\dqn_model
2026-05-31T14:20:06.039849,Learning_DQN,full_run_train_20260531_141816,,116,1000,335,-1.3010835085172756,-143.95153321229378,-1.240961493209429,1.0,762.68,1,ok,,DQN\dqn_model
2026-05-31T14:20:07.095585,Learning_DQN,full_run_train_20260531_141816,,117,1000,335,-2.5110296655607565,-146.46256287785457,-1.2518167767337998,1.0,763.54,1,ok,,DQN\dqn_model
2026-05-31T14:20:08.154290,Learning_DQN,full_run_train_20260531_141816,,118,1000,335,-0.7694469301650618,-147.2320098080193,-1.2477288966781297,1.0,764.03,1,ok,,DQN\dqn_model
2026-05-31T14:20:09.241553,Learning_DQN,full_run_train_20260531_141816,,119,1000,335,-1.549941841728755,-148.78195164974787,-1.2502685012583854,1.0,764.46,1,ok,,DQN\dqn_model
2026-05-31T14:20:10.530066,Learning_DQN,full_run_train_20260531_141816,,120,1000,335,-0.1761940340556008,-148.95814568380356,-1.2413178806983631,1.0,765.03,1,ok,,DQN\dqn_model
2026-05-31T14:20:12.184705,Learning_DQN,full_run_train_20260531_141816,,121,1000,335,-1.6883864602348473,-150.6465321440383,-1.245012662347424,1.0,765.46,1,ok,,DQN\dqn_model
2026-05-31T14:20:13.820330,Learning_DQN,full_run_train_20260531_141816,,122,1000,335,-0.9423720527687366,-151.5889041968069,-1.2425320016131713,1.0,766.05,1,ok,,DQN\dqn_model
2026-05-31T14:20:15.359977,Learning_DQN,full_run_train_20260531_141816,,123,1000,335,-1.1820745373760093,-152.77097873418296,-1.2420404775136826,1.0,766.5,1,ok,,DQN\dqn_model
2026-05-31T14:20:16.593553,Learning_DQN,full_run_train_20260531_141816,,124,1000,335,-1.221220029961519,-153.9921987641445,-1.2418725706785847,1.0,767.0,1,ok,,DQN\dqn_model
2026-05-31T14:20:17.674430,Learning_DQN,full_run_train_20260531_141816,,125,1000,335,-0.41632704308886964,-154.40852580723345,-1.2352682064578675,1.0,767.44,1,ok,,DQN\dqn_model
2026-05-31T14:20:18.802669,Learning_DQN,full_run_train_20260531_141816,,126,1000,335,-0.367019002074998,-154.77554480930831,-1.2283773397564153,1.0,767.88,1,ok,,DQN\dqn_model
2026-05-31T14:20:19.995408,Learning_DQN,full_run_train_20260531_141816,,127,1000,335,-0.8849757657865358,-155.6605205750949,-1.2256733903550778,1.0,768.43,1,ok,,DQN\dqn_model
2026-05-31T14:20:21.285874,Learning_DQN,full_run_train_20260531_141816,,128,1000,335,-0.9963850844649064,-156.65690565955967,-1.22388207546531,1.0,768.86,1,ok,,DQN\dqn_model
2026-05-31T14:20:22.465624,Learning_DQN,full_run_train_20260531_141816,,129,1000,335,-1.4400403688797394,-158.0969460284395,-1.2255577211506938,1.0,769.36,1,ok,,DQN\dqn_model
2026-05-31T14:20:23.543487,Learning_DQN,full_run_train_20260531_141816,,130,1000,335,-1.0581123246068393,-159.15505835304614,-1.2242696796388164,1.0,769.89,1,ok,,DQN\dqn_model
2026-05-31T14:20:24.759730,Learning_DQN,full_run_train_20260531_141816,,131,1000,335,-1.0260371942089446,-160.18109554725504,-1.2227564545591987,1.0,770.36,1,ok,,DQN\dqn_model
2026-05-31T14:20:25.965305,Learning_DQN,full_run_train_20260531_141816,,132,1000,335,-1.3345839111830158,-161.51567945843811,-1.2236036322608947,1.0,770.93,1,ok,,DQN\dqn_model
2026-05-31T14:20:27.220943,Learning_DQN,full_run_train_20260531_141816,,133,1000,335,-0.05747323817272715,-161.57315269661083,-1.2148357345609837,1.0,771.36,1,ok,,DQN\dqn_model
2026-05-31T14:20:28.394562,Learning_DQN,full_run_train_20260531_141816,,134,1000,335,-0.37319523181868036,-161.94634792842962,-1.208554835286788,1.0,771.87,1,ok,,DQN\dqn_model
2026-05-31T14:20:29.852175,Learning_DQN,full_run_train_20260531_141816,,135,1000,335,-0.8799589389286386,-162.82630686735834,-1.2061207916100618,1.0,772.31,1,ok,,DQN\dqn_model
2026-05-31T14:20:31.228644,Learning_DQN,full_run_train_20260531_141816,,136,1000,335,-0.7154740020169705,-163.54178086937523,-1.2025130946277591,1.0,772.8,1,ok,,DQN\dqn_model
2026-05-31T14:20:32.378949,Learning_DQN,full_run_train_20260531_141816,,137,1000,335,-0.6081898641774215,-164.1499707335528,-1.1981749688580496,1.0,773.3,1,ok,,DQN\dqn_model
2026-05-31T14:20:33.550202,Learning_DQN,full_run_train_20260531_141816,,138,1000,335,-1.8009674461928922,-165.9509381797454,-1.2025430302880102,1.0,773.73,1,ok,,DQN\dqn_model
2026-05-31T14:20:34.736075,Learning_DQN,full_run_train_20260531_141816,,139,1000,335,-1.55136995948217,-167.50230813922752,-1.2050525765412052,1.0,774.32,1,ok,,DQN\dqn_model
2026-05-31T14:20:35.911168,Learning_DQN,full_run_train_20260531_141816,,140,1000,335,-1.5141331584001925,-169.01644129762772,-1.207260294983055,1.0,774.76,1,ok,,DQN\dqn_model
2026-05-31T14:20:37.321762,Learning_DQN,full_run_train_20260531_141816,,141,1000,335,-0.775997197554068,-169.7924384951817,-1.2042016914551894,1.0,775.27,1,ok,,DQN\dqn_model
2026-05-31T14:20:38.484745,Learning_DQN,full_run_train_20260531_141816,,142,1000,335,-1.089153337226919,-170.88159183240853,-1.2033914917775248,1.0,775.77,1,ok,,DQN\dqn_model
2026-05-31T14:20:39.775487,Learning_DQN,full_run_train_20260531_141816,,143,1000,335,-0.37924905004400183,-171.26084088245256,-1.1976282579192485,1.0,776.21,1,ok,,DQN\dqn_model
2026-05-31T14:20:40.957291,Learning_DQN,full_run_train_20260531_141816,,144,1000,335,-0.9128652587308607,-172.17370614118357,-1.1956507370915526,1.0,776.71,1,ok,,DQN\dqn_model
2026-05-31T14:20:42.067845,Learning_DQN,full_run_train_20260531_141816,,145,1000,335,-0.7514075548312229,-172.92511369601516,-1.192586991007001,1.0,777.13,1,ok,,DQN\dqn_model
2026-05-31T14:20:43.203197,Learning_DQN,full_run_train_20260531_141816,,146,1000,335,-2.457521602553327,-175.38263529856837,-1.201250926702523,1.0,777.63,1,ok,,DQN\dqn_model
2026-05-31T14:20:44.314087,Learning_DQN,full_run_train_20260531_141816,,147,1000,335,-0.16543076016934405,-175.54806605873782,-1.194204531011822,1.0,778.12,1,ok,,DQN\dqn_model
2026-05-31T14:20:45.428918,Learning_DQN,full_run_train_20260531_141816,,148,1000,335,-0.8213162382767949,-176.36938229701437,-1.1916850155203673,1.0,778.94,1,ok,,DQN\dqn_model
2026-05-31T14:20:46.541096,Learning_DQN,full_run_train_20260531_141816,,149,1000,335,-1.2351636360066534,-177.60454593302097,-1.1919768183424226,1.0,779.45,1,ok,,DQN\dqn_model
2026-05-31T14:20:47.672432,Learning_DQN,full_run_train_20260531_141816,,150,1000,335,-0.9657861122874393,-178.57033204530836,-1.1904688803020558,1.0,779.94,1,ok,,DQN\dqn_model
2026-05-31T14:20:48.833765,Learning_DQN,full_run_train_20260531_141816,,151,1000,335,-0.8792049302947209,-179.44953697560305,-1.1884075296397554,1.0,780.5,1,ok,,DQN\dqn_model
2026-05-31T14:20:49.935115,Learning_DQN,full_run_train_20260531_141816,,152,1000,335,-1.6667023688527358,-181.11623934445575,-1.1915542062135247,1.0,780.88,1,ok,,DQN\dqn_model
2026-05-31T14:20:51.052685,Learning_DQN,full_run_train_20260531_141816,,153,1000,335,-1.4210922888193875,-182.53733163327527,-1.1930544551194462,1.0,781.38,1,ok,,DQN\dqn_model
2026-05-31T14:20:52.199067,Learning_DQN,full_run_train_20260531_141816,,154,1000,335,-1.5819353617400074,-184.11926699501544,-1.1955796558117886,1.0,781.87,1,ok,,DQN\dqn_model
2026-05-31T14:20:53.322424,Learning_DQN,full_run_train_20260531_141816,,155,1000,335,-1.5091121991634473,-185.62837919417885,-1.197602446414057,1.0,782.3,1,ok,,DQN\dqn_model
2026-05-31T14:20:54.582713,Learning_DQN,full_run_train_20260531_141816,,156,1000,335,-0.9754520202672323,-186.6038312144461,-1.1961784052208084,1.0,782.89,1,ok,,DQN\dqn_model
2026-05-31T14:20:55.832978,Learning_DQN,full_run_train_20260531_141816,,157,1000,335,-1.063195521637597,-187.66702673608364,-1.195331380484609,1.0,783.33,1,ok,,DQN\dqn_model
2026-05-31T14:20:57.118309,Learning_DQN,full_run_train_20260531_141816,,158,1000,335,-1.168841080560605,-188.83586781664428,-1.1951637203585082,1.0,783.84,1,ok,,DQN\dqn_model
2026-05-31T14:20:58.246731,Learning_DQN,full_run_train_20260531_141816,,159,1000,335,-0.8940089184874328,-189.72987673513208,-1.1932696650008308,1.0,784.34,1,ok,,DQN\dqn_model
2026-05-31T14:20:59.439340,Learning_DQN,full_run_train_20260531_141816,,160,1000,335,-0.8983960845038846,-190.6282728196359,-1.1914267051227243,1.0,784.71,1,ok,,DQN\dqn_model
2026-05-31T14:21:00.639968,Learning_DQN,full_run_train_20260531_141816,,161,1000,335,-0.6734443235309095,-191.30171714316663,-1.1882094232494822,1.0,785.25,1,ok,,DQN\dqn_model
2026-05-31T14:21:01.919108,Learning_DQN,full_run_train_20260531_141816,,162,1000,335,-1.4433192284169738,-192.7450363715832,-1.1897841751332296,1.0,785.71,1,ok,,DQN\dqn_model
2026-05-31T14:21:03.134306,Learning_DQN,full_run_train_20260531_141816,,163,1000,335,-1.1335671325815584,-193.87860350416494,-1.1894392853016253,1.0,786.26,1,ok,,DQN\dqn_model
2026-05-31T14:21:04.292522,Learning_DQN,full_run_train_20260531_141816,,164,1000,335,-1.360519413769037,-195.2391229179339,-1.19048245681667,1.0,786.7,1,ok,,DQN\dqn_model
2026-05-31T14:21:05.461374,Learning_DQN,full_run_train_20260531_141816,,165,1000,335,-0.8515203024617353,-196.09064322039518,-1.1884281407296677,1.0,787.23,1,ok,,DQN\dqn_model
2026-05-31T14:21:06.612612,Learning_DQN,full_run_train_20260531_141816,,166,1000,335,-0.6358217121253448,-196.72646493252046,-1.1850991863404847,1.0,788.75,1,ok,,DQN\dqn_model
2026-05-31T14:21:07.829543,Learning_DQN,full_run_train_20260531_141816,,167,1000,335,-1.2291535803783065,-197.95561851289867,-1.1853629851071776,1.0,789.19,1,ok,,DQN\dqn_model
2026-05-31T14:21:08.973672,Learning_DQN,full_run_train_20260531_141816,,168,1000,335,-0.7420229427947501,-198.69764145569326,-1.1827240562838885,1.0,789.76,1,ok,,DQN\dqn_model
2026-05-31T14:21:10.112678,Learning_DQN,full_run_train_20260531_141816,,169,1000,335,-1.5538935564497605,-200.251535012143,-1.184920325515639,1.0,790.14,1,ok,,DQN\dqn_model
2026-05-31T14:21:11.265876,Learning_DQN,full_run_train_20260531_141816,,170,1000,335,-2.472118392872655,-202.7236534050153,-1.1924920788530313,1.0,790.63,1,ok,,DQN\dqn_model
2026-05-31T14:21:12.406549,Learning_DQN,full_run_train_20260531_141816,,171,1000,335,-1.2788069860047089,-204.0024603910201,-1.1929968443919303,1.0,791.13,1,ok,,DQN\dqn_model
2026-05-31T14:21:13.536959,Learning_DQN,full_run_train_20260531_141816,,172,1000,335,-1.3453903912086558,-205.34785078222876,-1.193882853385051,1.0,791.57,1,ok,,DQN\dqn_model
2026-05-31T14:21:14.696595,Learning_DQN,full_run_train_20260531_141816,,173,1000,335,-0.9573958274589685,-206.30524660968763,-1.192515876356576,1.0,792.16,1,ok,,DQN\dqn_model
2026-05-31T14:21:15.829859,Learning_DQN,full_run_train_20260531_141816,,174,1000,335,-0.9056265661936699,-207.21087317588132,-1.1908670872177087,1.0,792.61,1,ok,,DQN\dqn_model
2026-05-31T14:21:16.945522,Learning_DQN,full_run_train_20260531_141816,,175,1000,335,-0.8236490885032313,-208.03452226438466,-1.1887686986536266,1.0,793.11,1,ok,,DQN\dqn_model
2026-05-31T14:21:18.113475,Learning_DQN,full_run_train_20260531_141816,,176,1000,335,-1.7391879779443356,-209.77371024232914,-1.1918960809223247,1.0,793.55,1,ok,,DQN\dqn_model
2026-05-31T14:21:19.261352,Learning_DQN,full_run_train_20260531_141816,,177,1000,335,-1.9904457010622143,-211.76415594339113,-1.196407660697125,1.0,794.06,1,ok,,DQN\dqn_model
2026-05-31T14:21:20.384287,Learning_DQN,full_run_train_20260531_141816,,178,1000,335,-0.8429390023196977,-212.60709494571088,-1.194421881717477,1.0,794.55,1,ok,,DQN\dqn_model
2026-05-31T14:21:21.606413,Learning_DQN,full_run_train_20260531_141816,,179,1000,335,-1.324645586623112,-213.9317405323338,-1.1951493884487923,1.0,794.98,1,ok,,DQN\dqn_model
2026-05-31T14:21:22.810669,Learning_DQN,full_run_train_20260531_141816,,180,1000,335,-1.3185719669094278,-215.25031249924305,-1.195835069440239,1.0,795.55,1,ok,,DQN\dqn_model
2026-05-31T14:21:24.040686,Learning_DQN,full_run_train_20260531_141816,,181,1000,335,-0.3958636146852401,-215.64617611392836,-1.191415337646013,1.0,795.98,1,ok,,DQN\dqn_model
2026-05-31T14:21:25.228797,Learning_DQN,full_run_train_20260531_141816,,182,1000,335,-2.1237900068320106,-217.7699661207604,-1.1965382753887934,1.0,796.52,1,ok,,DQN\dqn_model
2026-05-31T14:21:26.375797,Learning_DQN,full_run_train_20260531_141816,,183,1000,335,-1.7255190503112363,-219.49548517107155,-1.1994288807162379,1.0,797.03,1,ok,,DQN\dqn_model
2026-05-31T14:21:27.606381,Learning_DQN,full_run_train_20260531_141816,,184,1000,335,-1.780965342032987,-221.27645051310463,-1.2025894049625252,1.0,797.47,1,ok,,DQN\dqn_model
2026-05-31T14:21:28.816446,Learning_DQN,full_run_train_20260531_141816,,185,1000,335,-0.7775014308291459,-222.05395194393387,-1.2002916321293722,1.0,797.97,1,ok,,DQN\dqn_model
2026-05-31T14:21:29.993363,Learning_DQN,full_run_train_20260531_141816,,186,1000,335,-0.6961527072010637,-222.75010465113473,-1.1975812078017996,1.0,798.4,1,ok,,DQN\dqn_model
2026-05-31T14:21:31.187481,Learning_DQN,full_run_train_20260531_141816,,187,1000,335,-0.44923535231856915,-223.1993400034533,-1.193579358307237,1.0,799.27,1,ok,,DQN\dqn_model
2026-05-31T14:21:32.362800,Learning_DQN,full_run_train_20260531_141816,,188,1000,335,-1.5853094375221983,-224.78464944097567,-1.19566302894136,1.0,799.78,1,ok,,DQN\dqn_model
2026-05-31T14:21:33.702386,Learning_DQN,full_run_train_20260531_141816,,189,1000,335,-0.2792883043633521,-225.06393774533893,-1.1908144854250737,1.0,800.24,1,ok,,DQN\dqn_model
2026-05-31T14:21:34.866550,Learning_DQN,full_run_train_20260531_141816,,190,1000,335,-0.5873045567419132,-225.65124230208076,-1.1876381173793724,1.0,800.8,1,ok,,DQN\dqn_model
2026-05-31T14:21:36.057147,Learning_DQN,full_run_train_20260531_141816,,191,1000,335,-1.6143416378137283,-227.2655839398945,-1.1898721672245784,1.0,801.25,1,ok,,DQN\dqn_model
2026-05-31T14:21:37.255139,Learning_DQN,full_run_train_20260531_141816,,192,1000,335,-1.18057038151238,-228.44615432140702,-1.189823720423995,1.0,801.82,1,ok,,DQN\dqn_model
2026-05-31T14:21:38.442066,Learning_DQN,full_run_train_20260531_141816,,193,1000,335,-1.2348640071212778,-229.6810183285282,-1.1900570897851204,1.0,802.25,1,ok,,DQN\dqn_model
2026-05-31T14:21:39.580292,Learning_DQN,full_run_train_20260531_141816,,194,1000,335,-1.5864791315627806,-231.26749746009085,-1.1921005023716023,1.0,802.7,1,ok,,DQN\dqn_model
2026-05-31T14:21:40.716649,Learning_DQN,full_run_train_20260531_141816,,195,1000,335,-1.1355068445383225,-232.40300430462892,-1.1918102784852764,1.0,803.19,1,ok,,DQN\dqn_model
2026-05-31T14:21:41.890254,Learning_DQN,full_run_train_20260531_141816,,196,1000,335,-1.580829110640144,-233.98383341526917,-1.193795068445251,1.0,803.61,1,ok,,DQN\dqn_model
2026-05-31T14:21:43.113893,Learning_DQN,full_run_train_20260531_141816,,197,1000,335,-0.7913549841793371,-234.77518839944858,-1.1917522253779116,1.0,804.18,1,ok,,DQN\dqn_model
2026-05-31T14:21:44.269464,Learning_DQN,full_run_train_20260531_141816,,198,1000,335,-1.7222159746257377,-236.49740437407445,-1.1944313352225981,1.0,804.65,1,ok,,DQN\dqn_model
2026-05-31T14:21:45.505619,Learning_DQN,full_run_train_20260531_141816,,199,1000,335,-1.188081821308733,-237.68548619538294,-1.194399428117502,1.0,805.11,1,ok,,DQN\dqn_model
2026-05-31T14:21:46.712509,Learning_DQN,full_run_train_20260531_141816,,200,1000,335,-1.21972651225639,-238.90521270763924,-1.1945260635381962,1.0,805.66,1,ok,,DQN\dqn_model
2026-05-31T14:21:47.914497,Learning_DQN,full_run_train_20260531_141816,,201,1000,335,-0.8410549555907352,-239.74626766323001,-1.1927675008120897,1.0,806.1,1,ok,,DQN\dqn_model
2026-05-31T14:21:49.156131,Learning_DQN,full_run_train_20260531_141816,,202,1000,335,-3.258001613213646,-243.0042692764436,-1.202991432061602,1.0,806.6,1,ok,,DQN\dqn_model
2026-05-31T14:21:50.433655,Learning_DQN,full_run_train_20260531_141816,,203,1000,335,-1.1465328178786245,-244.1508020943221,-1.2027133108094685,1.0,807.04,1,ok,,DQN\dqn_model
2026-05-31T14:21:51.623064,Learning_DQN,full_run_train_20260531_141816,,204,1000,335,-0.6858051052521329,-244.83660719957436,-1.200179447056737,1.0,807.59,1,ok,,DQN\dqn_model
2026-05-31T14:21:52.888334,Learning_DQN,full_run_train_20260531_141816,,205,1000,335,-0.9920532702980769,-245.82866046987232,-1.1991641974140113,1.0,808.03,1,ok,,DQN\dqn_model
2026-05-31T14:21:54.093214,Learning_DQN,full_run_train_20260531_141816,,206,1000,335,-0.45429568123820785,-246.28295615111048,-1.1955483308306334,1.0,808.56,1,ok,,DQN\dqn_model
2026-05-31T14:21:55.302197,Learning_DQN,full_run_train_20260531_141816,,207,1000,335,-0.9494241699540177,-247.23238032106457,-1.1943593252225342,1.0,809.06,1,ok,,DQN\dqn_model
2026-05-31T14:21:56.512734,Learning_DQN,full_run_train_20260531_141816,,208,1000,335,-1.2431206096664158,-248.4755009307312,-1.1945937544746692,1.0,809.45,1,ok,,DQN\dqn_model
2026-05-31T14:21:57.796221,Learning_DQN,full_run_train_20260531_141816,,209,1000,335,-0.3696253023280427,-248.8451262330592,-1.1906465370002832,1.0,810.07,1,ok,,DQN\dqn_model
2026-05-31T14:21:59.004429,Learning_DQN,full_run_train_20260531_141816,,210,1000,335,-1.1730070718844527,-250.0181333049436,-1.1905625395473505,1.0,810.98,1,ok,,DQN\dqn_model
2026-05-31T14:22:00.234402,Learning_DQN,full_run_train_20260531_141816,,211,1000,335,-1.6589594255194198,-251.67709273046313,-1.192782430002195,1.0,811.48,1,ok,,DQN\dqn_model
2026-05-31T14:22:01.437997,Learning_DQN,full_run_train_20260531_141816,,212,1000,335,-0.5941616530110432,-252.27125438347431,-1.18995874709186,1.0,811.97,1,ok,,DQN\dqn_model
2026-05-31T14:22:02.726033,Learning_DQN,full_run_train_20260531_141816,,213,1000,335,-1.6785672959155502,-253.9498216793898,-1.1922526839407972,1.0,812.41,1,ok,,DQN\dqn_model
2026-05-31T14:22:03.986147,Learning_DQN,full_run_train_20260531_141816,,214,1000,335,-1.1350825169742693,-255.084904196364,-1.191985533627869,1.0,813.09,1,ok,,DQN\dqn_model
2026-05-31T14:22:05.177610,Learning_DQN,full_run_train_20260531_141816,,215,1000,335,-0.9000292531596776,-255.98493344952365,-1.190627597439645,1.0,813.56,1,ok,,DQN\dqn_model
2026-05-31T14:22:06.393695,Learning_DQN,full_run_train_20260531_141816,,216,1000,335,-1.4537869732092292,-257.4387204227328,-1.1918459278830222,1.0,814.07,1,ok,,DQN\dqn_model
2026-05-31T14:22:07.646868,Learning_DQN,full_run_train_20260531_141816,,217,1000,335,-0.8531824816737877,-258.29190290440624,-1.1902852668405817,1.0,814.52,1,ok,,DQN\dqn_model
2026-05-31T14:22:08.850346,Learning_DQN,full_run_train_20260531_141816,,218,1000,335,-1.0375283899321688,-259.329431294338,-1.189584547221734,1.0,815.07,1,ok,,DQN\dqn_model
2026-05-31T14:22:10.088715,Learning_DQN,full_run_train_20260531_141816,,219,1000,335,-1.9554130849438418,-261.284844379282,-1.193081481183936,1.0,815.52,1,ok,,DQN\dqn_model
2026-05-31T14:22:11.311327,Learning_DQN,full_run_train_20260531_141816,,220,1000,335,-0.6287458835193861,-261.91359026280185,-1.190516319376372,1.0,815.96,1,ok,,DQN\dqn_model
2026-05-31T14:22:12.532526,Learning_DQN,full_run_train_20260531_141816,,221,1000,335,-0.9199872667874143,-262.8335775295891,-1.1892922060162403,1.0,816.51,1,ok,,DQN\dqn_model
2026-05-31T14:22:13.787967,Learning_DQN,full_run_train_20260531_141816,,222,1000,335,-1.0527656995097674,-263.8863432290985,-1.188677221752696,1.0,816.94,1,ok,,DQN\dqn_model
2026-05-31T14:22:15.051582,Learning_DQN,full_run_train_20260531_141816,,223,1000,335,-0.4372790607268107,-264.32362228982544,-1.1853077232727598,1.0,817.44,1,ok,,DQN\dqn_model
2026-05-31T14:22:16.279902,Learning_DQN,full_run_train_20260531_141816,,224,1000,335,-0.9792454944238783,-265.30286778424966,-1.1843878026082575,1.0,817.93,1,ok,,DQN\dqn_model
2026-05-31T14:22:17.592944,Learning_DQN,full_run_train_20260531_141816,,225,1000,335,-0.5010232126923352,-265.8038909969416,-1.1813506266530738,1.0,818.41,1,ok,,DQN\dqn_model
2026-05-31T14:22:18.869754,Learning_DQN,full_run_train_20260531_141816,,226,1000,335,-0.8204163372076967,-266.62430733414965,-1.1797535722749986,1.0,818.98,1,ok,,DQN\dqn_model
2026-05-31T14:22:20.222079,Learning_DQN,full_run_train_20260531_141816,,227,1000,335,-1.1259893422463993,-267.7502966763961,-1.1795167254466787,1.0,819.36,1,ok,,DQN\dqn_model
2026-05-31T14:22:21.660505,Learning_DQN,full_run_train_20260531_141816,,228,1000,335,-0.7591775579421447,-268.50947423433803,-1.1776731326067458,1.0,819.86,1,ok,,DQN\dqn_model
2026-05-31T14:22:23.026060,Learning_DQN,full_run_train_20260531_141816,,229,1000,335,-1.2154379826550266,-269.7249122169928,-1.177838044615689,1.0,820.35,1,ok,,DQN\dqn_model
2026-05-31T14:22:24.346998,Learning_DQN,full_run_train_20260531_141816,,230,1000,335,-1.1121511729928437,-270.83706338998553,-1.1775524495216763,1.0,820.79,1,ok,,DQN\dqn_model
2026-05-31T14:22:25.672446,Learning_DQN,full_run_train_20260531_141816,,231,1000,335,-1.0160817816510568,-271.85314517163687,-1.1768534423014583,1.0,821.34,1,ok,,DQN\dqn_model
2026-05-31T14:22:26.960702,Learning_DQN,full_run_train_20260531_141816,,232,1000,335,-0.6006397196402493,-272.45378489127773,-1.174369762462404,1.0,821.78,1,ok,,DQN\dqn_model
2026-05-31T14:22:28.224178,Learning_DQN,full_run_train_20260531_141816,,233,1000,335,-2.2996181429837175,-274.7534030342618,-1.1791991546534841,1.0,822.38,1,ok,,DQN\dqn_model
2026-05-31T14:22:29.490637,Learning_DQN,full_run_train_20260531_141816,,234,1000,335,-1.1866816049513227,-275.9400846392132,-1.1792311309368084,1.0,822.82,1,ok,,DQN\dqn_model
2026-05-31T14:22:30.886519,Learning_DQN,full_run_train_20260531_141816,,235,1000,335,-0.18393179541631627,-276.12401643462965,-1.1749958146154453,1.0,823.31,1,ok,,DQN\dqn_model
2026-05-31T14:22:32.253957,Learning_DQN,full_run_train_20260531_141816,,236,1000,335,-0.10226299233580742,-276.22627942696533,-1.170450336554938,1.0,823.78,1,ok,,DQN\dqn_model
2026-05-31T14:22:33.657310,Learning_DQN,full_run_train_20260531_141816,,237,1000,335,-0.8380524958959206,-277.06433192286164,-1.1690478140205132,1.0,824.23,1,ok,,DQN\dqn_model
2026-05-31T14:22:34.957226,Learning_DQN,full_run_train_20260531_141816,,238,1000,335,-1.5339667003414021,-278.59829862320316,-1.170581086652114,1.0,824.79,1,ok,,DQN\dqn_model
2026-05-31T14:22:36.281175,Learning_DQN,full_run_train_20260531_141816,,239,1000,335,-0.8757041520595082,-279.4740027752625,-1.169347291946705,1.0,825.22,1,ok,,DQN\dqn_model
2026-05-31T14:22:37.550358,Learning_DQN,full_run_train_20260531_141816,,240,1000,335,-0.8518018292595811,-280.32580460452164,-1.1680241858521734,1.0,825.71,1,ok,,DQN\dqn_model
2026-05-31T14:22:38.901856,Learning_DQN,full_run_train_20260531_141816,,241,1000,335,-2.0828943586055804,-282.40869896312756,-1.1718203276478323,1.0,826.21,1,ok,,DQN\dqn_model
2026-05-31T14:22:40.212434,Learning_DQN,full_run_train_20260531_141816,,242,1000,335,-1.0901893911631937,-283.49888835429044,-1.171483009728473,1.0,826.64,1,ok,,DQN\dqn_model
2026-05-31T14:22:41.527968,Learning_DQN,full_run_train_20260531_141816,,243,1000,335,-1.203215174772264,-284.7021035290629,-1.1716135947698063,1.0,827.19,1,ok,,DQN\dqn_model
2026-05-31T14:22:42.888173,Learning_DQN,full_run_train_20260531_141816,,244,1000,335,-0.8184381078477112,-285.5205416369112,-1.1701661542496362,1.0,827.62,1,ok,,DQN\dqn_model
2026-05-31T14:22:44.283325,Learning_DQN,full_run_train_20260531_141816,,245,1000,335,-0.7608046958404846,-286.28134633275204,-1.16849529115409,1.0,828.18,1,ok,,DQN\dqn_model
2026-05-31T14:22:45.626922,Learning_DQN,full_run_train_20260531_141816,,246,1000,335,-0.9452644424368912,-287.22661077518916,-1.1675878486796307,1.0,828.61,1,ok,,DQN\dqn_model
2026-05-31T14:22:46.978762,Learning_DQN,full_run_train_20260531_141816,,247,1000,335,-0.7602893016410444,-287.9869000768297,-1.1659388667078125,1.0,829.1,1,ok,,DQN\dqn_model
2026-05-31T14:22:48.359759,Learning_DQN,full_run_train_20260531_141816,,248,1000,335,-1.1238507638043216,-289.1107508406341,-1.1657691566154602,1.0,829.59,1,ok,,DQN\dqn_model
2026-05-31T14:22:49.732445,Learning_DQN,full_run_train_20260531_141816,,249,1000,335,-0.879499186939254,-289.99025002757315,-1.1646194780223822,1.0,830.02,1,ok,,DQN\dqn_model
2026-05-31T14:22:51.093079,Learning_DQN,full_run_train_20260531_141816,,250,1000,335,-1.3262950656721235,-291.31654509324517,-1.1652661803729807,1.0,830.57,1,ok,,DQN\dqn_model
2026-05-31T14:22:52.428047,Learning_DQN,full_run_train_20260531_141816,,251,1000,335,-0.98098914356246,-292.2975342368075,-1.1645320089115836,1.0,831.0,1,ok,,DQN\dqn_model
2026-05-31T14:22:53.842678,Learning_DQN,full_run_train_20260531_141816,,252,1000,335,-1.8466481247405655,-294.1441823615482,-1.1672388188950324,1.0,831.5,1,ok,,DQN\dqn_model
2026-05-31T14:22:55.226145,Learning_DQN,full_run_train_20260531_141816,,253,1000,335,-1.4159458458988698,-295.560128207447,-1.16822185062232,1.0,831.99,1,ok,,DQN\dqn_model
2026-05-31T14:22:56.573791,Learning_DQN,full_run_train_20260531_141816,,254,1000,335,-1.5999520320645304,-297.1600802395117,-1.169921575746109,1.0,832.42,1,ok,,DQN\dqn_model
2026-05-31T14:22:57.881394,Learning_DQN,full_run_train_20260531_141816,,255,1000,335,-1.9043854958689987,-299.0644657353808,-1.172801826413258,1.0,832.98,1,ok,,DQN\dqn_model
2026-05-31T14:22:59.213626,Learning_DQN,full_run_train_20260531_141816,,256,1000,335,-0.7886064053484039,-299.8530721407294,-1.1713010630497243,1.0,833.4,1,ok,,DQN\dqn_model
2026-05-31T14:23:00.550799,Learning_DQN,full_run_train_20260531_141816,,257,1000,335,-1.2693659274588356,-301.12243806818833,-1.17168263839762,1.0,833.89,1,ok,,DQN\dqn_model
2026-05-31T14:23:01.936176,Learning_DQN,full_run_train_20260531_141816,,258,1000,335,-1.156182684606785,-302.27862075279506,-1.1716225610573452,1.0,834.42,1,ok,,DQN\dqn_model
2026-05-31T14:23:03.276083,Learning_DQN,full_run_train_20260531_141816,,259,1000,335,-1.1412280792137535,-303.419848832009,-1.1715052078455945,1.0,834.92,1,ok,,DQN\dqn_model
2026-05-31T14:23:04.606191,Learning_DQN,full_run_train_20260531_141816,,260,1000,335,-0.8900865883913973,-304.3099354204006,-1.1704228285400025,1.0,835.42,1,ok,,DQN\dqn_model
2026-05-31T14:23:05.930803,Learning_DQN,full_run_train_20260531_141816,,261,1000,335,-0.751017632678584,-305.0609530530795,-1.1688159120807644,1.0,835.86,1,ok,,DQN\dqn_model
2026-05-31T14:23:07.267094,Learning_DQN,full_run_train_20260531_141816,,262,1000,335,-0.7705992966680245,-305.831552349748,-1.167296001334916,1.0,836.42,1,ok,,DQN\dqn_model
2026-05-31T14:23:08.656060,Learning_DQN,full_run_train_20260531_141816,,263,1000,335,-1.4797724130653989,-307.31132476281385,-1.1684841245734368,1.0,836.92,1,ok,,DQN\dqn_model
2026-05-31T14:23:09.996452,Learning_DQN,full_run_train_20260531_141816,,264,1000,335,-1.0034012079146744,-308.3147259707288,-1.1678588104951848,1.0,837.35,1,ok,,DQN\dqn_model
2026-05-31T14:23:11.371449,Learning_DQN,full_run_train_20260531_141816,,265,1000,335,-1.140539660879113,-309.4552656316083,-1.1677557193645596,1.0,837.9,1,ok,,DQN\dqn_model
2026-05-31T14:23:12.733628,Learning_DQN,full_run_train_20260531_141816,,266,1000,335,-1.654934214037584,-311.110199845646,-1.1695872174648345,1.0,838.83,1,ok,,DQN\dqn_model
2026-05-31T14:23:14.052356,Learning_DQN,full_run_train_20260531_141816,,267,1000,335,-1.445602903575666,-312.5558027492216,-1.1706209840794817,1.0,839.43,1,ok,,DQN\dqn_model
2026-05-31T14:23:15.406362,Learning_DQN,full_run_train_20260531_141816,,268,1000,335,-0.7742046069908828,-313.33000735621266,-1.1691418184933309,1.0,839.86,1,ok,,DQN\dqn_model
2026-05-31T14:23:16.787372,Learning_DQN,full_run_train_20260531_141816,,269,1000,335,-0.7635544586334707,-314.0935618148465,-1.167634058791251,1.0,840.37,1,ok,,DQN\dqn_model
2026-05-31T14:23:18.149448,Learning_DQN,full_run_train_20260531_141816,,270,1000,335,-1.4438195641169673,-315.53738137896386,-1.1686569680702366,1.0,840.87,1,ok,,DQN\dqn_model
2026-05-31T14:23:19.566069,Learning_DQN,full_run_train_20260531_141816,,271,1000,335,-0.5284582628324203,-316.06583964179595,-1.1662946112243393,1.0,841.23,1,ok,,DQN\dqn_model
2026-05-31T14:23:20.943047,Learning_DQN,full_run_train_20260531_141816,,272,1000,335,-0.547518327740964,-316.61335796953665,-1.1640196984174143,1.0,841.8,1,ok,,DQN\dqn_model
2026-05-31T14:23:22.302736,Learning_DQN,full_run_train_20260531_141816,,273,1000,335,-0.7961099425218363,-317.4094679120584,-1.1626720436339135,1.0,842.23,1,ok,,DQN\dqn_model
2026-05-31T14:23:23.678607,Learning_DQN,full_run_train_20260531_141816,,274,1000,335,-1.1139485431071867,-318.5234164551653,-1.1624942206392894,1.0,842.79,1,ok,,DQN\dqn_model
2026-05-31T14:23:25.196346,Learning_DQN,full_run_train_20260531_141816,,275,1000,335,-0.9544844342225629,-319.4779008893876,-1.161737821415955,1.0,843.26,1,ok,,DQN\dqn_model
2026-05-31T14:23:26.563683,Learning_DQN,full_run_train_20260531_141816,,276,1000,335,-1.7282522331379324,-321.2061531225253,-1.163790409864222,1.0,843.76,1,ok,,DQN\dqn_model
2026-05-31T14:23:27.972181,Learning_DQN,full_run_train_20260531_141816,,277,1000,335,-0.9185763761866912,-322.1247294987119,-1.1629051606451692,1.0,844.26,1,ok,,DQN\dqn_model
2026-05-31T14:23:29.453897,Learning_DQN,full_run_train_20260531_141816,,278,1000,335,-1.6842433323596921,-323.80897283107095,-1.1647804778096078,1.0,844.7,1,ok,,DQN\dqn_model
2026-05-31T14:23:30.906092,Learning_DQN,full_run_train_20260531_141816,,279,1000,335,-1.4238430637182047,-325.2328158947889,-1.1657090175440463,1.0,845.2,1,ok,,DQN\dqn_model
2026-05-31T14:23:32.347416,Learning_DQN,full_run_train_20260531_141816,,280,1000,335,-1.654129167699923,-326.88694506248885,-1.1674533752231744,1.0,845.64,1,ok,,DQN\dqn_model
2026-05-31T14:23:33.821939,Learning_DQN,full_run_train_20260531_141816,,281,1000,335,-2.825094115920431,-329.7120391784091,-1.1733524525922032,1.0,846.13,1,ok,,DQN\dqn_model
2026-05-31T14:23:35.204284,Learning_DQN,full_run_train_20260531_141816,,282,1000,335,-1.8428151249476632,-331.5548543033567,-1.1757264336998465,1.0,846.62,1,ok,,DQN\dqn_model
2026-05-31T14:23:36.615140,Learning_DQN,full_run_train_20260531_141816,,283,1000,335,-2.855342532428899,-334.4101968357853,-1.1816614729179693,1.0,847.09,1,ok,,DQN\dqn_model
2026-05-31T14:23:38.019329,Learning_DQN,full_run_train_20260531_141816,,284,1000,335,-0.6727807476141914,-335.08297758339916,-1.179869639378166,1.0,847.66,1,ok,,DQN\dqn_model
2026-05-31T14:23:39.440875,Learning_DQN,full_run_train_20260531_141816,,285,1000,335,-0.823738146226355,-335.9067157296259,-1.1786200551916697,1.0,848.09,1,ok,,DQN\dqn_model
2026-05-31T14:23:40.845057,Learning_DQN,full_run_train_20260531_141816,,286,1000,335,-0.5712961179513518,-336.4780118475775,-1.1764965449215996,1.0,848.66,1,ok,,DQN\dqn_model
2026-05-31T14:23:42.320008,Learning_DQN,full_run_train_20260531_141816,,287,1000,335,-1.1956417928849075,-337.67365364046276,-1.1765632531026577,1.0,849.04,1,ok,,DQN\dqn_model
2026-05-31T14:23:43.753702,Learning_DQN,full_run_train_20260531_141816,,288,1000,335,-0.10461135361733787,-337.7782649940805,-1.1728411978961129,1.0,849.53,1,ok,,DQN\dqn_model
2026-05-31T14:23:45.118687,Learning_DQN,full_run_train_20260531_141816,,289,1000,335,-0.8329338272458914,-338.6111988213266,-1.1716650478246595,1.0,850.03,1,ok,,DQN\dqn_model
2026-05-31T14:23:46.507080,Learning_DQN,full_run_train_20260531_141816,,290,1000,335,-1.389903552031176,-340.00110237335787,-1.1724175943908892,1.0,850.46,1,ok,,DQN\dqn_model
2026-05-31T14:23:47.903873,Learning_DQN,full_run_train_20260531_141816,,291,1000,335,-0.5626144474044587,-340.56371682076235,-1.1703220509304548,1.0,851.05,1,ok,,DQN\dqn_model
2026-05-31T14:23:49.326396,Learning_DQN,full_run_train_20260531_141816,,292,1000,335,-1.0255967953979808,-341.5893136161604,-1.1698264164937,1.0,851.49,1,ok,,DQN\dqn_model
2026-05-31T14:23:50.692357,Learning_DQN,full_run_train_20260531_141816,,293,1000,335,-0.7790835164143873,-342.3683971325748,-1.1684928229780709,1.0,851.99,1,ok,,DQN\dqn_model
2026-05-31T14:23:52.077429,Learning_DQN,full_run_train_20260531_141816,,294,1000,335,-3.8173132832046437,-346.185710415779,-1.1775024163802006,1.0,852.49,1,ok,,DQN\dqn_model
2026-05-31T14:23:53.550316,Learning_DQN,full_run_train_20260531_141816,,295,1000,335,-1.255927650110639,-347.4416380658895,-1.177768264630134,1.0,852.87,1,ok,,DQN\dqn_model
2026-05-31T14:23:55.041105,Learning_DQN,full_run_train_20260531_141816,,296,1000,335,-1.0837126906562513,-348.5253507565461,-1.1774505093126557,1.0,853.44,1,ok,,DQN\dqn_model
2026-05-31T14:23:56.546388,Learning_DQN,full_run_train_20260531_141816,,297,1000,335,-1.3314506372858144,-349.8568013938322,-1.1779690282620612,1.0,853.86,1,ok,,DQN\dqn_model
2026-05-31T14:23:58.046997,Learning_DQN,full_run_train_20260531_141816,,298,1000,335,-0.5066333572920912,-350.3634347511237,-1.1757162239970593,1.0,854.36,1,ok,,DQN\dqn_model
2026-05-31T14:23:59.402907,Learning_DQN,full_run_train_20260531_141816,,299,1000,335,-1.2560610502247826,-351.6194958013489,-1.1759849357904644,1.0,855.59,1,ok,,DQN\dqn_model
2026-05-31T14:24:00.820352,Learning_DQN,full_run_train_20260531_141816,,300,1000,335,-1.1273473203597109,-352.7468431217084,-1.1758228104056947,1.0,856.15,1,ok,,DQN\dqn_model
2026-05-31T14:24:02.207148,Learning_DQN,full_run_train_20260531_141816,,301,1000,335,-1.0202579053268015,-353.7671010270353,-1.1753059834785227,1.0,856.65,1,ok,,DQN\dqn_model
2026-05-31T14:24:03.613499,Learning_DQN,full_run_train_20260531_141816,,302,1000,335,-1.1526750772669256,-354.919776104302,-1.1752310467029867,1.0,857.09,1,ok,,DQN\dqn_model
2026-05-31T14:24:05.006884,Learning_DQN,full_run_train_20260531_141816,,303,1000,335,-1.7777714211899502,-356.6975475254921,-1.1772196287970036,1.0,857.66,1,ok,,DQN\dqn_model
2026-05-31T14:24:06.390454,Learning_DQN,full_run_train_20260531_141816,,304,1000,335,-1.5113748704073757,-358.20892239589944,-1.1783188236707218,1.0,858.04,1,ok,,DQN\dqn_model
2026-05-31T14:24:07.769138,Learning_DQN,full_run_train_20260531_141816,,305,1000,335,-0.8474633207706901,-359.05638571666975,-1.1772340515300648,1.0,858.53,1,ok,,DQN\dqn_model
2026-05-31T14:24:09.164551,Learning_DQN,full_run_train_20260531_141816,,306,1000,335,3.5057961181157977,-355.5505895985535,-1.1619300313678218,1.0,859.02,1,ok,,DQN\dqn_model
2026-05-31T14:24:10.553085,Learning_DQN,full_run_train_20260531_141816,,307,1000,335,-1.788301741851859,-357.3388913404059,-1.163970330099042,1.0,859.45,1,ok,,DQN\dqn_model
2026-05-31T14:24:11.920827,Learning_DQN,full_run_train_20260531_141816,,308,1000,335,-1.0978920941537045,-358.43678343455997,-1.163755790371948,1.0,860.01,1,ok,,DQN\dqn_model
2026-05-31T14:24:13.298607,Learning_DQN,full_run_train_20260531_141816,,309,1000,335,-1.0949198795048498,-359.531703314065,-1.1635330204338674,1.0,860.49,1,ok,,DQN\dqn_model
2026-05-31T14:24:14.707460,Learning_DQN,full_run_train_20260531_141816,,310,1000,335,-1.4886836253095794,-361.02038693937476,-1.1645818933528218,1.0,860.99,1,ok,,DQN\dqn_model
2026-05-31T14:24:16.088315,Learning_DQN,full_run_train_20260531_141816,,311,1000,335,-1.8086285430424711,-362.82901548241705,-1.1666527829016626,1.0,861.47,1,ok,,DQN\dqn_model
2026-05-31T14:24:17.464048,Learning_DQN,full_run_train_20260531_141816,,312,1000,335,-0.824885247410492,-363.65390072982774,-1.1655573741340632,1.0,862.0,1,ok,,DQN\dqn_model
2026-05-31T14:24:18.881689,Learning_DQN,full_run_train_20260531_141816,,313,1000,335,-1.150651733889214,-364.804552463717,-1.165509752280246,1.0,862.56,1,ok,,DQN\dqn_model
2026-05-31T14:24:20.259507,Learning_DQN,full_run_train_20260531_141816,,314,1000,335,-1.3109892231684592,-366.1155416868859,-1.1659730626970888,1.0,862.98,1,ok,,DQN\dqn_model
2026-05-31T14:24:21.642653,Learning_DQN,full_run_train_20260531_141816,,315,1000,335,-0.9765307383236325,-367.09207242520876,-1.1653716584927263,1.0,863.54,1,ok,,DQN\dqn_model
2026-05-31T14:24:23.056797,Learning_DQN,full_run_train_20260531_141816,,316,1000,335,-1.5459863656875883,-368.6380587908966,-1.1665761354142297,1.0,864.0,1,ok,,DQN\dqn_model
2026-05-31T14:24:24.413287,Learning_DQN,full_run_train_20260531_141816,,317,1000,335,-1.21502211740189,-369.8530809082983,-1.1667289618558305,1.0,864.47,1,ok,,DQN\dqn_model
2026-05-31T14:24:25.832412,Learning_DQN,full_run_train_20260531_141816,,318,1000,335,-1.0389123445327442,-370.8919932528312,-1.1663270228076452,1.0,865.01,1,ok,,DQN\dqn_model
2026-05-31T14:24:27.243503,Learning_DQN,full_run_train_20260531_141816,,319,1000,335,-2.4950349738175444,-373.3870282266485,-1.170492251494196,1.0,865.45,1,ok,,DQN\dqn_model
2026-05-31T14:24:28.643930,Learning_DQN,full_run_train_20260531_141816,,320,1000,335,-1.0863514290630008,-374.47337965571126,-1.1702293114240976,1.0,866.02,1,ok,,DQN\dqn_model
2026-05-31T14:24:30.054852,Learning_DQN,full_run_train_20260531_141816,,321,1000,335,-1.490562782637604,-375.96394243834857,-1.1712272350104316,1.0,866.39,1,ok,,DQN\dqn_model
2026-05-31T14:24:31.447912,Learning_DQN,full_run_train_20260531_141816,,322,1000,335,-1.4564511165846448,-377.4203935549334,-1.172113023462526,1.0,866.88,1,ok,,DQN\dqn_model
2026-05-31T14:24:32.861546,Learning_DQN,full_run_train_20260531_141816,,323,1000,335,-1.08740826222325,-378.50780181715675,-1.1718507796196804,1.0,867.38,1,ok,,DQN\dqn_model
2026-05-31T14:24:34.300892,Learning_DQN,full_run_train_20260531_141816,,324,1000,335,-0.7117624191926307,-379.21956423634947,-1.1704307538158933,1.0,867.81,1,ok,,DQN\dqn_model
2026-05-31T14:24:35.675652,Learning_DQN,full_run_train_20260531_141816,,325,1000,335,-0.5450830948611256,-379.76464733121065,-1.168506607172956,1.0,868.4,1,ok,,DQN\dqn_model
2026-05-31T14:24:37.118062,Learning_DQN,full_run_train_20260531_141816,,326,1000,335,-0.9233564217290549,-380.6880037529403,-1.1677546127390805,1.0,868.8,1,ok,,DQN\dqn_model
2026-05-31T14:24:38.545711,Learning_DQN,full_run_train_20260531_141816,,327,1000,335,-1.593263945219551,-382.2812676981602,-1.1690558645203677,1.0,869.35,1,ok,,DQN\dqn_model
2026-05-31T14:24:39.951268,Learning_DQN,full_run_train_20260531_141816,,328,1000,335,-1.5681292030152605,-383.84939690117557,-1.1702725515279744,1.0,869.85,1,ok,,DQN\dqn_model
2026-05-31T14:24:41.361693,Learning_DQN,full_run_train_20260531_141816,,329,1000,335,-0.6860773074015141,-384.53547420857694,-1.1688008334607203,1.0,870.29,1,ok,,DQN\dqn_model
2026-05-31T14:24:42.792176,Learning_DQN,full_run_train_20260531_141816,,330,1000,335,-1.7012647031391908,-386.23673891171654,-1.170414360338535,1.0,870.79,1,ok,,DQN\dqn_model
2026-05-31T14:24:44.195312,Learning_DQN,full_run_train_20260531_141816,,331,1000,335,-0.6562561526886543,-386.8929950644058,-1.1688610122791716,1.0,871.21,1,ok,,DQN\dqn_model
2026-05-31T14:24:45.593969,Learning_DQN,full_run_train_20260531_141816,,332,1000,335,-0.9592053934307212,-387.85220045783666,-1.1682295194513153,1.0,871.77,1,ok,,DQN\dqn_model
2026-05-31T14:24:47.060579,Learning_DQN,full_run_train_20260531_141816,,333,1000,335,-0.890643856105607,-388.74284431394244,-1.167395928870698,1.0,872.21,1,ok,,DQN\dqn_model
2026-05-31T14:24:48.541578,Learning_DQN,full_run_train_20260531_141816,,334,1000,335,-1.939410604153627,-390.6822549180959,-1.1697073500541795,1.0,872.74,1,ok,,DQN\dqn_model
2026-05-31T14:24:49.989022,Learning_DQN,full_run_train_20260531_141816,,335,1000,335,-0.7554133224557922,-391.43766824055194,-1.1684706514643342,1.0,873.24,1,ok,,DQN\dqn_model
2026-05-31T14:24:51.400589,Learning_DQN,full_run_train_20260531_141816,,336,1000,335,-1.6884645424448526,-393.12613278299676,-1.1700182523303475,1.0,873.68,1,ok,,DQN\dqn_model
2026-05-31T14:24:52.818227,Learning_DQN,full_run_train_20260531_141816,,337,1000,335,-1.591849445381784,-394.71798222837896,-1.17126997693881,1.0,875.11,1,ok,,DQN\dqn_model
2026-05-31T14:24:54.291762,Learning_DQN,full_run_train_20260531_141816,,338,1000,335,-1.2962267630362887,-396.0142089914154,-1.1716396715722348,1.0,875.49,1,ok,,DQN\dqn_model
2026-05-31T14:24:55.726807,Learning_DQN,full_run_train_20260531_141816,,339,1000,335,-1.8005820514585438,-397.81479104287394,-1.1734949588285366,1.0,875.93,1,ok,,DQN\dqn_model
2026-05-31T14:24:57.182592,Learning_DQN,full_run_train_20260531_141816,,340,1000,335,-1.0107625389500152,-398.82555358182424,-1.173016334064189,1.0,876.48,1,ok,,DQN\dqn_model
2026-05-31T14:24:58.642377,Learning_DQN,full_run_train_20260531_141816,,341,1000,335,-0.3491898076950067,-399.17474338951894,-1.170600420497123,1.0,876.98,1,ok,,DQN\dqn_model
2026-05-31T14:25:00.078158,Learning_DQN,full_run_train_20260531_141816,,342,1000,335,-1.216073958881863,-400.3908173484005,-1.1707333840596506,1.0,877.51,1,ok,,DQN\dqn_model
2026-05-31T14:25:01.575671,Learning_DQN,full_run_train_20260531_141816,,343,1000,335,-0.9165574248671133,-401.3073747732675,-1.1699923462777477,1.0,877.95,1,ok,,DQN\dqn_model
2026-05-31T14:25:03.077614,Learning_DQN,full_run_train_20260531_141816,,344,1000,335,-1.5825324629269708,-402.88990723619435,-1.1711915908028905,1.0,878.47,1,ok,,DQN\dqn_model
2026-05-31T14:25:04.484170,Learning_DQN,full_run_train_20260531_141816,,345,1000,335,-0.918748141703034,-403.8086553778977,-1.170459870660573,1.0,878.96,1,ok,,DQN\dqn_model
2026-05-31T14:25:05.956940,Learning_DQN,full_run_train_20260531_141816,,346,1000,335,-1.8469464202613979,-405.65560179815924,-1.172415034098726,1.0,879.4,1,ok,,DQN\dqn_model
2026-05-31T14:25:07.373032,Learning_DQN,full_run_train_20260531_141816,,347,1000,335,-0.896554586430333,-406.5521563845895,-1.1716200472178373,1.0,879.9,1,ok,,DQN\dqn_model
2026-05-31T14:25:08.826444,Learning_DQN,full_run_train_20260531_141816,,348,1000,335,-1.3285323037442052,-407.8806886883341,-1.1720709445067072,1.0,880.34,1,ok,,DQN\dqn_model
2026-05-31T14:25:10.301692,Learning_DQN,full_run_train_20260531_141816,,349,1000,335,-1.3936328035011114,-409.274321491835,-1.1727057922402149,1.0,880.9,1,ok,,DQN\dqn_model
2026-05-31T14:25:11.751896,Learning_DQN,full_run_train_20260531_141816,,350,1000,335,-0.35423432211704103,-409.62855581395144,-1.1703673023255756,1.0,881.36,1,ok,,DQN\dqn_model
2026-05-31T14:25:13.226378,Learning_DQN,full_run_train_20260531_141816,,351,1000,335,-1.1796250332079399,-410.80818084715946,-1.170393677627235,1.0,881.87,1,ok,,DQN\dqn_model
2026-05-31T14:25:14.674690,Learning_DQN,full_run_train_20260531_141816,,352,1000,335,-1.1481490740956404,-411.9563299212552,-1.1703304827308385,1.0,882.38,1,ok,,DQN\dqn_model
2026-05-31T14:25:16.116588,Learning_DQN,full_run_train_20260531_141816,,353,1000,335,-0.7287657742326342,-412.685095695488,-1.1690795912053484,1.0,882.76,1,ok,,DQN\dqn_model
2026-05-31T14:25:17.563470,Learning_DQN,full_run_train_20260531_141816,,354,1000,335,-0.6421162280811392,-413.32721192356956,-1.1675909941343774,1.0,883.32,1,ok,,DQN\dqn_model
2026-05-31T14:25:19.023373,Learning_DQN,full_run_train_20260531_141816,,355,1000,335,-0.8030925864942499,-414.130304510064,-1.1665642380565182,1.0,883.77,1,ok,,DQN\dqn_model
2026-05-31T14:25:20.481373,Learning_DQN,full_run_train_20260531_141816,,356,1000,335,-1.5906275987570262,-415.7209321088207,-1.1677554272719683,1.0,884.32,1,ok,,DQN\dqn_model
2026-05-31T14:25:21.976883,Learning_DQN,full_run_train_20260531_141816,,357,1000,335,-1.7072975109967106,-417.42822961981716,-1.1692667496353422,1.0,884.75,1,ok,,DQN\dqn_model
2026-05-31T14:25:23.465761,Learning_DQN,full_run_train_20260531_141816,,358,1000,335,-1.0564762645938506,-418.4847058844107,-1.168951692414555,1.0,885.28,1,ok,,DQN\dqn_model
2026-05-31T14:25:24.925178,Learning_DQN,full_run_train_20260531_141816,,359,1000,335,-1.2832884720474078,-419.7679943564578,-1.169270179265899,1.0,885.79,1,ok,,DQN\dqn_model
2026-05-31T14:25:26.417957,Learning_DQN,full_run_train_20260531_141816,,360,1000,335,-2.2249063417494805,-421.9929006982072,-1.1722025019394644,1.0,886.23,1,ok,,DQN\dqn_model
2026-05-31T14:25:27.903739,Learning_DQN,full_run_train_20260531_141816,,361,1000,335,-1.1415382547417952,-423.13443895294876,-1.1721175594264508,1.0,886.92,1,ok,,DQN\dqn_model
2026-05-31T14:25:29.386884,Learning_DQN,full_run_train_20260531_141816,,362,1000,335,-0.6150252595051062,-423.749464212454,-1.1705786304211436,1.0,887.3,1,ok,,DQN\dqn_model
2026-05-31T14:25:30.910936,Learning_DQN,full_run_train_20260531_141816,,363,1000,335,-1.3557420585857616,-425.1052062710397,-1.1710887225097513,1.0,887.8,1,ok,,DQN\dqn_model
2026-05-31T14:25:32.534761,Learning_DQN,full_run_train_20260531_141816,,364,1000,335,-0.2099223650645925,-425.3151286361044,-1.1684481555936934,1.0,888.3,1,ok,,DQN\dqn_model
2026-05-31T14:25:34.340752,Learning_DQN,full_run_train_20260531_141816,,365,1000,335,-0.9154213622318912,-426.2305499983364,-1.1677549315022915,1.0,888.73,1,ok,,DQN\dqn_model
2026-05-31T14:25:35.999511,Learning_DQN,full_run_train_20260531_141816,,366,1000,335,-0.13722046326786613,-426.3677704616043,-1.164939263556296,1.0,889.32,1,ok,,DQN\dqn_model
2026-05-31T14:25:37.541190,Learning_DQN,full_run_train_20260531_141816,,367,1000,335,-1.8339829267341656,-428.20175338833815,-1.1667622708129104,1.0,889.76,1,ok,,DQN\dqn_model
2026-05-31T14:25:39.219786,Learning_DQN,full_run_train_20260531_141816,,368,1000,335,-1.008883231037201,-429.2106366193751,-1.1663332516830847,1.0,890.33,1,ok,,DQN\dqn_model
2026-05-31T14:25:40.791494,Learning_DQN,full_run_train_20260531_141816,,369,1000,335,-0.6248025228108236,-429.835439142186,-1.1648656887322113,1.0,890.77,1,ok,,DQN\dqn_model
2026-05-31T14:25:42.425363,Learning_DQN,full_run_train_20260531_141816,,370,1000,335,-1.7453510044850626,-431.58079014667055,-1.1664345679639745,1.0,891.28,1,ok,,DQN\dqn_model
2026-05-31T14:25:43.995191,Learning_DQN,full_run_train_20260531_141816,,371,1000,335,-0.9491773404864944,-432.52996748715725,-1.1658489689680789,1.0,891.72,1,ok,,DQN\dqn_model
2026-05-31T14:25:45.721430,Learning_DQN,full_run_train_20260531_141816,,372,1000,335,-0.9231558859529743,-433.45312337311015,-1.1651965682072853,1.0,892.16,1,ok,,DQN\dqn_model
2026-05-31T14:25:47.516275,Learning_DQN,full_run_train_20260531_141816,,373,1000,335,-0.9400486290297939,-434.39317200214,-1.1645929544293296,1.0,892.71,1,ok,,DQN\dqn_model
2026-05-31T14:25:49.231474,Learning_DQN,full_run_train_20260531_141816,,374,1000,335,-0.5770816338509669,-434.9702536359913,-1.1630220685454313,1.0,893.12,1,ok,,DQN\dqn_model
2026-05-31T14:25:51.029114,Learning_DQN,full_run_train_20260531_141816,,375,1000,335,-1.9649557967195914,-436.93520943271056,-1.1651605584872282,1.0,893.68,1,ok,,DQN\dqn_model
2026-05-31T14:25:52.657775,Learning_DQN,full_run_train_20260531_141816,,376,1000,335,0.6488023809676902,-436.28640705174314,-1.160336188967402,1.0,894.18,1,ok,,DQN\dqn_model
2026-05-31T14:25:54.280120,Learning_DQN,full_run_train_20260531_141816,,377,1000,335,-1.2837497063775978,-437.57015675812085,-1.160663545777509,1.0,894.62,1,ok,,DQN\dqn_model
2026-05-31T14:25:55.838372,Learning_DQN,full_run_train_20260531_141816,,378,1000,335,-1.073158569590561,-438.6433153277118,-1.1604320511315127,1.0,895.19,1,ok,,DQN\dqn_model
2026-05-31T14:25:57.543590,Learning_DQN,full_run_train_20260531_141816,,379,1000,335,-0.6803760639785045,-439.32369139169066,-1.1591654126429833,1.0,901.61,1,ok,,DQN\dqn_model
2026-05-31T14:25:59.137377,Learning_DQN,full_run_train_20260531_141816,,380,1000,335,-1.202593018207888,-440.5262844098988,-1.1592796958155231,1.0,902.18,1,ok,,DQN\dqn_model
2026-05-31T14:26:00.663642,Learning_DQN,full_run_train_20260531_141816,,381,1000,335,-1.2623466926571745,-441.78863110255605,-1.1595502128676012,1.0,902.66,1,ok,,DQN\dqn_model
2026-05-31T14:26:02.175378,Learning_DQN,full_run_train_20260531_141816,,382,1000,335,-0.8386694392877752,-442.6273005418438,-1.1587102108425231,1.0,903.15,1,ok,,DQN\dqn_model
2026-05-31T14:26:03.750640,Learning_DQN,full_run_train_20260531_141816,,383,1000,335,-2.2605249239481,-444.8878254657922,-1.161587011660032,1.0,903.68,1,ok,,DQN\dqn_model
2026-05-31T14:26:05.315244,Learning_DQN,full_run_train_20260531_141816,,384,1000,335,-1.0253020999623494,-445.91312756575456,-1.1612321030358193,1.0,904.11,1,ok,,DQN\dqn_model
2026-05-31T14:26:06.803478,Learning_DQN,full_run_train_20260531_141816,,385,1000,335,-0.818420266198485,-446.73154783195275,-1.1603416826803967,1.0,904.68,1,ok,,DQN\dqn_model
2026-05-31T14:26:08.290484,Learning_DQN,full_run_train_20260531_141816,,386,1000,335,-1.8682144162148766,-448.5997622481677,-1.1621755498657194,1.0,905.09,1,ok,,DQN\dqn_model
2026-05-31T14:26:09.918951,Learning_DQN,full_run_train_20260531_141816,,387,1000,335,-1.0168600108919077,-449.6166222590598,-1.1618000575169505,1.0,905.62,1,ok,,DQN\dqn_model
2026-05-31T14:26:11.453751,Learning_DQN,full_run_train_20260531_141816,,388,1000,335,-0.8022348459569651,-450.4188571050163,-1.1608733430541658,1.0,906.05,1,ok,,DQN\dqn_model
2026-05-31T14:26:12.993549,Learning_DQN,full_run_train_20260531_141816,,389,1000,335,-1.8119597175760656,-452.23081682259254,-1.1625470869475387,1.0,906.48,1,ok,,DQN\dqn_model
2026-05-31T14:26:14.480558,Learning_DQN,full_run_train_20260531_141816,,390,1000,335,-0.7727522693777057,-453.00356909197035,-1.1615476130563342,1.0,907.04,1,ok,,DQN\dqn_model
2026-05-31T14:26:15.987989,Learning_DQN,full_run_train_20260531_141816,,391,1000,335,-0.789950613966864,-453.7935197059377,-1.160597237099585,1.0,907.47,1,ok,,DQN\dqn_model
2026-05-31T14:26:17.484376,Learning_DQN,full_run_train_20260531_141816,,392,1000,335,-1.0010670794386607,-454.79458678537634,-1.1601902724116744,1.0,908.0,1,ok,,DQN\dqn_model
2026-05-31T14:26:19.047395,Learning_DQN,full_run_train_20260531_141816,,393,1000,335,-1.01486593721971,-455.8094527225959,-1.1598204903882847,1.0,908.51,1,ok,,DQN\dqn_model
2026-05-31T14:26:20.517392,Learning_DQN,full_run_train_20260531_141816,,394,1000,335,-1.8951307825131918,-457.70458350510916,-1.1616867601652516,1.0,908.95,1,ok,,DQN\dqn_model
2026-05-31T14:26:22.019839,Learning_DQN,full_run_train_20260531_141816,,395,1000,335,-1.453390614265734,-459.15797411937535,-1.1624252509351274,1.0,909.51,1,ok,,DQN\dqn_model
2026-05-31T14:26:23.509272,Learning_DQN,full_run_train_20260531_141816,,396,1000,335,-0.2036415631674765,-459.3616156825432,-1.1600040800064222,1.0,909.89,1,ok,,DQN\dqn_model
2026-05-31T14:26:25.037592,Learning_DQN,full_run_train_20260531_141816,,397,1000,335,-1.7875564247913143,-461.1491721073347,-1.1615848163912714,1.0,910.45,1,ok,,DQN\dqn_model
2026-05-31T14:26:26.522566,Learning_DQN,full_run_train_20260531_141816,,398,1000,335,-1.086437384625346,-462.2356094919596,-1.1613960037486422,1.0,910.88,1,ok,,DQN\dqn_model
2026-05-31T14:26:28.090281,Learning_DQN,full_run_train_20260531_141816,,399,1000,335,-0.923302421552212,-463.1589119135117,-1.1607992779787262,1.0,911.44,1,ok,,DQN\dqn_model
2026-05-31T14:26:29.594542,Learning_DQN,full_run_train_20260531_141816,,400,1000,335,-1.3363086559004211,-464.4952205694121,-1.1612380514235303,1.0,911.96,1,ok,,DQN\dqn_model
2026-05-31T14:26:31.171665,Learning_DQN,full_run_train_20260531_141816,,401,1000,335,-2.359559259941205,-466.85477982935305,-1.1642263836143467,1.0,912.53,1,ok,,DQN\dqn_model
2026-05-31T14:26:32.770928,Learning_DQN,full_run_train_20260531_141816,,402,1000,335,-0.8677350718725594,-467.72251490122557,-1.1634888430378745,1.0,913.1,1,ok,,DQN\dqn_model
2026-05-31T14:26:34.381558,Learning_DQN,full_run_train_20260531_141816,,403,1000,335,-1.1493602420012126,-468.8718751432268,-1.1634537844745083,1.0,913.59,1,ok,,DQN\dqn_model
2026-05-31T14:26:35.983694,Learning_DQN,full_run_train_20260531_141816,,404,1000,335,-1.3592296929809502,-470.2311048362077,-1.1639383783074448,1.0,914.04,1,ok,,DQN\dqn_model
2026-05-31T14:26:37.547999,Learning_DQN,full_run_train_20260531_141816,,405,1000,335,-1.2216798124223116,-471.45278464863,-1.1640809497497036,1.0,914.55,1,ok,,DQN\dqn_model
2026-05-31T14:26:39.178353,Learning_DQN,full_run_train_20260531_141816,,406,1000,335,-0.8149928509140443,-472.2677774995436,-1.1632211268461665,1.0,914.97,1,ok,,DQN\dqn_model
2026-05-31T14:26:40.896514,Learning_DQN,full_run_train_20260531_141816,,407,1000,335,-1.5012402692758449,-473.76901776881914,-1.1640516407096293,1.0,915.53,1,ok,,DQN\dqn_model
2026-05-31T14:26:42.408630,Learning_DQN,full_run_train_20260531_141816,,408,1000,335,-1.1399261252016641,-474.9089438940209,-1.163992509544169,1.0,915.96,1,ok,,DQN\dqn_model
2026-05-31T14:26:43.994461,Learning_DQN,full_run_train_20260531_141816,,409,1000,335,-0.9750867907626868,-475.8840306847837,-1.1635306373711092,1.0,916.56,1,ok,,DQN\dqn_model
2026-05-31T14:26:45.561514,Learning_DQN,full_run_train_20260531_141816,,410,1000,335,-0.9444352347312649,-476.82846591951494,-1.1629962583402804,1.0,917.13,1,ok,,DQN\dqn_model
2026-05-31T14:26:47.177381,Learning_DQN,full_run_train_20260531_141816,,411,1000,335,-1.2196666632798063,-478.048132582795,-1.1631341425372141,1.0,917.63,1,ok,,DQN\dqn_model
2026-05-31T14:26:48.916499,Learning_DQN,full_run_train_20260531_141816,,412,1000,335,-0.735027903543671,-478.78316048633883,-1.1620950497241234,1.0,918.14,1,ok,,DQN\dqn_model
2026-05-31T14:26:50.500123,Learning_DQN,full_run_train_20260531_141816,,413,1000,335,-0.6279313013635722,-479.41109178770233,-1.1608016750307562,1.0,918.52,1,ok,,DQN\dqn_model
2026-05-31T14:26:52.170462,Learning_DQN,full_run_train_20260531_141816,,414,1000,335,-1.268325273924972,-480.67941706162713,-1.1610613938686645,1.0,919.03,1,ok,,DQN\dqn_model
2026-05-31T14:26:53.761996,Learning_DQN,full_run_train_20260531_141816,,415,1000,335,-0.9649137280946826,-481.64433078972223,-1.160588748890897,1.0,919.52,1,ok,,DQN\dqn_model
2026-05-31T14:26:55.362011,Learning_DQN,full_run_train_20260531_141816,,416,1000,335,-2.149897666428706,-483.7942284561512,-1.1629668953272865,1.0,920.02,1,ok,,DQN\dqn_model
2026-05-31T14:26:56.979182,Learning_DQN,full_run_train_20260531_141816,,417,1000,335,-0.9546792727616051,-484.7489077289123,-1.1624674046256889,1.0,920.5,1,ok,,DQN\dqn_model
2026-05-31T14:26:58.642161,Learning_DQN,full_run_train_20260531_141816,,418,1000,335,-1.1650217328232604,-485.91392946173556,-1.1624735154586976,1.0,920.98,1,ok,,DQN\dqn_model
2026-05-31T14:27:00.240740,Learning_DQN,full_run_train_20260531_141816,,419,1000,335,-0.9789388942435704,-486.89286835597875,-1.1620354853364647,1.0,921.55,1,ok,,DQN\dqn_model
2026-05-31T14:27:01.867447,Learning_DQN,full_run_train_20260531_141816,,420,1000,335,-0.3985815446110045,-487.2914499005905,-1.1602177378585488,1.0,921.99,1,ok,,DQN\dqn_model
2026-05-31T14:27:03.535590,Learning_DQN,full_run_train_20260531_141816,,421,1000,335,-0.7997813531096448,-488.0912312536998,-1.1593615944268403,1.0,922.44,1,ok,,DQN\dqn_model
2026-05-31T14:27:05.369325,Learning_DQN,full_run_train_20260531_141816,,422,1000,335,-0.6075484712693906,-488.69877972496886,-1.1580539803909216,1.0,922.95,1,ok,,DQN\dqn_model
2026-05-31T14:27:07.625687,Learning_DQN,full_run_train_20260531_141816,,423,1000,335,-0.5932047211387111,-489.2919844461072,-1.1567186393524993,1.0,923.44,1,ok,,DQN\dqn_model
2026-05-31T14:27:09.561252,Learning_DQN,full_run_train_20260531_141816,,424,1000,335,-0.5834791721191842,-489.8754636182264,-1.155366659476949,1.0,923.94,1,ok,,DQN\dqn_model
2026-05-31T14:27:11.298874,Learning_DQN,full_run_train_20260531_141816,,425,1000,335,-0.7286336928827812,-490.60409731110946,-1.1543625819084928,1.0,924.39,1,ok,,DQN\dqn_model
2026-05-31T14:27:13.097886,Learning_DQN,full_run_train_20260531_141816,,426,1000,335,-1.777343550344159,-492.3814408614533,-1.1558249785480126,1.0,925.17,1,ok,,DQN\dqn_model
2026-05-31T14:27:14.883342,Learning_DQN,full_run_train_20260531_141816,,427,1000,335,-2.144480065769709,-494.52592092722284,-1.1581403300403346,1.0,925.61,1,ok,,DQN\dqn_model
2026-05-31T14:27:16.695909,Learning_DQN,full_run_train_20260531_141816,,428,1000,335,-0.5138066773458574,-495.03972760456884,-1.1566348775807682,1.0,926.17,1,ok,,DQN\dqn_model
2026-05-31T14:27:18.521367,Learning_DQN,full_run_train_20260531_141816,,429,1000,335,-1.6443264533973971,-496.6840540579663,-1.1577716877808073,1.0,926.67,1,ok,,DQN\dqn_model
2026-05-31T14:27:20.298791,Learning_DQN,full_run_train_20260531_141816,,430,1000,335,-0.6193519423452751,-497.3034060003117,-1.1565195488379343,1.0,927.04,1,ok,,DQN\dqn_model
2026-05-31T14:27:22.137275,Learning_DQN,full_run_train_20260531_141816,,431,1000,335,-0.9899810783102051,-498.29338707862166,-1.1561331486742963,1.0,927.61,1,ok,,DQN\dqn_model
2026-05-31T14:27:24.069778,Learning_DQN,full_run_train_20260531_141816,,432,1000,335,-0.7941577469735173,-499.0875448255951,-1.1552952426518406,1.0,928.03,1,ok,,DQN\dqn_model
2026-05-31T14:27:25.894751,Learning_DQN,full_run_train_20260531_141816,,433,1000,335,-1.6874796879185907,-500.7750245135134,-1.1565243060358277,1.0,928.58,1,ok,,DQN\dqn_model
2026-05-31T14:27:27.876213,Learning_DQN,full_run_train_20260531_141816,,434,1000,335,-0.9374806163552736,-501.71250512986876,-1.1560195970734304,1.0,929.11,1,ok,,DQN\dqn_model
2026-05-31T14:27:29.630288,Learning_DQN,full_run_train_20260531_141816,,435,1000,335,-0.679074140416014,-502.3915792702849,-1.1549231707362873,1.0,929.51,1,ok,,DQN\dqn_model
2026-05-31T14:27:31.356769,Learning_DQN,full_run_train_20260531_141816,,436,1000,335,-1.4934350793087507,-503.8850143495934,-1.1556995741963152,1.0,930.17,1,ok,,DQN\dqn_model
2026-05-31T14:27:33.180006,Learning_DQN,full_run_train_20260531_141816,,437,1000,335,-1.4792982415951674,-505.3643125911886,-1.156440074579379,1.0,930.61,1,ok,,DQN\dqn_model
2026-05-31T14:27:34.929738,Learning_DQN,full_run_train_20260531_141816,,438,1000,335,-0.8631537300642671,-506.2274663212529,-1.1557704710530887,1.0,931.17,1,ok,,DQN\dqn_model
2026-05-31T14:27:36.657564,Learning_DQN,full_run_train_20260531_141816,,439,1000,335,-1.170455870952281,-507.3979221922048,-1.155803922989077,1.0,931.54,1,ok,,DQN\dqn_model
2026-05-31T14:27:38.515450,Learning_DQN,full_run_train_20260531_141816,,440,1000,335,0.017196339490034823,-507.3807258527146,-1.153138013301624,1.0,932.03,1,ok,,DQN\dqn_model
2026-05-31T14:27:40.464293,Learning_DQN,full_run_train_20260531_141816,,441,1000,335,-1.0281152417495774,-508.40884109446404,-1.1528545149534333,1.0,932.59,1,ok,,DQN\dqn_model
2026-05-31T14:27:42.225593,Learning_DQN,full_run_train_20260531_141816,,442,1000,335,-0.9352421403046581,-509.3440832347687,-1.1523621792641825,1.0,933.02,1,ok,,DQN\dqn_model
2026-05-31T14:27:44.114216,Learning_DQN,full_run_train_20260531_141816,,443,1000,335,-0.7986182491031592,-510.14270148387163,-1.1515636602344732,1.0,933.61,1,ok,,DQN\dqn_model
2026-05-31T14:27:46.054949,Learning_DQN,full_run_train_20260531_141816,,444,1000,335,-0.3921587862562461,-510.5348602701279,-1.1498532888966846,1.0,934.04,1,ok,,DQN\dqn_model
2026-05-31T14:27:47.886222,Learning_DQN,full_run_train_20260531_141816,,445,1000,335,-1.5007661841314728,-512.0356264542593,-1.1506418572005825,1.0,934.54,1,ok,,DQN\dqn_model
2026-05-31T14:27:49.759100,Learning_DQN,full_run_train_20260531_141816,,446,1000,335,-1.1778680794117375,-513.2134945336711,-1.1507029025418636,1.0,935.04,1,ok,,DQN\dqn_model
2026-05-31T14:27:51.740553,Learning_DQN,full_run_train_20260531_141816,,447,1000,335,-1.0534196555797153,-514.2669141892512,-1.1504852666426202,1.0,935.42,1,ok,,DQN\dqn_model
2026-05-31T14:27:53.681819,Learning_DQN,full_run_train_20260531_141816,,448,1000,335,-0.92213383630892,-515.1890480255603,-1.1499755536284828,1.0,936.05,1,ok,,DQN\dqn_model
2026-05-31T14:27:55.948781,Learning_DQN,full_run_train_20260531_141816,,449,1000,335,-0.2378156919595646,-515.4268637175201,-1.1479440171882407,1.0,936.41,1,ok,,DQN\dqn_model
2026-05-31T14:27:57.830274,Learning_DQN,full_run_train_20260531_141816,,450,1000,335,-0.6268965139151769,-516.0537602314345,-1.1467861338476322,1.0,936.98,1,ok,,DQN\dqn_model
2026-05-31T14:27:59.660190,Learning_DQN,full_run_train_20260531_141816,,451,1000,335,-0.9231088942415804,-516.9768691256755,-1.1462901754449568,1.0,937.45,1,ok,,DQN\dqn_model
2026-05-31T14:28:01.415309,Learning_DQN,full_run_train_20260531_141816,,452,1000,335,-0.9212211353680045,-517.8980902610448,-1.145792235090807,1.0,937.95,1,ok,,DQN\dqn_model
2026-05-31T14:28:03.116517,Learning_DQN,full_run_train_20260531_141816,,453,1000,335,-1.2340199982129842,-519.1321102592575,-1.1459869983648068,1.0,938.47,1,ok,,DQN\dqn_model
2026-05-31T14:28:04.892505,Learning_DQN,full_run_train_20260531_141816,,454,1000,335,-0.6929233862371994,-519.8250336454952,-1.1449890608931612,1.0,938.96,1,ok,,DQN\dqn_model
2026-05-31T14:28:06.566764,Learning_DQN,full_run_train_20260531_141816,,455,1000,335,-0.9327015951399518,-520.7577352406353,-1.1445224950343633,1.0,939.52,1,ok,,DQN\dqn_model
2026-05-31T14:28:08.311595,Learning_DQN,full_run_train_20260531_141816,,456,1000,335,-0.4990858627702569,-521.2568211034043,-1.143107063823255,1.0,939.9,1,ok,,DQN\dqn_model
2026-05-31T14:28:10.013163,Learning_DQN,full_run_train_20260531_141816,,457,1000,335,-1.8271393892120968,-523.0839604926165,-1.1446038522814366,1.0,940.4,1,ok,,DQN\dqn_model
2026-05-31T14:28:11.706245,Learning_DQN,full_run_train_20260531_141816,,458,1000,335,-1.0791777119762127,-524.1631382045928,-1.144461000446709,1.0,940.89,1,ok,,DQN\dqn_model
2026-05-31T14:28:13.407159,Learning_DQN,full_run_train_20260531_141816,,459,1000,335,-2.2039533881170303,-526.3670915927107,-1.1467692627292172,1.0,941.45,1,ok,,DQN\dqn_model
2026-05-31T14:28:15.109387,Learning_DQN,full_run_train_20260531_141816,,460,1000,335,-0.43852037269030536,-526.805611965401,-1.1452295912291326,1.0,942.04,1,ok,,DQN\dqn_model
2026-05-31T14:28:16.802620,Learning_DQN,full_run_train_20260531_141816,,461,1000,335,-1.0350334516612842,-527.8406454170622,-1.1449905540500265,1.0,942.48,1,ok,,DQN\dqn_model
2026-05-31T14:28:18.462778,Learning_DQN,full_run_train_20260531_141816,,462,1000,335,-0.6368604678331656,-528.4775058848957,-1.143890705378562,1.0,943.0,1,ok,,DQN\dqn_model
2026-05-31T14:28:20.161670,Learning_DQN,full_run_train_20260531_141816,,463,1000,335,-1.629384205988719,-530.106890090885,-1.1449392874533153,1.0,943.5,1,ok,,DQN\dqn_model
2026-05-31T14:28:21.915534,Learning_DQN,full_run_train_20260531_141816,,464,1000,335,-1.3264383039430756,-531.433328394828,-1.1453304491267844,1.0,943.95,1,ok,,DQN\dqn_model
2026-05-31T14:28:23.609463,Learning_DQN,full_run_train_20260531_141816,,465,1000,335,2.512135728229846,-528.9211926665986,-1.1374649304658033,1.0,944.45,1,ok,,DQN\dqn_model
2026-05-31T14:28:25.278326,Learning_DQN,full_run_train_20260531_141816,,466,1000,335,-1.7954420501075112,-530.7166347167066,-1.1388768985337052,1.0,944.89,1,ok,,DQN\dqn_model
2026-05-31T14:28:27.024549,Learning_DQN,full_run_train_20260531_141816,,467,1000,335,-0.7831621916419975,-531.4997969083493,-1.1381151968058871,1.0,945.45,1,ok,,DQN\dqn_model
2026-05-31T14:28:28.728602,Learning_DQN,full_run_train_20260531_141816,,468,1000,335,-0.9620120910819006,-532.461808999432,-1.1377389081184446,1.0,945.93,1,ok,,DQN\dqn_model
2026-05-31T14:28:30.429674,Learning_DQN,full_run_train_20260531_141816,,469,1000,335,0.47722697152641136,-531.9845820279055,-1.1342954840680288,1.0,946.43,1,ok,,DQN\dqn_model
2026-05-31T14:28:32.134426,Learning_DQN,full_run_train_20260531_141816,,470,1000,335,-1.9103289667409638,-533.8949109946466,-1.135946619137546,1.0,946.95,1,ok,,DQN\dqn_model
2026-05-31T14:28:33.903471,Learning_DQN,full_run_train_20260531_141816,,471,1000,335,-0.4034220957080307,-534.2983330903546,-1.1343913653723028,1.0,947.35,1,ok,,DQN\dqn_model
2026-05-31T14:28:35.594338,Learning_DQN,full_run_train_20260531_141816,,472,1000,335,-1.6052770018452667,-535.9036100922004,-1.135389004432628,1.0,947.9,1,ok,,DQN\dqn_model
2026-05-31T14:28:37.284718,Learning_DQN,full_run_train_20260531_141816,,473,1000,335,-1.7049403895169304,-537.6085504817173,-1.136593129982489,1.0,948.36,1,ok,,DQN\dqn_model
2026-05-31T14:28:39.070813,Learning_DQN,full_run_train_20260531_141816,,474,1000,335,-0.9730204978959487,-538.5815709796138,-1.1362480400413795,1.0,948.86,1,ok,,DQN\dqn_model
2026-05-31T14:28:40.834209,Learning_DQN,full_run_train_20260531_141816,,475,1000,335,-1.410167140472024,-539.9917381200847,-1.1368247118317574,1.0,949.36,1,ok,,DQN\dqn_model
2026-05-31T14:28:42.545307,Learning_DQN,full_run_train_20260531_141816,,476,1000,335,-0.9442054786401085,-540.9359435987243,-1.136420049577152,1.0,949.84,1,ok,,DQN\dqn_model
2026-05-31T14:28:44.269348,Learning_DQN,full_run_train_20260531_141816,,477,1000,335,-0.9588099509318461,-541.894753549657,-1.1360477013619643,1.0,950.34,1,ok,,DQN\dqn_model
2026-05-31T14:28:45.978602,Learning_DQN,full_run_train_20260531_141816,,478,1000,335,-1.027941701879817,-542.9226952515378,-1.1358215381831334,1.0,950.86,1,ok,,DQN\dqn_model
2026-05-31T14:28:47.714452,Learning_DQN,full_run_train_20260531_141816,,479,1000,335,-0.4100934837117741,-543.3327887352503,-1.1343064482990612,1.0,951.68,1,ok,,DQN\dqn_model
2026-05-31T14:28:49.461368,Learning_DQN,full_run_train_20260531_141816,,480,1000,335,-0.20481745790449202,-543.5376061931555,-1.1323700129024072,1.0,952.12,1,ok,,DQN\dqn_model
2026-05-31T14:28:51.195767,Learning_DQN,full_run_train_20260531_141816,,481,1000,335,-1.3893219590933084,-544.9269281522485,-1.1329042165327412,1.0,952.56,1,ok,,DQN\dqn_model
2026-05-31T14:28:52.959582,Learning_DQN,full_run_train_20260531_141816,,482,1000,335,-0.6007968715957107,-545.5277250238444,-1.1318002593855692,1.0,953.11,1,ok,,DQN\dqn_model
2026-05-31T14:28:54.692976,Learning_DQN,full_run_train_20260531_141816,,483,1000,335,-1.4016706836418513,-546.9293957074866,-1.132358997323989,1.0,953.54,1,ok,,DQN\dqn_model
2026-05-31T14:28:56.432616,Learning_DQN,full_run_train_20260531_141816,,484,1000,335,-1.4867614703565346,-548.4161571778426,-1.1330912338385177,1.0,954.09,1,ok,,DQN\dqn_model
2026-05-31T14:28:58.200402,Learning_DQN,full_run_train_20260531_141816,,485,1000,335,-0.658386718863518,-549.0745438967056,-1.1321124616426919,1.0,954.62,1,ok,,DQN\dqn_model
2026-05-31T14:28:59.923433,Learning_DQN,full_run_train_20260531_141816,,486,1000,335,-0.7610136818088092,-549.8355575785139,-1.1313488839064072,1.0,955.12,1,ok,,DQN\dqn_model
2026-05-31T14:29:01.657559,Learning_DQN,full_run_train_20260531_141816,,487,1000,335,-2.41421979761677,-552.2497773761305,-1.133983115762075,1.0,955.62,1,ok,,DQN\dqn_model
2026-05-31T14:29:03.465309,Learning_DQN,full_run_train_20260531_141816,,488,1000,335,-1.5661742832002654,-553.8159516593308,-1.1348687534002682,1.0,956.01,1,ok,,DQN\dqn_model
2026-05-31T14:29:05.226483,Learning_DQN,full_run_train_20260531_141816,,489,1000,335,-0.229033558680718,-554.0449852180113,-1.1330163296891846,1.0,956.52,1,ok,,DQN\dqn_model
2026-05-31T14:29:07.193939,Learning_DQN,full_run_train_20260531_141816,,490,1000,335,-0.552695011114122,-554.5976802291254,-1.131832000467603,1.0,956.99,1,ok,,DQN\dqn_model
2026-05-31T14:29:09.063429,Learning_DQN,full_run_train_20260531_141816,,491,1000,335,-2.594255459754562,-557.1919356888798,-1.1348104596514863,1.0,957.55,1,ok,,DQN\dqn_model
2026-05-31T14:29:10.950662,Learning_DQN,full_run_train_20260531_141816,,492,1000,335,-1.6848267465562716,-558.8767624354363,-1.1359283789338135,1.0,957.98,1,ok,,DQN\dqn_model
2026-05-31T14:29:12.756592,Learning_DQN,full_run_train_20260531_141816,,493,1000,335,-1.2620696634694104,-560.1388320989049,-1.1361842436083265,1.0,958.47,1,ok,,DQN\dqn_model
2026-05-31T14:29:14.505027,Learning_DQN,full_run_train_20260531_141816,,494,1000,335,-1.4444216161868257,-561.583253715092,-1.136808205900996,1.0,958.96,1,ok,,DQN\dqn_model
2026-05-31T14:29:16.267077,Learning_DQN,full_run_train_20260531_141816,,495,1000,335,-0.8838931090571488,-562.4671468241498,-1.1362972663114137,1.0,959.43,1,ok,,DQN\dqn_model
2026-05-31T14:29:18.009642,Learning_DQN,full_run_train_20260531_141816,,496,1000,335,-0.942239835616837,-563.4093866597673,-1.1359060214914662,1.0,959.95,1,ok,,DQN\dqn_model
2026-05-31T14:29:19.788173,Learning_DQN,full_run_train_20260531_141816,,497,1000,335,-1.7098380488504752,-565.1192247086171,-1.1370608143030525,1.0,960.38,1,ok,,DQN\dqn_model
2026-05-31T14:29:21.602228,Learning_DQN,full_run_train_20260531_141816,,498,1000,335,-2.0467054068587136,-567.1659301154751,-1.138887409870432,1.0,960.88,1,ok,,DQN\dqn_model
2026-05-31T14:29:23.397282,Learning_DQN,full_run_train_20260531_141816,,499,1000,335,-1.042290668587769,-568.2082207840633,-1.1386938292265798,1.0,961.37,1,ok,,DQN\dqn_model
2026-05-31T14:29:25.147567,Learning_DQN,full_run_train_20260531_141816,,500,1000,335,-1.3805711666271534,-569.588791950691,-1.139177583901382,1.0,961.86,1,ok,,DQN\dqn_model
2026-05-31T14:29:26.963866,Learning_DQN,full_run_train_20260531_141816,,501,1000,335,-0.9800241745402597,-570.5688161252302,-1.1388599124256091,1.0,962.41,1,ok,,DQN\dqn_model
2026-05-31T14:29:28.717670,Learning_DQN,full_run_train_20260531_141816,,502,1000,335,-1.4986903508948795,-572.0675064761256,-1.1395767061277402,1.0,962.91,1,ok,,DQN\dqn_model
2026-05-31T14:29:30.492138,Learning_DQN,full_run_train_20260531_141816,,503,1000,335,-1.1239553321644309,-573.1914618082903,-1.139545649718271,1.0,963.52,1,ok,,DQN\dqn_model
2026-05-31T14:29:32.335159,Learning_DQN,full_run_train_20260531_141816,,504,1000,335,-1.3422052468575718,-574.5336670551482,-1.139947752093548,1.0,964.01,1,ok,,DQN\dqn_model
2026-05-31T14:29:34.115856,Learning_DQN,full_run_train_20260531_141816,,505,1000,335,-1.5200725046816868,-576.0537395598307,-1.1407004743759024,1.0,964.51,1,ok,,DQN\dqn_model
2026-05-31T14:29:35.955550,Learning_DQN,full_run_train_20260531_141816,,506,1000,335,-1.0869401033328063,-577.1406796631628,-1.1405942285833257,1.0,965.06,1,ok,,DQN\dqn_model
2026-05-31T14:29:37.904585,Learning_DQN,full_run_train_20260531_141816,,507,1000,335,-1.4130721645231912,-578.5537518276853,-1.1411316604096358,1.0,965.49,1,ok,,DQN\dqn_model
2026-05-31T14:29:40.127583,Learning_DQN,full_run_train_20260531_141816,,508,1000,335,-0.7411148957457796,-579.2948667234308,-1.1403442258335252,1.0,966.14,1,ok,,DQN\dqn_model
2026-05-31T14:29:42.189231,Learning_DQN,full_run_train_20260531_141816,,509,1000,335,-0.9920720297465359,-580.2869387531773,-1.1400529248588944,1.0,966.63,1,ok,,DQN\dqn_model
2026-05-31T14:29:44.335015,Learning_DQN,full_run_train_20260531_141816,,510,1000,335,-1.277994329212088,-581.5649330823887,-1.1403233982007621,1.0,967.12,1,ok,,DQN\dqn_model
2026-05-31T14:29:46.221961,Learning_DQN,full_run_train_20260531_141816,,511,1000,335,-1.4463744416021789,-583.0113075239908,-1.1409223239217041,1.0,967.62,1,ok,,DQN\dqn_model
2026-05-31T14:29:48.160929,Learning_DQN,full_run_train_20260531_141816,,512,1000,335,-1.891869119351259,-584.9031766433426,-1.1423890168815285,1.0,968.05,1,ok,,DQN\dqn_model
2026-05-31T14:29:50.101263,Learning_DQN,full_run_train_20260531_141816,,513,1000,335,-1.176678701229088,-586.0798553445719,-1.1424558583714852,1.0,968.61,1,ok,,DQN\dqn_model
2026-05-31T14:29:52.035286,Learning_DQN,full_run_train_20260531_141816,,514,1000,335,-1.01097105424928,-587.0908263988202,-1.1422000513595725,1.0,969.04,1,ok,,DQN\dqn_model
2026-05-31T14:29:53.904576,Learning_DQN,full_run_train_20260531_141816,,515,1000,335,-1.4041052241329892,-588.4949316229537,-1.142708605093114,1.0,969.53,1,ok,,DQN\dqn_model
2026-05-31T14:29:55.908997,Learning_DQN,full_run_train_20260531_141816,,516,1000,335,0.8948200796776135,-587.6001115432755,-1.1387599060916191,1.0,970.03,1,ok,,DQN\dqn_model
2026-05-31T14:29:57.946595,Learning_DQN,full_run_train_20260531_141816,,517,1000,335,-1.43496887515924,-589.0350804184342,-1.1393328441362363,1.0,970.46,1,ok,,DQN\dqn_model
2026-05-31T14:30:00.186603,Learning_DQN,full_run_train_20260531_141816,,518,1000,335,-0.7596919809220543,-589.7947723993568,-1.138599946716905,1.0,971.01,1,ok,,DQN\dqn_model
2026-05-31T14:30:02.098275,Learning_DQN,full_run_train_20260531_141816,,519,1000,335,-0.2578262977871985,-590.0525986971434,-1.1369028876630893,1.0,971.45,1,ok,,DQN\dqn_model
2026-05-31T14:30:04.103442,Learning_DQN,full_run_train_20260531_141816,,520,1000,335,-2.5332520648244476,-592.5858507619681,-1.1395881745422465,1.0,972.0,1,ok,,DQN\dqn_model
2026-05-31T14:30:05.951158,Learning_DQN,full_run_train_20260531_141816,,521,1000,335,-0.9826939229190047,-593.568544684887,-1.139287033944121,1.0,972.43,1,ok,,DQN\dqn_model
2026-05-31T14:30:07.818877,Learning_DQN,full_run_train_20260531_141816,,522,1000,335,-1.7071804065196268,-595.2757250914063,-1.1403749522823876,1.0,972.92,1,ok,,DQN\dqn_model
2026-05-31T14:30:09.616334,Learning_DQN,full_run_train_20260531_141816,,523,1000,335,-1.2958757190832693,-596.5716008104897,-1.1406722768843016,1.0,973.41,1,ok,,DQN\dqn_model
2026-05-31T14:30:11.471324,Learning_DQN,full_run_train_20260531_141816,,524,1000,335,-1.537637803301654,-598.1092386137914,-1.141429844682808,1.0,973.83,1,ok,,DQN\dqn_model
2026-05-31T14:30:13.300283,Learning_DQN,full_run_train_20260531_141816,,525,1000,335,-0.8907527011138987,-598.9999913149054,-1.1409523644093436,1.0,974.4,1,ok,,DQN\dqn_model
2026-05-31T14:30:15.219808,Learning_DQN,full_run_train_20260531_141816,,526,1000,335,-0.849563611212007,-599.8495549261172,-1.14039839339566,1.0,974.84,1,ok,,DQN\dqn_model
2026-05-31T14:30:17.054137,Learning_DQN,full_run_train_20260531_141816,,527,1000,335,-2.538354342733728,-602.3879092688509,-1.1430510612312161,1.0,975.33,1,ok,,DQN\dqn_model
2026-05-31T14:30:18.957310,Learning_DQN,full_run_train_20260531_141816,,528,1000,335,-0.8415718284935955,-603.2294810973442,-1.1424800778358792,1.0,975.84,1,ok,,DQN\dqn_model
2026-05-31T14:30:20.806116,Learning_DQN,full_run_train_20260531_141816,,529,1000,335,-0.7208500685660608,-603.9503311659103,-1.14168304568225,1.0,976.29,1,ok,,DQN\dqn_model
2026-05-31T14:30:22.661877,Learning_DQN,full_run_train_20260531_141816,,530,1000,335,-1.4727553117308072,-605.4230864776416,-1.1423077103351729,1.0,976.84,1,ok,,DQN\dqn_model
2026-05-31T14:30:24.574041,Learning_DQN,full_run_train_20260531_141816,,531,1000,335,-1.5758039705005291,-606.9988904481412,-1.143124087472959,1.0,977.29,1,ok,,DQN\dqn_model
2026-05-31T14:30:26.454145,Learning_DQN,full_run_train_20260531_141816,,532,1000,335,-1.2580060471749248,-608.2568964953152,-1.1433400310062316,1.0,977.87,1,ok,,DQN\dqn_model
2026-05-31T14:30:28.305259,Learning_DQN,full_run_train_20260531_141816,,533,1000,335,-1.0159577038074097,-609.2728541991221,-1.1431010397732122,1.0,978.3,1,ok,,DQN\dqn_model
2026-05-31T14:30:30.192126,Learning_DQN,full_run_train_20260531_141816,,534,1000,335,-1.5522717439466034,-610.8251259430691,-1.1438672770469458,1.0,978.81,1,ok,,DQN\dqn_model
2026-05-31T14:30:32.082465,Learning_DQN,full_run_train_20260531_141816,,535,1000,335,-1.4047681974913735,-612.22989414056,-1.1443549423188037,1.0,979.33,1,ok,,DQN\dqn_model
2026-05-31T14:30:33.967577,Learning_DQN,full_run_train_20260531_141816,,536,1000,335,-0.7255597274367367,-612.9554538679976,-1.143573607962682,1.0,979.75,1,ok,,DQN\dqn_model
2026-05-31T14:30:35.821359,Learning_DQN,full_run_train_20260531_141816,,537,1000,335,-0.9111093937604479,-613.8665632617578,-1.1431407137090464,1.0,980.34,1,ok,,DQN\dqn_model
2026-05-31T14:30:37.716180,Learning_DQN,full_run_train_20260531_141816,,538,1000,335,-0.3549123131963243,-614.221475574955,-1.141675605157909,1.0,980.79,1,ok,,DQN\dqn_model
2026-05-31T14:30:39.571583,Learning_DQN,full_run_train_20260531_141816,,539,1000,335,-1.3459389119001783,-615.5674144868551,-1.1420545723318276,1.0,981.52,1,ok,,DQN\dqn_model
2026-05-31T14:30:41.411499,Learning_DQN,full_run_train_20260531_141816,,540,1000,335,-1.1188636274704817,-616.6862781143246,-1.1420116261376383,1.0,982.01,1,ok,,DQN\dqn_model
2026-05-31T14:30:43.455002,Learning_DQN,full_run_train_20260531_141816,,541,1000,335,-1.3684605257332987,-618.054738640057,-1.1424302008134142,1.0,982.44,1,ok,,DQN\dqn_model
2026-05-31T14:30:45.324529,Learning_DQN,full_run_train_20260531_141816,,542,1000,335,-0.32676346932192096,-618.3815021093793,-1.1409252806446113,1.0,983.0,1,ok,,DQN\dqn_model
2026-05-31T14:30:47.221391,Learning_DQN,full_run_train_20260531_141816,,543,1000,335,-0.5959634592728057,-618.9774655686518,-1.1399216677139077,1.0,983.43,1,ok,,DQN\dqn_model
2026-05-31T14:30:49.078659,Learning_DQN,full_run_train_20260531_141816,,544,1000,335,-1.1470000218699652,-620.1244655905217,-1.1399346793943415,1.0,983.92,1,ok,,DQN\dqn_model
2026-05-31T14:30:50.954270,Learning_DQN,full_run_train_20260531_141816,,545,1000,335,-2.649479249966699,-622.7739448404884,-1.1427044859458504,1.0,984.41,1,ok,,DQN\dqn_model
2026-05-31T14:30:52.827760,Learning_DQN,full_run_train_20260531_141816,,546,1000,335,-1.9979348031327069,-624.7718796436211,-1.144270841838134,1.0,985.03,1,ok,,DQN\dqn_model
2026-05-31T14:30:54.684322,Learning_DQN,full_run_train_20260531_141816,,547,1000,335,-1.7935480880815435,-626.5654277317027,-1.145457820350462,1.0,985.52,1,ok,,DQN\dqn_model
2026-05-31T14:30:56.656299,Learning_DQN,full_run_train_20260531_141816,,548,1000,335,-1.886619739224259,-628.4520474709276,-1.1468103056038825,1.0,985.95,1,ok,,DQN\dqn_model
2026-05-31T14:30:58.629195,Learning_DQN,full_run_train_20260531_141816,,549,1000,335,-0.9891574367026278,-629.4412049076299,-1.146523141908251,1.0,986.51,1,ok,,DQN\dqn_model
2026-05-31T14:31:00.535343,Learning_DQN,full_run_train_20260531_141816,,550,1000,335,-0.7464152568745985,-630.1876201645042,-1.1457956730263712,1.0,986.94,1,ok,,DQN\dqn_model
2026-05-31T14:31:02.492909,Learning_DQN,full_run_train_20260531_141816,,551,1000,335,-1.0232301964515178,-631.2108503609555,-1.14557323114511,1.0,987.43,1,ok,,DQN\dqn_model
2026-05-31T14:31:04.477262,Learning_DQN,full_run_train_20260531_141816,,552,1000,335,-0.5275455361046718,-631.7383958970598,-1.1444536157555432,1.0,987.95,1,ok,,DQN\dqn_model
2026-05-31T14:31:06.449740,Learning_DQN,full_run_train_20260531_141816,,553,1000,335,-0.7595773637277166,-632.4979732607873,-1.1437576369996154,1.0,988.42,1,ok,,DQN\dqn_model
2026-05-31T14:31:08.332764,Learning_DQN,full_run_train_20260531_141816,,554,1000,335,-0.9602784033095563,-633.4582516640977,-1.1434264470471078,1.0,988.97,1,ok,,DQN\dqn_model
2026-05-31T14:31:10.237339,Learning_DQN,full_run_train_20260531_141816,,555,1000,335,-1.1595363104520098,-634.61778797455,-1.143455473828018,1.0,989.4,1,ok,,DQN\dqn_model
2026-05-31T14:31:12.128149,Learning_DQN,full_run_train_20260531_141816,,556,1000,335,-0.7342714198226621,-635.352059394374,-1.1427195312848453,1.0,989.89,1,ok,,DQN\dqn_model
2026-05-31T14:31:14.035316,Learning_DQN,full_run_train_20260531_141816,,557,1000,335,-0.7113942006639351,-636.0634535950378,-1.1419451590575185,1.0,990.51,1,ok,,DQN\dqn_model
2026-05-31T14:31:15.943064,Learning_DQN,full_run_train_20260531_141816,,558,1000,335,-1.7927080515504488,-637.8561616465879,-1.1431114008003367,1.0,990.99,1,ok,,DQN\dqn_model
2026-05-31T14:31:17.873063,Learning_DQN,full_run_train_20260531_141816,,559,1000,335,-0.22157425049897803,-638.0777358970864,-1.141462854914287,1.0,991.51,1,ok,,DQN\dqn_model
2026-05-31T14:31:19.775471,Learning_DQN,full_run_train_20260531_141816,,560,1000,335,-1.0876027688272403,-639.165338665913,-1.1413666761891303,1.0,991.93,1,ok,,DQN\dqn_model
2026-05-31T14:31:21.693887,Learning_DQN,full_run_train_20260531_141816,,561,1000,335,-2.8421632597666577,-642.0075019256797,-1.1443983991545092,1.0,992.55,1,ok,,DQN\dqn_model
2026-05-31T14:31:23.704412,Learning_DQN,full_run_train_20260531_141816,,562,1000,335,-0.724640749433806,-642.7321426751129,-1.143651499421909,1.0,992.98,1,ok,,DQN\dqn_model
2026-05-31T14:31:25.618940,Learning_DQN,full_run_train_20260531_141816,,563,1000,335,-1.927717104230003,-644.6598597793419,-1.1450441559135736,1.0,993.59,1,ok,,DQN\dqn_model
2026-05-31T14:31:27.525676,Learning_DQN,full_run_train_20260531_141816,,564,1000,335,-1.685673502074866,-646.3455332814166,-1.146002718584072,1.0,994.05,1,ok,,DQN\dqn_model
2026-05-31T14:31:29.439149,Learning_DQN,full_run_train_20260531_141816,,565,1000,335,-1.480831981199978,-647.8263652626152,-1.1465953367479915,1.0,994.52,1,ok,,DQN\dqn_model
2026-05-31T14:31:31.455949,Learning_DQN,full_run_train_20260531_141816,,566,1000,335,-0.5451332186339296,-648.3714984812484,-1.1455326828290608,1.0,995.07,1,ok,,DQN\dqn_model
2026-05-31T14:31:33.377425,Learning_DQN,full_run_train_20260531_141816,,567,1000,335,-0.8223156874027326,-649.193814168651,-1.1449626352180793,1.0,995.5,1,ok,,DQN\dqn_model
2026-05-31T14:31:35.334148,Learning_DQN,full_run_train_20260531_141816,,568,1000,335,-1.4005412472719825,-650.5943554159232,-1.1454125975632452,1.0,996.05,1,ok,,DQN\dqn_model
2026-05-31T14:31:37.255035,Learning_DQN,full_run_train_20260531_141816,,569,1000,335,-0.533014513216858,-651.1273699291402,-1.1443363267647455,1.0,996.49,1,ok,,DQN\dqn_model
2026-05-31T14:31:39.186302,Learning_DQN,full_run_train_20260531_141816,,570,1000,335,0.18500625587276393,-650.9423636732679,-1.142004146795207,1.0,996.92,1,ok,,DQN\dqn_model
2026-05-31T14:31:41.103907,Learning_DQN,full_run_train_20260531_141816,,571,1000,335,-0.6350020896196595,-651.5773657628877,-1.141116227255495,1.0,997.6,1,ok,,DQN\dqn_model
2026-05-31T14:31:43.042188,Learning_DQN,full_run_train_20260531_141816,,572,1000,335,-1.5300551803857474,-653.1074209432737,-1.1417961904602687,1.0,998.03,1,ok,,DQN\dqn_model
2026-05-31T14:31:44.979151,Learning_DQN,full_run_train_20260531_141816,,573,1000,335,-0.939495133210609,-654.0469160764845,-1.1414431345139346,1.0,998.59,1,ok,,DQN\dqn_model
2026-05-31T14:31:46.946091,Learning_DQN,full_run_train_20260531_141816,,574,1000,335,-1.1137751701345056,-655.1606912466186,-1.1413949324853983,1.0,999.02,1,ok,,DQN\dqn_model
2026-05-31T14:31:48.877316,Learning_DQN,full_run_train_20260531_141816,,575,1000,335,-0.8252750548859494,-655.9859663015036,-1.1408451587852237,1.0,999.5,1,ok,,DQN\dqn_model
2026-05-31T14:31:50.873487,Learning_DQN,full_run_train_20260531_141816,,576,1000,335,-0.6127914542198318,-656.5987577557233,-1.1399283988814641,1.0,1000.0,1,ok,,DQN\dqn_model
2026-05-31T14:31:52.839595,Learning_DQN,full_run_train_20260531_141816,,577,1000,335,-0.8115819238778613,-657.4103396796,-1.139359340865858,1.0,1000.49,1,ok,,DQN\dqn_model
2026-05-31T14:31:54.839491,Learning_DQN,full_run_train_20260531_141816,,578,1000,335,-0.23219215246196034,-657.6425318320618,-1.1377898474603145,1.0,1001.05,1,ok,,DQN\dqn_model
2026-05-31T14:31:56.767550,Learning_DQN,full_run_train_20260531_141816,,579,1000,335,-1.260045269071055,-658.9025771011321,-1.1380009967204354,1.0,1001.48,1,ok,,DQN\dqn_model
2026-05-31T14:31:58.679297,Learning_DQN,full_run_train_20260531_141816,,580,1000,335,-0.8340192858000001,-659.7365963869323,-1.1374768903222972,1.0,1001.97,1,ok,,DQN\dqn_model
2026-05-31T14:32:00.637633,Learning_DQN,full_run_train_20260531_141816,,581,1000,335,-0.8470053301227622,-660.5836017170546,-1.136976939272039,1.0,1002.46,1,ok,,DQN\dqn_model
2026-05-31T14:32:02.595485,Learning_DQN,full_run_train_20260531_141816,,582,1000,335,-0.7161147573811325,-661.2997164744353,-1.1362538083753184,1.0,1002.89,1,ok,,DQN\dqn_model
2026-05-31T14:32:04.611938,Learning_DQN,full_run_train_20260531_141816,,583,1000,335,-0.904761780393525,-662.2044782548289,-1.1358567380014217,1.0,1003.49,1,ok,,DQN\dqn_model
2026-05-31T14:32:06.545532,Learning_DQN,full_run_train_20260531_141816,,584,1000,335,-0.7127384511446836,-662.9172167059735,-1.135132220386941,1.0,1003.93,1,ok,,DQN\dqn_model
2026-05-31T14:32:08.503992,Learning_DQN,full_run_train_20260531_141816,,585,1000,335,-0.5556914456390831,-663.4729081516128,-1.1341417233360904,1.0,1004.43,1,ok,,DQN\dqn_model
2026-05-31T14:32:10.437250,Learning_DQN,full_run_train_20260531_141816,,586,1000,335,-1.1326674895916224,-664.6055756412043,-1.1341392075788468,1.0,1004.87,1,ok,,DQN\dqn_model
2026-05-31T14:32:12.345464,Learning_DQN,full_run_train_20260531_141816,,587,1000,335,-0.9246661837884201,-665.5302418249917,-1.1337823540459824,1.0,1005.39,1,ok,,DQN\dqn_model
2026-05-31T14:32:14.297210,Learning_DQN,full_run_train_20260531_141816,,588,1000,335,-1.3174254358286936,-666.8476672608203,-1.1340946722122796,1.0,1005.87,1,ok,,DQN\dqn_model
2026-05-31T14:32:16.279420,Learning_DQN,full_run_train_20260531_141816,,589,1000,335,-0.7031523267180754,-667.5508195875387,-1.1333630213710335,1.0,1006.31,1,ok,,DQN\dqn_model
2026-05-31T14:32:18.308403,Learning_DQN,full_run_train_20260531_141816,,590,1000,335,-0.6589778846639458,-668.2097974722028,-1.1325589787664454,1.0,1006.91,1,ok,,DQN\dqn_model
2026-05-31T14:32:20.335399,Learning_DQN,full_run_train_20260531_141816,,591,1000,335,-1.329706691929572,-669.5395041641318,-1.1328925620374481,1.0,1007.35,1,ok,,DQN\dqn_model
2026-05-31T14:32:22.343675,Learning_DQN,full_run_train_20260531_141816,,592,1000,335,-0.6350955540485589,-670.1745997181808,-1.1320516887131433,1.0,1007.8,1,ok,,DQN\dqn_model
2026-05-31T14:32:24.384838,Learning_DQN,full_run_train_20260531_141816,,593,1000,335,-0.7987180665738658,-670.973317784754,-1.1314895746791804,1.0,1008.37,1,ok,,DQN\dqn_model
2026-05-31T14:32:26.354381,Learning_DQN,full_run_train_20260531_141816,,594,1000,335,-0.7383142168389301,-671.7116320015929,-1.1308276633023449,1.0,1008.81,1,ok,,DQN\dqn_model
2026-05-31T14:32:28.323254,Learning_DQN,full_run_train_20260531_141816,,595,1000,335,-0.9562238777623479,-672.6678558793556,-1.1305342115619421,1.0,1009.33,1,ok,,DQN\dqn_model
2026-05-31T14:32:30.325419,Learning_DQN,full_run_train_20260531_141816,,596,1000,335,-0.7571710403234879,-673.425026919678,-1.1299077632880503,1.0,1009.76,1,ok,,DQN\dqn_model
2026-05-31T14:32:32.301903,Learning_DQN,full_run_train_20260531_141816,,597,1000,335,-1.1114982040307957,-674.5365251237085,-1.1298769265053745,1.0,1010.27,1,ok,,DQN\dqn_model
2026-05-31T14:32:34.319018,Learning_DQN,full_run_train_20260531_141816,,598,1000,335,-1.2877618733087501,-675.824286997017,-1.1301409481555469,1.0,1010.78,1,ok,,DQN\dqn_model
2026-05-31T14:32:36.315493,Learning_DQN,full_run_train_20260531_141816,,599,1000,335,-1.5205309175081636,-677.3448179145248,-1.130792684331427,1.0,1011.23,1,ok,,DQN\dqn_model
2026-05-31T14:32:38.306118,Learning_DQN,full_run_train_20260531_141816,,600,1000,335,-1.8176870818145134,-679.1625049963384,-1.1319375083272307,1.0,1011.82,1,ok,,DQN\dqn_model
2026-05-31T14:32:40.333636,Learning_DQN,full_run_train_20260531_141816,,601,1000,335,-1.4422123766641133,-680.6047173730014,-1.1324537726672237,1.0,1012.29,1,ok,,DQN\dqn_model
2026-05-31T14:32:42.369569,Learning_DQN,full_run_train_20260531_141816,,602,1000,335,-1.1803425839682244,-681.7850599569706,-1.1325333221876588,1.0,1012.85,1,ok,,DQN\dqn_model
2026-05-31T14:32:44.381120,Learning_DQN,full_run_train_20260531_141816,,603,1000,335,-0.9752355366389176,-682.7602954936095,-1.1322724635051569,1.0,1013.25,1,ok,,DQN\dqn_model
2026-05-31T14:32:46.410917,Learning_DQN,full_run_train_20260531_141816,,604,1000,335,-2.752688180702555,-685.5129836743126,-1.1349552709839614,1.0,1013.77,1,ok,,DQN\dqn_model
2026-05-31T14:32:48.430967,Learning_DQN,full_run_train_20260531_141816,,605,1000,335,-0.8745380506702417,-686.3875217249831,-1.1345248292974928,1.0,1014.25,1,ok,,DQN\dqn_model
2026-05-31T14:32:50.458309,Learning_DQN,full_run_train_20260531_141816,,606,1000,335,-0.6227175973484989,-687.0102393223322,-1.1336802629081388,1.0,1014.99,1,ok,,DQN\dqn_model
2026-05-31T14:32:52.430001,Learning_DQN,full_run_train_20260531_141816,,607,1000,335,-0.6359461613835095,-687.6461854837157,-1.1328602726255614,1.0,1015.58,1,ok,,DQN\dqn_model
2026-05-31T14:32:54.378589,Learning_DQN,full_run_train_20260531_141816,,608,1000,335,-1.1521009151436015,-688.7982863988584,-1.132891918419175,1.0,1016.02,1,ok,,DQN\dqn_model
2026-05-31T14:32:56.406628,Learning_DQN,full_run_train_20260531_141816,,609,1000,335,-1.6549010720720634,-690.45318747093,-1.1337490763069458,1.0,1016.58,1,ok,,DQN\dqn_model
2026-05-31T14:32:58.427407,Learning_DQN,full_run_train_20260531_141816,,610,1000,335,-1.1312916909532154,-691.5844791618823,-1.1337450478063644,1.0,1017.09,1,ok,,DQN\dqn_model
2026-05-31T14:33:00.445158,Learning_DQN,full_run_train_20260531_141816,,611,1000,335,-2.349857112929673,-693.9343362748118,-1.135735411251738,1.0,1017.52,1,ok,,DQN\dqn_model
2026-05-31T14:33:02.468948,Learning_DQN,full_run_train_20260531_141816,,612,1000,335,-0.8200173237832912,-694.7543535985943,-1.135219532023847,1.0,1018.03,1,ok,,DQN\dqn_model
2026-05-31T14:33:04.565319,Learning_DQN,full_run_train_20260531_141816,,613,1000,335,-1.0328287649349013,-695.7871823635304,-1.1350524997773743,1.0,1018.52,1,ok,,DQN\dqn_model
2026-05-31T14:33:06.628085,Learning_DQN,full_run_train_20260531_141816,,614,1000,335,-0.6769466312678208,-696.4641289947987,-1.13430639901433,1.0,1019.07,1,ok,,DQN\dqn_model
2026-05-31T14:33:08.688142,Learning_DQN,full_run_train_20260531_141816,,615,1000,335,-1.048509374739482,-697.5126383695383,-1.1341668916577858,1.0,1019.54,1,ok,,DQN\dqn_model
2026-05-31T14:33:10.701888,Learning_DQN,full_run_train_20260531_141816,,616,1000,335,-1.5810348646617152,-699.0936732341994,-1.134892326678895,1.0,1020.0,1,ok,,DQN\dqn_model
2026-05-31T14:33:12.724523,Learning_DQN,full_run_train_20260531_141816,,617,1000,335,-0.41993395780572024,-699.5136071920048,-1.1337335610891488,1.0,1020.54,1,ok,,DQN\dqn_model
2026-05-31T14:33:14.743321,Learning_DQN,full_run_train_20260531_141816,,618,1000,335,-0.8445146555047501,-700.3581218475089,-1.1332655693325386,1.0,1020.99,1,ok,,DQN\dqn_model
2026-05-31T14:33:16.760123,Learning_DQN,full_run_train_20260531_141816,,619,1000,335,-1.0086892214872993,-701.3668110689956,-1.1330643151356956,1.0,1021.61,1,ok,,DQN\dqn_model
2026-05-31T14:33:18.757987,Learning_DQN,full_run_train_20260531_141816,,620,1000,335,-1.0953764379371547,-702.4621875069334,-1.1330035282369895,1.0,1021.98,1,ok,,DQN\dqn_model
2026-05-31T14:33:20.834457,Learning_DQN,full_run_train_20260531_141816,,621,1000,335,-0.7458567337379931,-703.208044240672,-1.132380103447137,1.0,1022.48,1,ok,,DQN\dqn_model
2026-05-31T14:33:22.869572,Learning_DQN,full_run_train_20260531_141816,,622,1000,335,-1.0729506014142651,-704.2809948420855,-1.1322845576239318,1.0,1022.97,1,ok,,DQN\dqn_model
2026-05-31T14:33:24.914934,Learning_DQN,full_run_train_20260531_141816,,623,1000,335,-1.0511775710053233,-705.3321724130899,-1.132154369844446,1.0,1023.43,1,ok,,DQN\dqn_model
2026-05-31T14:33:26.942339,Learning_DQN,full_run_train_20260531_141816,,624,1000,335,-1.2382898970879403,-706.5704623101778,-1.132324458830413,1.0,1024.0,1,ok,,DQN\dqn_model
2026-05-31T14:33:28.976529,Learning_DQN,full_run_train_20260531_141816,,625,1000,335,-1.5131545978366954,-708.0836169080146,-1.1329337870528233,1.0,1024.43,1,ok,,DQN\dqn_model
2026-05-31T14:33:31.069184,Learning_DQN,full_run_train_20260531_141816,,626,1000,335,-0.5157844016722651,-708.5994013096871,-1.1319479254148357,1.0,1024.94,1,ok,,DQN\dqn_model
2026-05-31T14:33:33.140755,Learning_DQN,full_run_train_20260531_141816,,627,1000,335,-1.7797425254592552,-710.3791438351466,-1.1329810906461668,1.0,1025.46,1,ok,,DQN\dqn_model
2026-05-31T14:33:35.197269,Learning_DQN,full_run_train_20260531_141816,,628,1000,335,-1.1001340102701198,-711.4792778454165,-1.1329287863780517,1.0,1025.94,1,ok,,DQN\dqn_model
2026-05-31T14:33:37.237764,Learning_DQN,full_run_train_20260531_141816,,629,1000,335,-1.3922110159037784,-712.8714888613201,-1.1333409997795232,1.0,1026.56,1,ok,,DQN\dqn_model
2026-05-31T14:33:39.334349,Learning_DQN,full_run_train_20260531_141816,,630,1000,335,-1.2450455059286252,-714.1165343672492,-1.1335183085194431,1.0,1026.99,1,ok,,DQN\dqn_model
2026-05-31T14:33:41.375662,Learning_DQN,full_run_train_20260531_141816,,631,1000,335,-0.9996000475091008,-715.1161344147584,-1.133306076727034,1.0,1027.54,1,ok,,DQN\dqn_model
2026-05-31T14:33:43.452057,Learning_DQN,full_run_train_20260531_141816,,632,1000,335,-0.5769741123443077,-715.6931085271028,-1.132425804631492,1.0,1028.0,1,ok,,DQN\dqn_model
2026-05-31T14:33:45.521214,Learning_DQN,full_run_train_20260531_141816,,633,1000,335,-0.8676148440650222,-716.5607233711681,-1.1320074618817821,1.0,1028.56,1,ok,,DQN\dqn_model
2026-05-31T14:33:47.606271,Learning_DQN,full_run_train_20260531_141816,,634,1000,335,-0.6782079844056293,-717.2389313555747,-1.1312916898352912,1.0,1029.02,1,ok,,DQN\dqn_model
2026-05-31T14:33:49.662162,Learning_DQN,full_run_train_20260531_141816,,635,1000,335,-1.0337355882692383,-718.272666943844,-1.1311380581792818,1.0,1029.5,1,ok,,DQN\dqn_model
2026-05-31T14:33:51.731416,Learning_DQN,full_run_train_20260531_141816,,636,1000,335,-1.0021019092100445,-719.2747688530541,-1.1309351711526008,1.0,1030.06,1,ok,,DQN\dqn_model
2026-05-31T14:33:53.778467,Learning_DQN,full_run_train_20260531_141816,,637,1000,335,-1.94194762880487,-721.2167164818586,-1.1322083461253667,1.0,1030.44,1,ok,,DQN\dqn_model
2026-05-31T14:33:55.911999,Learning_DQN,full_run_train_20260531_141816,,638,1000,335,-1.270892279289987,-722.4876087611484,-1.1324257190613611,1.0,1030.99,1,ok,,DQN\dqn_model
2026-05-31T14:33:57.963381,Learning_DQN,full_run_train_20260531_141816,,639,1000,335,-1.3738871049324552,-723.86149586608,-1.1328035929046634,1.0,1031.46,1,ok,,DQN\dqn_model
2026-05-31T14:34:00.012849,Learning_DQN,full_run_train_20260531_141816,,640,1000,335,-1.1892684353221625,-725.0507643014025,-1.1328918192209414,1.0,1031.92,1,ok,,DQN\dqn_model
2026-05-31T14:34:02.112994,Learning_DQN,full_run_train_20260531_141816,,641,1000,335,-0.4470162107122559,-725.497780512115,-1.1318218104713182,1.0,1032.5,1,ok,,DQN\dqn_model
2026-05-31T14:34:04.279474,Learning_DQN,full_run_train_20260531_141816,,642,1000,335,-0.5743313700401456,-726.0721118821557,-1.130953445299308,1.0,1033.0,1,ok,,DQN\dqn_model
2026-05-31T14:34:06.384798,Learning_DQN,full_run_train_20260531_141816,,643,1000,335,-1.187476866838163,-727.2595887489939,-1.1310413510870823,1.0,1033.56,1,ok,,DQN\dqn_model
2026-05-31T14:34:08.498512,Learning_DQN,full_run_train_20260531_141816,,644,1000,335,-0.45382014639338203,-727.7134088953875,-1.1299897653655084,1.0,1034.0,1,ok,,DQN\dqn_model
2026-05-31T14:34:10.555615,Learning_DQN,full_run_train_20260531_141816,,645,1000,335,-0.9469660117412476,-728.6603749071293,-1.1297060076079524,1.0,1034.5,1,ok,,DQN\dqn_model
2026-05-31T14:34:12.613040,Learning_DQN,full_run_train_20260531_141816,,646,1000,335,-0.8273513202786029,-729.4877262274078,-1.129237966296297,1.0,1034.94,1,ok,,DQN\dqn_model
2026-05-31T14:34:14.723323,Learning_DQN,full_run_train_20260531_141816,,647,1000,335,-1.0179007745156359,-730.5056270019232,-1.1290658840833434,1.0,1035.36,1,ok,,DQN\dqn_model
2026-05-31T14:34:16.821006,Learning_DQN,full_run_train_20260531_141816,,648,1000,335,0.6098505795924569,-729.8957764223309,-1.1263823710221155,1.0,1035.92,1,ok,,DQN\dqn_model
2026-05-31T14:34:18.920094,Learning_DQN,full_run_train_20260531_141816,,649,1000,335,-0.9340821483440432,-730.829858570674,-1.1260860686759229,1.0,1036.35,1,ok,,DQN\dqn_model
2026-05-31T14:34:21.034532,Learning_DQN,full_run_train_20260531_141816,,650,1000,335,-1.1021967831347748,-731.932055353809,-1.1260493159289369,1.0,1036.88,1,ok,,DQN\dqn_model
2026-05-31T14:34:23.122292,Learning_DQN,full_run_train_20260531_141816,,651,1000,335,-1.0165631048791224,-732.9486184586876,-1.1258811343451423,1.0,1037.38,1,ok,,DQN\dqn_model
2026-05-31T14:34:25.253595,Learning_DQN,full_run_train_20260531_141816,,652,1000,335,-0.768011815376134,-733.716630274063,-1.1253322550215692,1.0,1037.77,1,ok,,DQN\dqn_model
2026-05-31T14:34:27.367468,Learning_DQN,full_run_train_20260531_141816,,653,1000,335,-1.5527814592340226,-735.2694117332967,-1.125986847983609,1.0,1038.39,1,ok,,DQN\dqn_model
2026-05-31T14:34:29.445054,Learning_DQN,full_run_train_20260531_141816,,654,1000,335,-2.088673288303643,-737.3580850216013,-1.1274588455987786,1.0,1038.77,1,ok,,DQN\dqn_model
2026-05-31T14:34:31.514317,Learning_DQN,full_run_train_20260531_141816,,655,1000,335,-0.29122331373361876,-737.6493083353351,-1.1261821501302827,1.0,1039.41,1,ok,,DQN\dqn_model
2026-05-31T14:34:33.614356,Learning_DQN,full_run_train_20260531_141816,,656,1000,335,-0.5222007876186728,-738.1715091229544,-1.1252614468337718,1.0,1039.9,1,ok,,DQN\dqn_model
2026-05-31T14:34:35.656003,Learning_DQN,full_run_train_20260531_141816,,657,1000,335,-1.5546649722148171,-739.7261740951687,-1.1259150290641837,1.0,1040.39,1,ok,,DQN\dqn_model
2026-05-31T14:34:37.755020,Learning_DQN,full_run_train_20260531_141816,,658,1000,335,-1.9380843599953117,-741.6642584551643,-1.1271493289592163,1.0,1040.93,1,ok,,DQN\dqn_model
2026-05-31T14:34:39.868948,Learning_DQN,full_run_train_20260531_141816,,659,1000,335,-1.5318775932568707,-743.1961360484212,-1.1277634841402446,1.0,1041.38,1,ok,,DQN\dqn_model
2026-05-31T14:34:42.015317,Learning_DQN,full_run_train_20260531_141816,,660,1000,335,-0.9555731838351899,-744.1517092322574,-1.1275025897458446,1.0,1041.95,1,ok,,DQN\dqn_model
2026-05-31T14:34:44.167222,Learning_DQN,full_run_train_20260531_141816,,661,1000,335,-1.0809269233150487,-745.2326361555721,-1.1274321273155403,1.0,1042.4,1,ok,,DQN\dqn_model
2026-05-31T14:34:46.281812,Learning_DQN,full_run_train_20260531_141816,,662,1000,335,-1.542480930811184,-746.775117086383,-1.128059089254355,1.0,1042.92,1,ok,,DQN\dqn_model
2026-05-31T14:34:48.369029,Learning_DQN,full_run_train_20260531_141816,,663,1000,335,-1.7968774343917417,-748.5719945207749,-1.1290678650388761,1.0,1043.36,1,ok,,DQN\dqn_model
2026-05-31T14:34:50.550343,Learning_DQN,full_run_train_20260531_141816,,664,1000,335,-1.364449640083306,-749.9364441608586,-1.1294223556639438,1.0,1043.8,1,ok,,DQN\dqn_model
2026-05-31T14:34:52.623521,Learning_DQN,full_run_train_20260531_141816,,665,1000,335,-1.7613041410846615,-751.6977483019434,-1.130372553837509,1.0,1044.38,1,ok,,DQN\dqn_model
2026-05-31T14:34:54.713638,Learning_DQN,full_run_train_20260531_141816,,666,1000,335,-1.9273275907657679,-753.6250758927087,-1.131569183022085,1.0,1044.83,1,ok,,DQN\dqn_model
2026-05-31T14:34:56.829751,Learning_DQN,full_run_train_20260531_141816,,667,1000,335,-1.7327227654007429,-755.3577986581093,-1.1324704627557862,1.0,1045.3,1,ok,,DQN\dqn_model
2026-05-31T14:34:58.918561,Learning_DQN,full_run_train_20260531_141816,,668,1000,335,-0.9891888928207261,-756.3469875509298,-1.1322559693876195,1.0,1045.88,1,ok,,DQN\dqn_model
2026-05-31T14:35:01.013306,Learning_DQN,full_run_train_20260531_141816,,669,1000,335,-1.0097009362893308,-757.3566884872195,-1.132072778007802,1.0,1046.38,1,ok,,DQN\dqn_model
2026-05-31T14:35:03.174487,Learning_DQN,full_run_train_20260531_141816,,670,1000,335,-1.9550705099944583,-759.3117589972132,-1.1333011328316616,1.0,1046.85,1,ok,,DQN\dqn_model
2026-05-31T14:35:05.410541,Learning_DQN,full_run_train_20260531_141816,,671,1000,335,-1.1394515629006001,-760.4512105601137,-1.1333102988973378,1.0,1047.3,1,ok,,DQN\dqn_model
2026-05-31T14:35:07.593944,Learning_DQN,full_run_train_20260531_141816,,672,1000,335,-1.5302859260113606,-761.9814964861255,-1.1339010364376867,1.0,1047.86,1,ok,,DQN\dqn_model
2026-05-31T14:35:09.723334,Learning_DQN,full_run_train_20260531_141816,,673,1000,335,-1.4183191938180402,-763.3998156799425,-1.134323648855784,1.0,1048.31,1,ok,,DQN\dqn_model
2026-05-31T14:35:11.873155,Learning_DQN,full_run_train_20260531_141816,,674,1000,335,-1.4253407973728727,-764.8251564773153,-1.1347554250405272,1.0,1048.82,1,ok,,DQN\dqn_model
2026-05-31T14:35:13.985667,Learning_DQN,full_run_train_20260531_141816,,675,1000,335,-1.3251667046298523,-766.1503231819448,-1.1350375158251034,1.0,1049.35,1,ok,,DQN\dqn_model
2026-05-31T14:35:16.110511,Learning_DQN,full_run_train_20260531_141816,,676,1000,335,-0.9822559265905109,-767.1325791085346,-1.134811507557004,1.0,1049.81,1,ok,,DQN\dqn_model
2026-05-31T14:35:18.253003,Learning_DQN,full_run_train_20260531_141816,,677,1000,335,-0.7924221722226495,-767.9250012807569,-1.1343057626008226,1.0,1050.37,1,ok,,DQN\dqn_model
2026-05-31T14:35:20.397118,Learning_DQN,full_run_train_20260531_141816,,678,1000,335,0.1487665558191471,-767.7762347249376,-1.1324133255530053,1.0,1050.83,1,ok,,DQN\dqn_model
2026-05-31T14:35:22.535144,Learning_DQN,full_run_train_20260531_141816,,679,1000,335,-1.0933684761870988,-768.8696032011243,-1.1323558220929666,1.0,1051.36,1,ok,,DQN\dqn_model
2026-05-31T14:35:24.688811,Learning_DQN,full_run_train_20260531_141816,,680,1000,335,-1.7962933225192756,-770.6658965236434,-1.1333322007700637,1.0,1051.79,1,ok,,DQN\dqn_model
2026-05-31T14:35:26.871985,Learning_DQN,full_run_train_20260531_141816,,681,1000,335,-1.2467796220290743,-771.9126761456719,-1.1334987902285931,1.0,1052.25,1,ok,,DQN\dqn_model
2026-05-31T14:35:29.025085,Learning_DQN,full_run_train_20260531_141816,,682,1000,335,-0.9338942741573683,-772.8465704198289,-1.1332061149850865,1.0,1052.93,1,ok,,DQN\dqn_model
2026-05-31T14:35:31.192217,Learning_DQN,full_run_train_20260531_141816,,683,1000,335,-0.871049557272305,-773.7176199771014,-1.132822284007469,1.0,1053.36,1,ok,,DQN\dqn_model
2026-05-31T14:35:33.311183,Learning_DQN,full_run_train_20260531_141816,,684,1000,335,-1.4243873161066094,-775.1420072932073,-1.1332485486742796,1.0,1053.96,1,ok,,DQN\dqn_model
2026-05-31T14:35:35.429231,Learning_DQN,full_run_train_20260531_141816,,685,1000,335,-0.9851516231223694,-776.1271589163294,-1.1330323487829628,1.0,1054.41,1,ok,,DQN\dqn_model
2026-05-31T14:35:37.527935,Learning_DQN,full_run_train_20260531_141816,,686,1000,335,-1.5871890825511608,-777.7143479988806,-1.1336943848380183,1.0,1054.91,1,ok,,DQN\dqn_model
2026-05-31T14:35:39.641720,Learning_DQN,full_run_train_20260531_141816,,687,1000,335,-0.9494050340243998,-778.6637530329047,-1.133426132507867,1.0,1055.42,1,ok,,DQN\dqn_model
2026-05-31T14:35:41.764360,Learning_DQN,full_run_train_20260531_141816,,688,1000,335,-1.5262459142605114,-780.1899989471648,-1.133997091492972,1.0,1055.81,1,ok,,DQN\dqn_model
2026-05-31T14:35:43.940587,Learning_DQN,full_run_train_20260531_141816,,689,1000,335,-0.4873775445128455,-780.6773764916773,-1.1330586015844373,1.0,1056.36,1,ok,,DQN\dqn_model
2026-05-31T14:35:46.145617,Learning_DQN,full_run_train_20260531_141816,,690,1000,335,-1.4212441166428582,-782.0986206083196,-1.1334762617511878,1.0,1056.93,1,ok,,DQN\dqn_model
2026-05-31T14:35:48.328015,Learning_DQN,full_run_train_20260531_141816,,691,1000,335,-1.710652865595401,-783.8092734739157,-1.1343115390360574,1.0,1057.43,1,ok,,DQN\dqn_model
2026-05-31T14:35:50.473234,Learning_DQN,full_run_train_20260531_141816,,692,1000,335,-2.146541468233001,-785.9558149421489,-1.135774299049348,1.0,1057.88,1,ok,,DQN\dqn_model
2026-05-31T14:35:52.585697,Learning_DQN,full_run_train_20260531_141816,,693,1000,335,-1.9049754747869232,-787.8607904169355,-1.1368842574558955,1.0,1058.39,1,ok,,DQN\dqn_model
2026-05-31T14:35:54.750277,Learning_DQN,full_run_train_20260531_141816,,694,1000,335,-0.7516591586730341,-788.6124495756083,-1.1363291780628362,1.0,1058.96,1,ok,,DQN\dqn_model
2026-05-31T14:35:56.914414,Learning_DQN,full_run_train_20260531_141816,,695,1000,335,-1.816157174822575,-790.4286067504311,-1.1373073478423468,1.0,1059.4,1,ok,,DQN\dqn_model
2026-05-31T14:35:59.036093,Learning_DQN,full_run_train_20260531_141816,,696,1000,335,-0.9703938021854425,-791.3990005526168,-1.137067529529622,1.0,1060.03,1,ok,,DQN\dqn_model
2026-05-31T14:36:01.206564,Learning_DQN,full_run_train_20260531_141816,,697,1000,335,-0.6568216783534913,-792.0558222309696,-1.1363785110917786,1.0,1060.41,1,ok,,DQN\dqn_model
2026-05-31T14:36:03.340724,Learning_DQN,full_run_train_20260531_141816,,698,1000,335,-0.38288439845085687,-792.4387066294206,-1.1352990066324078,1.0,1060.9,1,ok,,DQN\dqn_model
2026-05-31T14:36:05.584546,Learning_DQN,full_run_train_20260531_141816,,699,1000,335,-0.9747950635977323,-793.413501693018,-1.1350693872575366,1.0,1061.4,1,ok,,DQN\dqn_model
2026-05-31T14:36:07.776402,Learning_DQN,full_run_train_20260531_141816,,700,1000,335,-0.9770898382626356,-794.390591531281,-1.1348437021875442,1.0,1061.84,1,ok,,DQN\dqn_model
2026-05-31T14:36:09.940036,Learning_DQN,full_run_train_20260531_141816,,701,1000,335,-1.594834025741277,-795.9854255570232,-1.135499893804598,1.0,1062.43,1,ok,,DQN\dqn_model
2026-05-31T14:36:12.031932,Learning_DQN,full_run_train_20260531_141816,,702,1000,335,-1.5892168274046903,-797.5746423844271,-1.1361462142228307,1.0,1062.9,1,ok,,DQN\dqn_model
2026-05-31T14:36:14.278371,Learning_DQN,full_run_train_20260531_141816,,703,1000,335,-0.7549316091744301,-798.3295739936019,-1.1356039459368448,1.0,1063.56,1,ok,,DQN\dqn_model
2026-05-31T14:36:16.506150,Learning_DQN,full_run_train_20260531_141816,,704,1000,335,-1.596646835003291,-799.9262208286052,-1.1362588364042687,1.0,1064.12,1,ok,,DQN\dqn_model
2026-05-31T14:36:18.749089,Learning_DQN,full_run_train_20260531_141816,,705,1000,335,-0.7160951954573076,-800.6423160240632,-1.1356628596086003,1.0,1064.56,1,ok,,DQN\dqn_model
2026-05-31T14:36:20.864326,Learning_DQN,full_run_train_20260531_141816,,706,1000,335,-1.073869802144159,-801.7161858262073,-1.135575334031455,1.0,1065.06,1,ok,,DQN\dqn_model
2026-05-31T14:36:23.042407,Learning_DQN,full_run_train_20260531_141816,,707,1000,335,-1.2084398801684832,-802.9246257063747,-1.1356783956242924,1.0,1065.49,1,ok,,DQN\dqn_model
2026-05-31T14:36:25.186783,Learning_DQN,full_run_train_20260531_141816,,708,1000,335,-0.8250491164103815,-803.7496748227845,-1.135239653704498,1.0,1065.98,1,ok,,DQN\dqn_model
2026-05-31T14:36:27.391716,Learning_DQN,full_run_train_20260531_141816,,709,1000,335,-1.982907065873245,-805.732581888658,-1.1364352353859775,1.0,1066.48,1,ok,,DQN\dqn_model
2026-05-31T14:36:29.572865,Learning_DQN,full_run_train_20260531_141816,,710,1000,335,-2.1211442312133886,-807.8537261198717,-1.137822149464608,1.0,1067.01,1,ok,,DQN\dqn_model
2026-05-31T14:36:31.692514,Learning_DQN,full_run_train_20260531_141816,,711,1000,335,-1.5464350249305798,-809.4001611448026,-1.138396851117866,1.0,1067.51,1,ok,,DQN\dqn_model
2026-05-31T14:36:33.906910,Learning_DQN,full_run_train_20260531_141816,,712,1000,335,-2.0614297760774583,-811.4615909208792,-1.139693245675392,1.0,1067.95,1,ok,,DQN\dqn_model
2026-05-31T14:36:36.117573,Learning_DQN,full_run_train_20260531_141816,,713,1000,335,-0.6344862724487874,-812.0960771933272,-1.1389846804955501,1.0,1068.52,1,ok,,DQN\dqn_model
2026-05-31T14:36:38.335334,Learning_DQN,full_run_train_20260531_141816,,714,1000,335,-0.46190505873792176,-812.5579822520648,-1.1380363897087742,1.0,1069.0,1,ok,,DQN\dqn_model
2026-05-31T14:36:40.515810,Learning_DQN,full_run_train_20260531_141816,,715,1000,335,-1.0253499747943298,-813.5833322268597,-1.1378787863312723,1.0,1069.52,1,ok,,DQN\dqn_model
2026-05-31T14:36:42.693143,Learning_DQN,full_run_train_20260531_141816,,716,1000,335,-1.0916520608903801,-814.6749842877508,-1.1378142238655737,1.0,1070.01,1,ok,,DQN\dqn_model
2026-05-31T14:36:44.908171,Learning_DQN,full_run_train_20260531_141816,,717,1000,335,-0.9181990162498876,-815.5931833040001,-1.1375079265048818,1.0,1070.44,1,ok,,DQN\dqn_model
2026-05-31T14:36:47.105960,Learning_DQN,full_run_train_20260531_141816,,718,1000,335,-1.5246357938346637,-817.1178190978351,-1.1380471018075697,1.0,1071.03,1,ok,,DQN\dqn_model
2026-05-31T14:36:49.275835,Learning_DQN,full_run_train_20260531_141816,,719,1000,335,-0.5122563655395954,-817.6300754633736,-1.1371767391701997,1.0,1071.47,1,ok,,DQN\dqn_model
2026-05-31T14:36:51.478543,Learning_DQN,full_run_train_20260531_141816,,720,1000,335,-1.0326943152024621,-818.6627697785757,-1.1370316246924663,1.0,1072.04,1,ok,,DQN\dqn_model
2026-05-31T14:36:53.653801,Learning_DQN,full_run_train_20260531_141816,,721,1000,335,-0.46439961028966964,-819.1271693888658,-1.1360987092772064,1.0,1072.54,1,ok,,DQN\dqn_model
2026-05-31T14:36:55.778529,Learning_DQN,full_run_train_20260531_141816,,722,1000,335,-1.3671657327601359,-820.4943351216247,-1.1364187467058513,1.0,1072.98,1,ok,,DQN\dqn_model
2026-05-31T14:36:58.007154,Learning_DQN,full_run_train_20260531_141816,,723,1000,335,-1.1614961842388418,-821.6558313058636,-1.1364534319583175,1.0,1073.48,1,ok,,DQN\dqn_model
2026-05-31T14:37:00.278853,Learning_DQN,full_run_train_20260531_141816,,724,1000,335,-0.7763297655460424,-822.43216107141,-1.1359560235792956,1.0,1073.91,1,ok,,DQN\dqn_model
2026-05-31T14:37:02.497164,Learning_DQN,full_run_train_20260531_141816,,725,1000,335,-1.4763400792945192,-823.9085011507048,-1.1364255188285584,1.0,1074.46,1,ok,,DQN\dqn_model
2026-05-31T14:37:04.752204,Learning_DQN,full_run_train_20260531_141816,,726,1000,335,-0.6625619614181734,-824.5710631121216,-1.1357728142040242,1.0,1074.99,1,ok,,DQN\dqn_model
2026-05-31T14:37:07.034242,Learning_DQN,full_run_train_20260531_141816,,727,1000,335,-1.7244745444802472,-826.2955376566014,-1.1365825827463567,1.0,1075.49,1,ok,,DQN\dqn_model
2026-05-31T14:37:09.204862,Learning_DQN,full_run_train_20260531_141816,,728,1000,335,-1.7453339651261746,-828.0408716217291,-1.1374187797001774,1.0,1076.05,1,ok,,DQN\dqn_model
2026-05-31T14:37:11.439089,Learning_DQN,full_run_train_20260531_141816,,729,1000,335,-2.0100138276186845,-830.050885449348,-1.1386157550745515,1.0,1076.49,1,ok,,DQN\dqn_model
2026-05-31T14:37:13.640141,Learning_DQN,full_run_train_20260531_141816,,730,1000,335,-2.07658020361174,-832.1274656529591,-1.139900637880766,1.0,1076.94,1,ok,,DQN\dqn_model
2026-05-31T14:37:15.849317,Learning_DQN,full_run_train_20260531_141816,,731,1000,335,-1.1465115807279047,-833.2739772336868,-1.1399096815782308,1.0,1077.5,1,ok,,DQN\dqn_model
2026-05-31T14:37:18.118938,Learning_DQN,full_run_train_20260531_141816,,732,1000,335,-0.5988780541284576,-833.8728552878151,-1.1391705673330808,1.0,1077.98,1,ok,,DQN\dqn_model
2026-05-31T14:37:20.293971,Learning_DQN,full_run_train_20260531_141816,,733,1000,335,-0.72139663127467,-834.5942519190903,-1.1386006165335474,1.0,1078.47,1,ok,,DQN\dqn_model
2026-05-31T14:37:22.491588,Learning_DQN,full_run_train_20260531_141816,,734,1000,335,-2.322987034258628,-836.9172389533493,-1.140214222007288,1.0,1078.93,1,ok,,DQN\dqn_model
2026-05-31T14:37:24.696171,Learning_DQN,full_run_train_20260531_141816,,735,1000,335,-0.6679362241388223,-837.5851751774874,-1.1395716669081462,1.0,1079.5,1,ok,,DQN\dqn_model
2026-05-31T14:37:26.990112,Learning_DQN,full_run_train_20260531_141816,,736,1000,335,-1.0205135357033523,-838.6056887131912,-1.1394099031429228,1.0,1079.93,1,ok,,DQN\dqn_model
2026-05-31T14:37:29.241845,Learning_DQN,full_run_train_20260531_141816,,737,1000,335,-0.6908181150804624,-839.2965068282717,-1.1388012304318478,1.0,1080.5,1,ok,,DQN\dqn_model
2026-05-31T14:37:31.523098,Learning_DQN,full_run_train_20260531_141816,,738,1000,335,-1.299098040766684,-840.5956048690383,-1.1390184347818948,1.0,1080.87,1,ok,,DQN\dqn_model
2026-05-31T14:37:33.780783,Learning_DQN,full_run_train_20260531_141816,,739,1000,335,-0.2702066568692152,-840.8658115259072,-1.1378427760837717,1.0,1081.5,1,ok,,DQN\dqn_model
2026-05-31T14:37:35.996324,Learning_DQN,full_run_train_20260531_141816,,740,1000,335,-1.3042825507657763,-842.1700940766734,-1.1380676946982073,1.0,1081.98,1,ok,,DQN\dqn_model
2026-05-31T14:37:38.237825,Learning_DQN,full_run_train_20260531_141816,,741,1000,335,-1.2393257789471666,-843.4094198556209,-1.1382043452842387,1.0,1082.41,1,ok,,DQN\dqn_model
2026-05-31T14:37:40.454556,Learning_DQN,full_run_train_20260531_141816,,742,1000,335,-1.6636338035583027,-845.0730536591795,-1.1389124712387864,1.0,1082.95,1,ok,,DQN\dqn_model
2026-05-31T14:37:42.699105,Learning_DQN,full_run_train_20260531_141816,,743,1000,335,-0.9728905811943341,-846.0459442403744,-1.138689023203734,1.0,1083.4,1,ok,,DQN\dqn_model
2026-05-31T14:37:44.886884,Learning_DQN,full_run_train_20260531_141816,,744,1000,335,-1.1343549061392881,-847.1802991465138,-1.1386831977775722,1.0,1083.93,1,ok,,DQN\dqn_model
2026-05-31T14:37:47.109460,Learning_DQN,full_run_train_20260531_141816,,745,1000,335,-1.8470148026037914,-849.0273139491169,-1.1396339784551905,1.0,1084.44,1,ok,,DQN\dqn_model
2026-05-31T14:37:49.284264,Learning_DQN,full_run_train_20260531_141816,,746,1000,335,-1.5632205537848818,-850.5905345029023,-1.140201788877885,1.0,1084.88,1,ok,,DQN\dqn_model
2026-05-31T14:37:51.506552,Learning_DQN,full_run_train_20260531_141816,,747,1000,335,-1.9084244914757271,-852.4989589943773,-1.1412301994569978,1.0,1085.38,1,ok,,DQN\dqn_model
2026-05-31T14:37:53.775942,Learning_DQN,full_run_train_20260531_141816,,748,1000,335,-0.7299001886307679,-853.2288591830079,-1.1406802930254116,1.0,1085.82,1,ok,,DQN\dqn_model
2026-05-31T14:37:55.998466,Learning_DQN,full_run_train_20260531_141816,,749,1000,335,-0.3457278703921006,-853.5745870533998,-1.1396189413263014,1.0,1086.31,1,ok,,DQN\dqn_model
2026-05-31T14:37:58.250819,Learning_DQN,full_run_train_20260531_141816,,750,1000,335,-1.9022562502594589,-855.4768433036594,-1.140635791071546,1.0,1086.8,1,ok,,DQN\dqn_model
2026-05-31T14:38:00.511030,Learning_DQN,full_run_train_20260531_141816,,751,1000,335,-1.8857745823470204,-857.3626178860064,-1.1416279865326318,1.0,1087.27,1,ok,,DQN\dqn_model
2026-05-31T14:38:02.739845,Learning_DQN,full_run_train_20260531_141816,,752,1000,335,-1.3041881764433738,-858.6668060624487,-1.1418441569979372,1.0,1087.97,1,ok,,DQN\dqn_model
2026-05-31T14:38:04.960454,Learning_DQN,full_run_train_20260531_141816,,753,1000,335,-1.4453111896987925,-860.112117252148,-1.1422471676655352,1.0,1088.41,1,ok,,DQN\dqn_model
2026-05-31T14:38:07.280390,Learning_DQN,full_run_train_20260531_141816,,754,1000,335,-1.0364278662263757,-861.1485451183742,-1.1421068237644219,1.0,1088.98,1,ok,,DQN\dqn_model
2026-05-31T14:38:09.510692,Learning_DQN,full_run_train_20260531_141816,,755,1000,335,-0.9768219653177085,-862.125367083692,-1.1418879034221086,1.0,1089.37,1,ok,,DQN\dqn_model
2026-05-31T14:38:11.727983,Learning_DQN,full_run_train_20260531_141816,,756,1000,335,-1.4990480014094716,-863.6244150851021,-1.1423603374141562,1.0,1089.87,1,ok,,DQN\dqn_model
2026-05-31T14:38:13.978396,Learning_DQN,full_run_train_20260531_141816,,757,1000,335,-0.5014135595893399,-864.1258286446921,-1.1415136441805709,1.0,1090.37,1,ok,,DQN\dqn_model
2026-05-31T14:38:16.233612,Learning_DQN,full_run_train_20260531_141816,,758,1000,335,-0.1774037809214856,-864.3032324256129,-1.140241731432207,1.0,1090.8,1,ok,,DQN\dqn_model
2026-05-31T14:38:18.500859,Learning_DQN,full_run_train_20260531_141816,,759,1000,335,-0.7052026469770362,-865.0084350725909,-1.1396685574078933,1.0,1091.4,1,ok,,DQN\dqn_model
2026-05-31T14:38:20.707963,Learning_DQN,full_run_train_20260531_141816,,760,1000,335,-2.0783229612885585,-867.08675803388,-1.1409036289919474,1.0,1091.86,1,ok,,DQN\dqn_model
2026-05-31T14:38:22.931954,Learning_DQN,full_run_train_20260531_141816,,761,1000,335,-1.1825256380779476,-868.2692836719575,-1.1409583228278022,1.0,1092.31,1,ok,,DQN\dqn_model
2026-05-31T14:38:25.213029,Learning_DQN,full_run_train_20260531_141816,,762,1000,335,-1.2013792481901664,-869.4706629201482,-1.141037615380772,1.0,1092.87,1,ok,,DQN\dqn_model
2026-05-31T14:38:27.541602,Learning_DQN,full_run_train_20260531_141816,,763,1000,335,-1.4956929519894913,-870.9663558721385,-1.1415024323356993,1.0,1093.33,1,ok,,DQN\dqn_model
2026-05-31T14:38:29.810857,Learning_DQN,full_run_train_20260531_141816,,764,1000,335,-0.8856824626148503,-871.852038334754,-1.1411675894433952,1.0,1093.83,1,ok,,DQN\dqn_model
2026-05-31T14:38:32.048957,Learning_DQN,full_run_train_20260531_141816,,765,1000,335,-1.6049060863518405,-873.4569444211058,-1.1417737835570012,1.0,1094.28,1,ok,,DQN\dqn_model
2026-05-31T14:38:34.293066,Learning_DQN,full_run_train_20260531_141816,,766,1000,335,-1.5848067587281258,-875.0417511798343,-1.142352155587251,1.0,1094.86,1,ok,,DQN\dqn_model
2026-05-31T14:38:36.538591,Learning_DQN,full_run_train_20260531_141816,,767,1000,335,-2.2314815062488886,-877.2732326860838,-1.1437721417028472,1.0,1095.55,1,ok,,DQN\dqn_model
2026-05-31T14:38:38.750503,Learning_DQN,full_run_train_20260531_141816,,768,1000,335,-1.063923376411426,-878.3371560624961,-1.143668171956375,1.0,1096.05,1,ok,,DQN\dqn_model
2026-05-31T14:38:41.003000,Learning_DQN,full_run_train_20260531_141816,,769,1000,335,-1.201675289054453,-879.5388313515498,-1.143743603838166,1.0,1096.55,1,ok,,DQN\dqn_model
2026-05-31T14:38:43.323213,Learning_DQN,full_run_train_20260531_141816,,770,1000,335,-1.0393184971157174,-880.578149848665,-1.1436079868164482,1.0,1096.99,1,ok,,DQN\dqn_model
2026-05-31T14:38:45.578333,Learning_DQN,full_run_train_20260531_141816,,771,1000,335,-1.6765042559628436,-882.2546541046281,-1.144299162262812,1.0,1097.55,1,ok,,DQN\dqn_model
2026-05-31T14:38:47.895833,Learning_DQN,full_run_train_20260531_141816,,772,1000,335,-0.6407256026673176,-882.8953797072961,-1.143646864905824,1.0,1097.93,1,ok,,DQN\dqn_model
2026-05-31T14:38:50.130624,Learning_DQN,full_run_train_20260531_141816,,773,1000,335,-2.271971142458028,-885.1673508497544,-1.1451065340876512,1.0,1098.42,1,ok,,DQN\dqn_model
2026-05-31T14:38:52.367935,Learning_DQN,full_run_train_20260531_141816,,774,1000,335,-1.5941791616499947,-886.7615300114047,-1.1456867312808847,1.0,1098.91,1,ok,,DQN\dqn_model
2026-05-31T14:38:54.637104,Learning_DQN,full_run_train_20260531_141816,,775,1000,335,-0.5600171850435027,-887.3215471964477,-1.1449310286405776,1.0,1099.43,1,ok,,DQN\dqn_model
2026-05-31T14:38:56.915697,Learning_DQN,full_run_train_20260531_141816,,776,1000,335,-0.8614907394934913,-888.1830379359409,-1.1445657705360064,1.0,1099.99,1,ok,,DQN\dqn_model
2026-05-31T14:38:59.230103,Learning_DQN,full_run_train_20260531_141816,,777,1000,335,-0.885399167073207,-889.0684371030145,-1.1442322227838024,1.0,1100.41,1,ok,,DQN\dqn_model
2026-05-31T14:39:01.496270,Learning_DQN,full_run_train_20260531_141816,,778,1000,335,-0.2719929753755735,-889.3404300783898,-1.1431110926457453,1.0,1100.99,1,ok,,DQN\dqn_model
2026-05-31T14:39:03.787113,Learning_DQN,full_run_train_20260531_141816,,779,1000,335,-1.1853598882395333,-890.5257899666291,-1.143165327299909,1.0,1101.37,1,ok,,DQN\dqn_model
2026-05-31T14:39:06.124610,Learning_DQN,full_run_train_20260531_141816,,780,1000,335,-0.6062102621155734,-891.1320002287438,-1.1424769233701844,1.0,1101.87,1,ok,,DQN\dqn_model
2026-05-31T14:39:08.546159,Learning_DQN,full_run_train_20260531_141816,,781,1000,335,-1.787039341254005,-892.9190395699982,-1.1433022273623537,1.0,1102.43,1,ok,,DQN\dqn_model
2026-05-31T14:39:10.942046,Learning_DQN,full_run_train_20260531_141816,,782,1000,335,-0.8477454866850157,-893.7667850566829,-1.1429242775660906,1.0,1102.85,1,ok,,DQN\dqn_model
2026-05-31T14:39:13.350957,Learning_DQN,full_run_train_20260531_141816,,783,1000,335,-1.980400533994847,-895.7471855906776,-1.1439938513290902,1.0,1103.41,1,ok,,DQN\dqn_model
2026-05-31T14:39:15.713029,Learning_DQN,full_run_train_20260531_141816,,784,1000,335,-0.7612483394550313,-896.5084339301332,-1.143505655523129,1.0,1103.87,1,ok,,DQN\dqn_model
2026-05-31T14:39:18.115239,Learning_DQN,full_run_train_20260531_141816,,785,1000,335,-0.9787226500200294,-897.4871565801536,-1.1432957408664377,1.0,1104.55,1,ok,,DQN\dqn_model
2026-05-31T14:39:20.474889,Learning_DQN,full_run_train_20260531_141816,,786,1000,335,-0.48848486618478393,-897.9756414463388,-1.1424626481505584,1.0,1105.05,1,ok,,DQN\dqn_model
2026-05-31T14:39:22.831307,Learning_DQN,full_run_train_20260531_141816,,787,1000,335,-1.3543497771095359,-899.3299912234489,-1.142731882113658,1.0,1105.49,1,ok,,DQN\dqn_model
2026-05-31T14:39:25.202910,Learning_DQN,full_run_train_20260531_141816,,788,1000,335,-0.8486706543848688,-900.1786618778339,-1.1423587079667943,1.0,1106.05,1,ok,,DQN\dqn_model
2026-05-31T14:39:27.649755,Learning_DQN,full_run_train_20260531_141816,,789,1000,335,-0.9765993575136785,-901.1552612353474,-1.142148620070149,1.0,1106.48,1,ok,,DQN\dqn_model
2026-05-31T14:39:30.086950,Learning_DQN,full_run_train_20260531_141816,,790,1000,335,-1.3542108280554113,-902.5094720634042,-1.1424170532448155,1.0,1106.98,1,ok,,DQN\dqn_model
2026-05-31T14:39:32.485177,Learning_DQN,full_run_train_20260531_141816,,791,1000,335,-0.5479984487605117,-903.0574705121643,-1.1416655758687286,1.0,1107.47,1,ok,,DQN\dqn_model
2026-05-31T14:39:34.920979,Learning_DQN,full_run_train_20260531_141816,,792,1000,335,-1.2566076096868244,-904.3140781218501,-1.1418107046993058,1.0,1107.93,1,ok,,DQN\dqn_model
2026-05-31T14:39:37.397529,Learning_DQN,full_run_train_20260531_141816,,793,1000,335,-1.8277476634933945,-906.1418257853435,-1.1426756945590713,1.0,1108.49,1,ok,,DQN\dqn_model
2026-05-31T14:39:39.796312,Learning_DQN,full_run_train_20260531_141816,,794,1000,335,-1.3841366290097818,-907.5259624143538,-1.1429798015294128,1.0,1108.93,1,ok,,DQN\dqn_model
2026-05-31T14:39:42.241738,Learning_DQN,full_run_train_20260531_141816,,795,1000,335,-1.102504721326588,-908.6284671356808,-1.1429288894788439,1.0,1109.49,1,ok,,DQN\dqn_model
2026-05-31T14:39:44.680576,Learning_DQN,full_run_train_20260531_141816,,796,1000,335,-0.6136623446292999,-909.2421294803106,-1.1422639817591842,1.0,1109.93,1,ok,,DQN\dqn_model
2026-05-31T14:39:47.137335,Learning_DQN,full_run_train_20260531_141816,,797,1000,335,-0.10364327439515446,-909.3457727547063,-1.140960819014688,1.0,1110.37,1,ok,,DQN\dqn_model
2026-05-31T14:39:49.588064,Learning_DQN,full_run_train_20260531_141816,,798,1000,335,-0.9735429360145003,-910.3193156907198,-1.1407510221688217,1.0,1110.86,1,ok,,DQN\dqn_model
2026-05-31T14:39:52.040176,Learning_DQN,full_run_train_20260531_141816,,799,1000,335,-0.8261929069385441,-911.1455085976579,-1.1403573324125882,1.0,1111.29,1,ok,,DQN\dqn_model
2026-05-31T14:39:54.503412,Learning_DQN,full_run_train_20260531_141816,,800,1000,335,-1.063231965288981,-912.2087405629467,-1.1402609257036833,1.0,1111.91,1,ok,,DQN\dqn_model
2026-05-31T14:39:56.963819,Learning_DQN,full_run_train_20260531_141816,,801,1000,335,-0.5078479176292672,-912.716588480577,-1.1394713963552772,1.0,1112.49,1,ok,,DQN\dqn_model
2026-05-31T14:39:59.381763,Learning_DQN,full_run_train_20260531_141816,,802,1000,335,-1.5177974595153227,-914.2343859400921,-1.1399431246135812,1.0,1112.99,1,ok,,DQN\dqn_model
2026-05-31T14:40:01.816603,Learning_DQN,full_run_train_20260531_141816,,803,1000,335,-0.9064373869188025,-915.1408233270113,-1.1396523329103503,1.0,1113.49,1,ok,,DQN\dqn_model
2026-05-31T14:40:04.289771,Learning_DQN,full_run_train_20260531_141816,,804,1000,335,-1.3111632546589913,-916.4519865816709,-1.139865654952327,1.0,1113.93,1,ok,,DQN\dqn_model
2026-05-31T14:40:06.731463,Learning_DQN,full_run_train_20260531_141816,,805,1000,335,-2.1298797024723477,-918.5818662841432,-1.1410954860672586,1.0,1114.45,1,ok,,DQN\dqn_model
2026-05-31T14:40:09.200558,Learning_DQN,full_run_train_20260531_141816,,806,1000,335,-1.5532966296285562,-920.1351629137719,-1.141606901878129,1.0,1114.87,1,ok,,DQN\dqn_model
2026-05-31T14:40:11.662212,Learning_DQN,full_run_train_20260531_141816,,807,1000,335,-0.9099164662653222,-921.0450793800371,-1.1413198009665888,1.0,1115.43,1,ok,,DQN\dqn_model
2026-05-31T14:40:14.148414,Learning_DQN,full_run_train_20260531_141816,,808,1000,335,-1.1510782108098738,-922.1961575908462,-1.1413318782064927,1.0,1115.86,1,ok,,DQN\dqn_model
2026-05-31T14:40:16.633780,Learning_DQN,full_run_train_20260531_141816,,809,1000,335,-0.23199845614052372,-922.428156046988,-1.1402078566711842,1.0,1116.39,1,ok,,DQN\dqn_model
2026-05-31T14:40:19.108120,Learning_DQN,full_run_train_20260531_141816,,810,1000,335,-0.9106062272507707,-923.3387622742378,-1.1399243978694293,1.0,1116.89,1,ok,,DQN\dqn_model
2026-05-31T14:40:21.588198,Learning_DQN,full_run_train_20260531_141816,,811,1000,335,-1.1954064808607274,-924.5341687550979,-1.1399928098089986,1.0,1117.34,1,ok,,DQN\dqn_model
2026-05-31T14:40:24.099940,Learning_DQN,full_run_train_20260531_141816,,812,1000,335,-1.442010884400977,-925.9761796394985,-1.1403647532506138,1.0,1117.87,1,ok,,DQN\dqn_model
2026-05-31T14:40:26.606124,Learning_DQN,full_run_train_20260531_141816,,813,1000,335,-1.2065779634646712,-927.1827576029634,-1.140446196313608,1.0,1118.36,1,ok,,DQN\dqn_model
2026-05-31T14:40:29.021370,Learning_DQN,full_run_train_20260531_141816,,814,1000,335,-1.2721208766842806,-928.4548784796475,-1.1406079588202058,1.0,1118.82,1,ok,,DQN\dqn_model
2026-05-31T14:40:31.484024,Learning_DQN,full_run_train_20260531_141816,,815,1000,335,-0.6367286234952206,-929.0916071031428,-1.1399897019670464,1.0,1119.32,1,ok,,DQN\dqn_model
2026-05-31T14:40:33.968847,Learning_DQN,full_run_train_20260531_141816,,816,1000,335,-1.0666687339876804,-930.1582758371311,-1.1398998478396214,1.0,1119.75,1,ok,,DQN\dqn_model
2026-05-31T14:40:36.456469,Learning_DQN,full_run_train_20260531_141816,,817,1000,335,-0.32340859584376885,-930.4816844329753,-1.1389004705421975,1.0,1120.32,1,ok,,DQN\dqn_model
2026-05-31T14:40:38.938237,Learning_DQN,full_run_train_20260531_141816,,818,1000,335,-0.7186492609470675,-931.2003336939216,-1.1383867160072392,1.0,1120.81,1,ok,,DQN\dqn_model
2026-05-31T14:40:41.441375,Learning_DQN,full_run_train_20260531_141816,,819,1000,335,-0.6786202640259128,-931.8789539579473,-1.1378253406079941,1.0,1121.38,1,ok,,DQN\dqn_model
2026-05-31T14:40:43.963683,Learning_DQN,full_run_train_20260531_141816,,820,1000,335,-1.4731229854092343,-933.3520769433561,-1.1382342401748244,1.0,1121.83,1,ok,,DQN\dqn_model
2026-05-31T14:40:46.426562,Learning_DQN,full_run_train_20260531_141816,,821,1000,335,-1.4034774573760456,-934.7555544007323,-1.1385573135209894,1.0,1122.35,1,ok,,DQN\dqn_model
2026-05-31T14:40:48.935881,Learning_DQN,full_run_train_20260531_141816,,822,1000,335,-1.0690048999909105,-935.8245593007233,-1.1384726998792254,1.0,1122.79,1,ok,,DQN\dqn_model
2026-05-31T14:40:51.450794,Learning_DQN,full_run_train_20260531_141816,,823,1000,335,-0.9030114980146736,-936.7275707987387,-1.1381865987834006,1.0,1123.25,1,ok,,DQN\dqn_model
2026-05-31T14:40:53.945668,Learning_DQN,full_run_train_20260531_141816,,824,1000,335,-0.8781405515187649,-937.6057113502565,-1.1378710089202142,1.0,1123.88,1,ok,,DQN\dqn_model
2026-05-31T14:40:56.432104,Learning_DQN,full_run_train_20260531_141816,,825,1000,335,-1.2736980168733014,-938.8794093671299,-1.1380356477177334,1.0,1124.31,1,ok,,DQN\dqn_model
2026-05-31T14:40:58.953048,Learning_DQN,full_run_train_20260531_141816,,826,1000,335,-0.9820121145776499,-939.8614214817072,-1.1378467572417763,1.0,1124.85,1,ok,,DQN\dqn_model
2026-05-31T14:41:01.485804,Learning_DQN,full_run_train_20260531_141816,,827,1000,335,-1.0420584191350992,-940.9034799008415,-1.1377309309562775,1.0,1125.37,1,ok,,DQN\dqn_model
2026-05-31T14:41:03.994170,Learning_DQN,full_run_train_20260531_141816,,828,1000,335,-1.1109923964790032,-942.0144722973209,-1.1376986380402427,1.0,1125.8,1,ok,,DQN\dqn_model
2026-05-31T14:41:06.559233,Learning_DQN,full_run_train_20260531_141816,,829,1000,335,-0.4807197017245306,-942.4951919990453,-1.1369061423390172,1.0,1126.39,1,ok,,DQN\dqn_model
2026-05-31T14:41:09.086102,Learning_DQN,full_run_train_20260531_141816,,830,1000,335,-0.7047370840094358,-943.1999290830549,-1.1363854567265723,1.0,1126.9,1,ok,,DQN\dqn_model
2026-05-31T14:41:11.570570,Learning_DQN,full_run_train_20260531_141816,,831,1000,335,-0.9493673234740444,-944.1492964065279,-1.1361604048213332,1.0,1127.34,1,ok,,DQN\dqn_model
2026-05-31T14:41:14.104864,Learning_DQN,full_run_train_20260531_141816,,832,1000,335,-1.2996333721677276,-945.4489297786959,-1.1363568867532403,1.0,1127.84,1,ok,,DQN\dqn_model
2026-05-31T14:41:16.674145,Learning_DQN,full_run_train_20260531_141816,,833,1000,335,-0.4789466909018746,-945.9278764695977,-1.1355676788350513,1.0,1128.46,1,ok,,DQN\dqn_model
2026-05-31T14:41:19.213985,Learning_DQN,full_run_train_20260531_141816,,834,1000,335,-0.7353247125963028,-946.663201182194,-1.1350877712016716,1.0,1129.02,1,ok,,DQN\dqn_model
2026-05-31T14:41:21.742879,Learning_DQN,full_run_train_20260531_141816,,835,1000,335,-1.473069318033139,-948.1362705002265,-1.1354925395212294,1.0,1129.49,1,ok,,DQN\dqn_model
2026-05-31T14:41:24.301223,Learning_DQN,full_run_train_20260531_141816,,836,1000,335,-0.840178497658847,-948.9764489978863,-1.1351392930596726,1.0,1130.05,1,ok,,DQN\dqn_model
2026-05-31T14:41:26.870429,Learning_DQN,full_run_train_20260531_141816,,837,1000,335,-1.5009804209270814,-950.4774294188139,-1.1355763792339473,1.0,1130.49,1,ok,,DQN\dqn_model
2026-05-31T14:41:29.406806,Learning_DQN,full_run_train_20260531_141816,,838,1000,335,-0.8330304013030113,-951.3104598201161,-1.135215345847394,1.0,1130.99,1,ok,,DQN\dqn_model
2026-05-31T14:41:31.995113,Learning_DQN,full_run_train_20260531_141816,,839,1000,335,-0.8913998336707212,-952.2018596537862,-1.1349247433299001,1.0,1131.49,1,ok,,DQN\dqn_model
2026-05-31T14:41:34.523689,Learning_DQN,full_run_train_20260531_141816,,840,1000,335,-1.2754857661493082,-953.4773454199359,-1.135092077880876,1.0,1131.91,1,ok,,DQN\dqn_model
2026-05-31T14:41:37.054463,Learning_DQN,full_run_train_20260531_141816,,841,1000,335,-0.871306155565326,-954.3486515755013,-1.1347784204227127,1.0,1132.47,1,ok,,DQN\dqn_model
2026-05-31T14:41:39.651380,Learning_DQN,full_run_train_20260531_141816,,842,1000,335,-2.0756957879726747,-956.4243473634731,-1.1358958994815596,1.0,1132.93,1,ok,,DQN\dqn_model
2026-05-31T14:41:42.213904,Learning_DQN,full_run_train_20260531_141816,,843,1000,335,-0.5930243887635837,-957.0173717522367,-1.1352519237867578,1.0,1133.43,1,ok,,DQN\dqn_model
2026-05-31T14:41:44.796766,Learning_DQN,full_run_train_20260531_141816,,844,1000,335,-0.6174758427247493,-957.6348475949624,-1.1346384450177278,1.0,1133.93,1,ok,,DQN\dqn_model
2026-05-31T14:41:47.467272,Learning_DQN,full_run_train_20260531_141816,,845,1000,335,-0.8903293896520263,-958.5251769846137,-1.1343493218752825,1.0,1134.37,1,ok,,DQN\dqn_model
2026-05-31T14:41:50.069809,Learning_DQN,full_run_train_20260531_141816,,846,1000,335,-0.6360451449330812,-959.1612221295466,-1.1337603098457998,1.0,1134.87,1,ok,,DQN\dqn_model
2026-05-31T14:41:52.615250,Learning_DQN,full_run_train_20260531_141816,,847,1000,335,-0.9540505576252296,-960.1152726871719,-1.133548137765256,1.0,1135.3,1,ok,,DQN\dqn_model
2026-05-31T14:41:55.214755,Learning_DQN,full_run_train_20260531_141816,,848,1000,335,-0.9030979204905515,-961.0183706076625,-1.1332763804335644,1.0,1135.85,1,ok,,DQN\dqn_model
2026-05-31T14:41:57.791611,Learning_DQN,full_run_train_20260531_141816,,849,1000,335,-1.4230499621473622,-962.4414205698104,-1.1336176920728038,1.0,1136.29,1,ok,,DQN\dqn_model
2026-05-31T14:42:00.395310,Learning_DQN,full_run_train_20260531_141816,,850,1000,335,-2.018963816580092,-964.4603843863897,-1.1346592757486937,1.0,1136.91,1,ok,,DQN\dqn_model
2026-05-31T14:42:03.058281,Learning_DQN,full_run_train_20260531_141816,,851,1000,335,-0.9165544817144474,-965.3769388681046,-1.1344029833937774,1.0,1137.44,1,ok,,DQN\dqn_model
2026-05-31T14:42:05.613882,Learning_DQN,full_run_train_20260531_141816,,852,1000,335,-1.4600800321133631,-966.8370189002183,-1.1347852334509605,1.0,1137.82,1,ok,,DQN\dqn_model
2026-05-31T14:42:08.203509,Learning_DQN,full_run_train_20260531_141816,,853,1000,335,-0.7254794839878881,-967.5624983842058,-1.134305390837287,1.0,1138.45,1,ok,,DQN\dqn_model
2026-05-31T14:42:10.700892,Learning_DQN,full_run_train_20260531_141816,,854,1000,335,-1.902069837644827,-969.4645682218505,-1.135204412437764,1.0,1138.88,1,ok,,DQN\dqn_model
2026-05-31T14:42:13.238126,Learning_DQN,full_run_train_20260531_141816,,855,1000,335,-0.8893019495684541,-970.35387017142,-1.1349168072180351,1.0,1139.33,1,ok,,DQN\dqn_model
2026-05-31T14:42:15.838007,Learning_DQN,full_run_train_20260531_141816,,856,1000,335,-1.52499668252884,-971.8788668539488,-1.1353725080069494,1.0,1139.84,1,ok,,DQN\dqn_model
2026-05-31T14:42:18.461982,Learning_DQN,full_run_train_20260531_141816,,857,1000,335,-0.9144791336576457,-972.7933459876069,-1.13511475611156,1.0,1140.25,1,ok,,DQN\dqn_model
2026-05-31T14:42:21.067695,Learning_DQN,full_run_train_20260531_141816,,858,1000,335,-1.1968804306797816,-973.9902264182854,-1.1351867440772556,1.0,1140.86,1,ok,,DQN\dqn_model
2026-05-31T14:42:23.683985,Learning_DQN,full_run_train_20260531_141816,,859,1000,335,2.7038929835635876,-971.2863334347218,-1.1307175010881512,1.0,1141.31,1,ok,,DQN\dqn_model
2026-05-31T14:42:26.308529,Learning_DQN,full_run_train_20260531_141816,,860,1000,335,-0.8838982173504121,-972.1702316520716,-1.1304305019210135,1.0,1141.88,1,ok,,DQN\dqn_model
2026-05-31T14:42:28.913281,Learning_DQN,full_run_train_20260531_141816,,861,1000,335,-1.3966597506677483,-973.5668914027389,-1.1307397112691508,1.0,1142.33,1,ok,,DQN\dqn_model
2026-05-31T14:42:31.530911,Learning_DQN,full_run_train_20260531_141816,,862,1000,335,-1.0987574294481326,-974.6656488321869,-1.130702608854045,1.0,1142.86,1,ok,,DQN\dqn_model
2026-05-31T14:42:34.097019,Learning_DQN,full_run_train_20260531_141816,,863,1000,335,-0.6671905144591156,-975.3328393466467,-1.1301655148860332,1.0,1143.49,1,ok,,DQN\dqn_model
2026-05-31T14:42:36.693815,Learning_DQN,full_run_train_20260531_141816,,864,1000,335,-0.761214660847631,-976.0940540074946,-1.1297384884346002,1.0,1143.92,1,ok,,DQN\dqn_model
2026-05-31T14:42:39.297751,Learning_DQN,full_run_train_20260531_141816,,865,1000,335,-2.580922176905866,-978.6749761844013,-1.1314161574386143,1.0,1144.47,1,ok,,DQN\dqn_model
2026-05-31T14:42:41.897146,Learning_DQN,full_run_train_20260531_141816,,866,1000,335,-1.0886637959064156,-979.763639980308,-1.1313667898155981,1.0,1144.96,1,ok,,DQN\dqn_model
2026-05-31T14:42:44.529020,Learning_DQN,full_run_train_20260531_141816,,867,1000,335,-1.2076876666790166,-980.971327646987,-1.1314548185086355,1.0,1145.49,1,ok,,DQN\dqn_model
2026-05-31T14:42:47.224095,Learning_DQN,full_run_train_20260531_141816,,868,1000,335,-0.4721005581156532,-981.4434282051024,-1.13069519378468,1.0,1145.95,1,ok,,DQN\dqn_model
2026-05-31T14:42:49.895926,Learning_DQN,full_run_train_20260531_141816,,869,1000,335,-0.5762255993284198,-982.0196538044299,-1.1300571390154546,1.0,1146.49,1,ok,,DQN\dqn_model
2026-05-31T14:42:52.508634,Learning_DQN,full_run_train_20260531_141816,,870,1000,335,-0.6622999017884993,-982.6819537062179,-1.1295194870186414,1.0,1147.0,1,ok,,DQN\dqn_model
2026-05-31T14:42:55.110473,Learning_DQN,full_run_train_20260531_141816,,871,1000,335,-1.4027007052022877,-984.0846544114207,-1.129833127912079,1.0,1147.49,1,ok,,DQN\dqn_model
2026-05-31T14:42:57.744408,Learning_DQN,full_run_train_20260531_141816,,872,1000,335,-0.3730814470278896,-984.4577358584488,-1.1289652934156522,1.0,1147.93,1,ok,,DQN\dqn_model
2026-05-31T14:43:00.394091,Learning_DQN,full_run_train_20260531_141816,,873,1000,335,-1.7352712418601013,-986.1930071003087,-1.1296598019476618,1.0,1148.41,1,ok,,DQN\dqn_model
2026-05-31T14:43:03.062553,Learning_DQN,full_run_train_20260531_141816,,874,1000,335,-1.380122070261341,-987.5731291705697,-1.1299463720487068,1.0,1148.84,1,ok,,DQN\dqn_model
2026-05-31T14:43:05.742448,Learning_DQN,full_run_train_20260531_141816,,875,1000,335,-0.47265607860858133,-988.0457852491778,-1.1291951831419176,1.0,1149.43,1,ok,,DQN\dqn_model
2026-05-31T14:43:08.517590,Learning_DQN,full_run_train_20260531_141816,,876,1000,335,-1.4963513675433924,-989.5421366167215,-1.129614311206303,1.0,1149.93,1,ok,,DQN\dqn_model
2026-05-31T14:43:11.142859,Learning_DQN,full_run_train_20260531_141816,,877,1000,335,-2.567936369532938,-992.1100729862554,-1.131254359163347,1.0,1150.49,1,ok,,DQN\dqn_model
2026-05-31T14:43:13.810804,Learning_DQN,full_run_train_20260531_141816,,878,1000,335,-0.842549837891814,-992.9526228241475,-1.130925538524086,1.0,1150.99,1,ok,,DQN\dqn_model
2026-05-31T14:43:16.517624,Learning_DQN,full_run_train_20260531_141816,,879,1000,335,-0.4170810635883513,-993.3697038877356,-1.1301134287687549,1.0,1151.49,1,ok,,DQN\dqn_model
2026-05-31T14:43:19.159930,Learning_DQN,full_run_train_20260531_141816,,880,1000,335,-0.7609321728542247,-994.1306360605894,-1.1296939046143062,1.0,1151.88,1,ok,,DQN\dqn_model
2026-05-31T14:43:21.828797,Learning_DQN,full_run_train_20260531_141816,,881,1000,335,-1.2297847365356789,-995.3604207971252,-1.1298075150932183,1.0,1152.36,1,ok,,DQN\dqn_model
2026-05-31T14:43:24.476616,Learning_DQN,full_run_train_20260531_141816,,882,1000,335,-1.2971931806735981,-996.6576139777991,-1.1299972947594095,1.0,1152.91,1,ok,,DQN\dqn_model
2026-05-31T14:43:27.135419,Learning_DQN,full_run_train_20260531_141816,,883,1000,335,-1.2940807407979786,-997.9516947185971,-1.1301831197266106,1.0,1153.34,1,ok,,DQN\dqn_model
2026-05-31T14:43:29.905755,Learning_DQN,full_run_train_20260531_141816,,884,1000,335,-1.0615848425602366,-999.0132795611565,-1.1301055198655616,1.0,1153.86,1,ok,,DQN\dqn_model
2026-05-31T14:43:32.604107,Learning_DQN,full_run_train_20260531_141816,,885,1000,335,-1.6063379380071716,-1000.6196174991635,-1.130643635592275,1.0,1154.43,1,ok,,DQN\dqn_model
2026-05-31T14:43:35.339930,Learning_DQN,full_run_train_20260531_141816,,886,1000,335,-1.1395475565064244,-1001.7591650556692,-1.1306536851644122,1.0,1154.86,1,ok,,DQN\dqn_model
2026-05-31T14:43:38.087543,Learning_DQN,full_run_train_20260531_141816,,887,1000,335,-1.8312773092455843,-1003.5904423649146,-1.1314435652366568,1.0,1155.49,1,ok,,DQN\dqn_model
2026-05-31T14:43:40.785650,Learning_DQN,full_run_train_20260531_141816,,888,1000,335,-1.299414979376862,-1004.8898573442906,-1.1316327222345615,1.0,1155.86,1,ok,,DQN\dqn_model
2026-05-31T14:43:43.463456,Learning_DQN,full_run_train_20260531_141816,,889,1000,335,-0.6424485089961595,-1005.5323058532869,-1.1310824587776005,1.0,1156.42,1,ok,,DQN\dqn_model
2026-05-31T14:43:46.198900,Learning_DQN,full_run_train_20260531_141816,,890,1000,335,-0.8353470963701829,-1006.3676529496562,-1.1307501718535462,1.0,1156.91,1,ok,,DQN\dqn_model
2026-05-31T14:43:48.867545,Learning_DQN,full_run_train_20260531_141816,,891,1000,335,-2.546950635353567,-1008.9146035850106,-1.132339622429866,1.0,1157.41,1,ok,,DQN\dqn_model
2026-05-31T14:43:51.530128,Learning_DQN,full_run_train_20260531_141816,,892,1000,335,-1.407376006354731,-1010.3219795913647,-1.1326479591831442,1.0,1157.89,1,ok,,DQN\dqn_model
2026-05-31T14:43:54.239479,Learning_DQN,full_run_train_20260531_141816,,893,1000,335,-1.2767693047998314,-1011.5987488961642,-1.132809349267821,1.0,1158.43,1,ok,,DQN\dqn_model
2026-05-31T14:43:56.997841,Learning_DQN,full_run_train_20260531_141816,,894,1000,335,-0.3880319136305811,-1011.9867808097949,-1.1319762648879137,1.0,1158.99,1,ok,,DQN\dqn_model
2026-05-31T14:43:59.769870,Learning_DQN,full_run_train_20260531_141816,,895,1000,335,-1.1124226478871828,-1013.0992034576819,-1.131954417271153,1.0,1159.43,1,ok,,DQN\dqn_model
2026-05-31T14:44:02.511447,Learning_DQN,full_run_train_20260531_141816,,896,1000,335,-1.4644180784938183,-1014.5636215361762,-1.1323254704644825,1.0,1159.93,1,ok,,DQN\dqn_model
2026-05-31T14:44:05.211295,Learning_DQN,full_run_train_20260531_141816,,897,1000,335,-1.4347230305991325,-1015.998344566775,-1.1326625914902733,1.0,1160.36,1,ok,,DQN\dqn_model
2026-05-31T14:44:07.908303,Learning_DQN,full_run_train_20260531_141816,,898,1000,335,-1.5837928016466798,-1017.5821373684211,-1.1331649636619388,1.0,1160.79,1,ok,,DQN\dqn_model
2026-05-31T14:44:10.619031,Learning_DQN,full_run_train_20260531_141816,,899,1000,335,-1.3778655044015733,-1018.960002872823,-1.1334371555871223,1.0,1161.47,1,ok,,DQN\dqn_model
2026-05-31T14:44:13.345114,Learning_DQN,full_run_train_20260531_141816,,900,1000,335,-1.1414902939338318,-1020.1014931667565,-1.1334461035186183,1.0,1161.93,1,ok,,DQN\dqn_model
2026-05-31T14:44:16.127588,Learning_DQN,full_run_train_20260531_141816,,901,1000,335,-2.575155627473097,-1022.6766487942299,-1.1350462250768367,1.0,1162.55,1,ok,,DQN\dqn_model
2026-05-31T14:44:18.875834,Learning_DQN,full_run_train_20260531_141816,,902,1000,335,-0.5417412842147706,-1023.2183900784445,-1.1343884590670117,1.0,1163.05,1,ok,,DQN\dqn_model
2026-05-31T14:44:21.599602,Learning_DQN,full_run_train_20260531_141816,,903,1000,335,-2.8667734799142885,-1026.08516355836,-1.1363069363879954,1.0,1163.55,1,ok,,DQN\dqn_model
2026-05-31T14:44:24.382815,Learning_DQN,full_run_train_20260531_141816,,904,1000,335,-0.9939239510472874,-1027.0790875094056,-1.1361494330856257,1.0,1164.05,1,ok,,DQN\dqn_model
2026-05-31T14:44:27.106693,Learning_DQN,full_run_train_20260531_141816,,905,1000,335,-1.5767357311609025,-1028.6558232405664,-1.1366362687741065,1.0,1164.43,1,ok,,DQN\dqn_model
2026-05-31T14:44:29.907873,Learning_DQN,full_run_train_20260531_141816,,906,1000,335,-0.6180869088673824,-1029.2739101494337,-1.1360639184872336,1.0,1164.99,1,ok,,DQN\dqn_model
2026-05-31T14:44:32.647347,Learning_DQN,full_run_train_20260531_141816,,907,1000,335,-0.4748095004799257,-1029.748719649916,-1.1353348617970407,1.0,1165.41,1,ok,,DQN\dqn_model
2026-05-31T14:44:35.384576,Learning_DQN,full_run_train_20260531_141816,,908,1000,335,-1.2902634482733266,-1031.0389830981876,-1.1355054879935986,1.0,1165.91,1,ok,,DQN\dqn_model
2026-05-31T14:44:38.135022,Learning_DQN,full_run_train_20260531_141816,,909,1000,335,-1.592428754936905,-1032.6314118531257,-1.1360081538538236,1.0,1166.43,1,ok,,DQN\dqn_model
2026-05-31T14:44:40.882297,Learning_DQN,full_run_train_20260531_141816,,910,1000,335,-1.2894129607690654,-1033.9208248138941,-1.1361767305647188,1.0,1166.93,1,ok,,DQN\dqn_model
2026-05-31T14:44:43.702287,Learning_DQN,full_run_train_20260531_141816,,911,1000,335,-1.7123777751654399,-1035.6332025890595,-1.1368092234786602,1.0,1167.55,1,ok,,DQN\dqn_model
2026-05-31T14:44:46.677869,Learning_DQN,full_run_train_20260531_141816,,912,1000,335,-0.7006856650205073,-1036.3338882540793,-1.1363310178224553,1.0,1167.99,1,ok,,DQN\dqn_model
2026-05-31T14:44:49.431099,Learning_DQN,full_run_train_20260531_141816,,913,1000,335,-0.6602016687809351,-1036.9940899228598,-1.1358095179877983,1.0,1168.49,1,ok,,DQN\dqn_model
2026-05-31T14:44:52.253117,Learning_DQN,full_run_train_20260531_141816,,914,1000,335,-0.7642808586812484,-1037.7583707815425,-1.1354030314896526,1.0,1168.99,1,ok,,DQN\dqn_model
2026-05-31T14:44:55.017765,Learning_DQN,full_run_train_20260531_141816,,915,1000,335,-1.073298545402872,-1038.8316693269455,-1.1353351577343667,1.0,1169.43,1,ok,,DQN\dqn_model
2026-05-31T14:44:57.789307,Learning_DQN,full_run_train_20260531_141816,,916,1000,335,-1.1068415136489795,-1039.938510840595,-1.1353040511360206,1.0,1169.98,1,ok,,DQN\dqn_model
2026-05-31T14:45:00.590649,Learning_DQN,full_run_train_20260531_141816,,917,1000,335,-1.6200293216424284,-1041.558540162237,-1.1358326501223959,1.0,1170.47,1,ok,,DQN\dqn_model
2026-05-31T14:45:03.377639,Learning_DQN,full_run_train_20260531_141816,,918,1000,335,-1.2674981487825423,-1042.8260383110194,-1.1359760765915243,1.0,1171.02,1,ok,,DQN\dqn_model
2026-05-31T14:45:06.184489,Learning_DQN,full_run_train_20260531_141816,,919,1000,335,-2.7502457477240285,-1045.5762840587427,-1.1377326268321466,1.0,1171.49,1,ok,,DQN\dqn_model
2026-05-31T14:45:09.001557,Learning_DQN,full_run_train_20260531_141816,,920,1000,335,-1.4868620162630655,-1047.0631460750067,-1.1381121152989202,1.0,1171.94,1,ok,,DQN\dqn_model
2026-05-31T14:45:11.780468,Learning_DQN,full_run_train_20260531_141816,,921,1000,335,-0.4861489046352995,-1047.5492949796428,-1.1374042290767024,1.0,1172.49,1,ok,,DQN\dqn_model
2026-05-31T14:45:14.600287,Learning_DQN,full_run_train_20260531_141816,,922,1000,335,1.6508792213264318,-1045.8984157583163,-1.1343800604753973,1.0,1172.93,1,ok,,DQN\dqn_model
2026-05-31T14:45:17.394185,Learning_DQN,full_run_train_20260531_141816,,923,1000,335,-1.672351669169119,-1047.5707674274863,-1.134962911622412,1.0,1173.43,1,ok,,DQN\dqn_model
2026-05-31T14:45:20.215119,Learning_DQN,full_run_train_20260531_141816,,924,1000,335,-1.0133248114855862,-1048.584092238972,-1.1348312686568962,1.0,1173.86,1,ok,,DQN\dqn_model
2026-05-31T14:45:23.012974,Learning_DQN,full_run_train_20260531_141816,,925,1000,335,-1.2506151351765615,-1049.8347073741497,-1.1349564404044863,1.0,1174.41,1,ok,,DQN\dqn_model
2026-05-31T14:45:25.770654,Learning_DQN,full_run_train_20260531_141816,,926,1000,335,-0.9691408981189434,-1050.8038482722686,-1.1347773739441347,1.0,1174.93,1,ok,,DQN\dqn_model
2026-05-31T14:45:28.588574,Learning_DQN,full_run_train_20260531_141816,,927,1000,335,-0.8736763401936574,-1051.677524612461,-1.1344957115560528,1.0,1175.42,1,ok,,DQN\dqn_model
2026-05-31T14:45:31.334541,Learning_DQN,full_run_train_20260531_141816,,928,1000,335,-1.7295283891946682,-1053.4070530016552,-1.1351369105621285,1.0,1175.95,1,ok,,DQN\dqn_model
2026-05-31T14:45:34.156027,Learning_DQN,full_run_train_20260531_141816,,929,1000,335,-1.4483765535765716,-1054.8554295552315,-1.1354740899410458,1.0,1176.43,1,ok,,DQN\dqn_model
2026-05-31T14:45:36.942816,Learning_DQN,full_run_train_20260531_141816,,930,1000,335,-1.606218866601743,-1056.4616484218327,-1.1359802671202501,1.0,1176.99,1,ok,,DQN\dqn_model
2026-05-31T14:45:39.727906,Learning_DQN,full_run_train_20260531_141816,,931,1000,335,-0.9507769617077451,-1057.4124253835384,-1.1357813376837147,1.0,1177.37,1,ok,,DQN\dqn_model
2026-05-31T14:45:42.513830,Learning_DQN,full_run_train_20260531_141816,,932,1000,335,-0.9420697421868995,-1058.3544951257268,-1.1355734926241703,1.0,1177.87,1,ok,,DQN\dqn_model
2026-05-31T14:45:45.294002,Learning_DQN,full_run_train_20260531_141816,,933,1000,335,-1.1962535659573,-1059.5507486916847,-1.135638530216168,1.0,1178.35,1,ok,,DQN\dqn_model
2026-05-31T14:45:48.117850,Learning_DQN,full_run_train_20260531_141816,,934,1000,335,-2.1912767716195676,-1061.742025463306,-1.1367687638793424,1.0,1178.81,1,ok,,DQN\dqn_model
2026-05-31T14:45:50.981523,Learning_DQN,full_run_train_20260531_141816,,935,1000,335,-0.8116733010319244,-1062.5536987643377,-1.1364210681971527,1.0,1179.37,1,ok,,DQN\dqn_model
2026-05-31T14:45:53.834252,Learning_DQN,full_run_train_20260531_141816,,936,1000,335,1.3588482990036008,-1061.1948504653342,-1.1337551821210836,1.0,1179.78,1,ok,,DQN\dqn_model
2026-05-31T14:45:56.657593,Learning_DQN,full_run_train_20260531_141816,,937,1000,335,-1.7125601278197757,-1062.907410593155,-1.134372903514573,1.0,1180.32,1,ok,,DQN\dqn_model
2026-05-31T14:45:59.501722,Learning_DQN,full_run_train_20260531_141816,,938,1000,335,-0.3826145442261456,-1063.290025137383,-1.1335714553703444,1.0,1180.82,1,ok,,DQN\dqn_model
2026-05-31T14:46:02.349755,Learning_DQN,full_run_train_20260531_141816,,939,1000,335,-0.9037984747489018,-1064.1938236121323,-1.133326755710471,1.0,1181.21,1,ok,,DQN\dqn_model
2026-05-31T14:46:05.189685,Learning_DQN,full_run_train_20260531_141816,,940,1000,335,-2.2681826905779428,-1066.4620063027103,-1.1345340492582023,1.0,1181.77,1,ok,,DQN\dqn_model
2026-05-31T14:46:08.091457,Learning_DQN,full_run_train_20260531_141816,,941,1000,335,-0.993985952958343,-1067.4559922556673,-1.1343846889008153,1.0,1182.2,1,ok,,DQN\dqn_model
2026-05-31T14:46:10.965019,Learning_DQN,full_run_train_20260531_141816,,942,1000,335,-1.9973180103537236,-1069.4533102660212,-1.1353007539978994,1.0,1182.8,1,ok,,DQN\dqn_model
2026-05-31T14:46:13.803437,Learning_DQN,full_run_train_20260531_141816,,943,1000,335,-0.7346577638530203,-1070.1879680298748,-1.134875893987142,1.0,1183.22,1,ok,,DQN\dqn_model
2026-05-31T14:46:16.639428,Learning_DQN,full_run_train_20260531_141816,,944,1000,335,-0.9839442993142811,-1071.171912329191,-1.1347160088232955,1.0,1183.75,1,ok,,DQN\dqn_model
2026-05-31T14:46:19.476006,Learning_DQN,full_run_train_20260531_141816,,945,1000,335,-0.81339332478953,-1071.9853056539819,-1.1343759848190285,1.0,1184.27,1,ok,,DQN\dqn_model
2026-05-31T14:46:22.306243,Learning_DQN,full_run_train_20260531_141816,,946,1000,335,-1.4587252863034965,-1073.4440309402853,-1.134718848774086,1.0,1184.65,1,ok,,DQN\dqn_model
2026-05-31T14:46:25.149794,Learning_DQN,full_run_train_20260531_141816,,947,1000,335,-0.9550430181291671,-1074.3990739584137,-1.1345291171683356,1.0,1185.22,1,ok,,DQN\dqn_model
2026-05-31T14:46:28.035438,Learning_DQN,full_run_train_20260531_141816,,948,1000,335,-1.6028272306457776,-1076.0019011890604,-1.1350231025201059,1.0,1185.73,1,ok,,DQN\dqn_model
2026-05-31T14:46:30.975683,Learning_DQN,full_run_train_20260531_141816,,949,1000,335,-0.9164844814380074,-1076.9183856704972,-1.134792819463116,1.0,1186.22,1,ok,,DQN\dqn_model
2026-05-31T14:46:33.884747,Learning_DQN,full_run_train_20260531_141816,,950,1000,335,-1.2966495861848426,-1078.2150352566814,-1.1349631950070331,1.0,1186.76,1,ok,,DQN\dqn_model
2026-05-31T14:46:36.829082,Learning_DQN,full_run_train_20260531_141816,,951,1000,335,-1.5143463133966486,-1079.7293815700796,-1.1353621257308932,1.0,1187.23,1,ok,,DQN\dqn_model
2026-05-31T14:46:39.641743,Learning_DQN,full_run_train_20260531_141816,,952,1000,335,-1.267852204215073,-1080.9972337742947,-1.135501295981402,1.0,1187.79,1,ok,,DQN\dqn_model
2026-05-31T14:46:42.425503,Learning_DQN,full_run_train_20260531_141816,,953,1000,335,-0.5682168530770225,-1081.56545062737,-1.1349060342364847,1.0,1188.25,1,ok,,DQN\dqn_model
2026-05-31T14:46:45.189402,Learning_DQN,full_run_train_20260531_141816,,954,1000,335,-1.1363797189687754,-1082.7018303463394,-1.1349075789793914,1.0,1188.78,1,ok,,DQN\dqn_model
2026-05-31T14:46:47.949512,Learning_DQN,full_run_train_20260531_141816,,955,1000,335,-1.477102473725588,-1084.1789328200655,-1.1352658982409063,1.0,1189.24,1,ok,,DQN\dqn_model
2026-05-31T14:46:50.777791,Learning_DQN,full_run_train_20260531_141816,,956,1000,335,-1.507847605013015,-1085.686780425078,-1.135655628059705,1.0,1189.68,1,ok,,DQN\dqn_model
2026-05-31T14:46:53.520122,Learning_DQN,full_run_train_20260531_141816,,957,1000,335,-2.7067867815655435,-1088.3935672066439,-1.1372973534029716,1.0,1190.27,1,ok,,DQN\dqn_model
2026-05-31T14:46:56.285940,Learning_DQN,full_run_train_20260531_141816,,958,1000,335,-0.779281326622108,-1089.1728485332653,-1.1369236414752248,1.0,1190.69,1,ok,,DQN\dqn_model
2026-05-31T14:46:59.041725,Learning_DQN,full_run_train_20260531_141816,,959,1000,335,-1.6062811949039755,-1090.7791297281708,-1.1374130654099799,1.0,1191.27,1,ok,,DQN\dqn_model
2026-05-31T14:47:01.875607,Learning_DQN,full_run_train_20260531_141816,,960,1000,335,-0.9363546874048758,-1091.7154844155775,-1.13720362959956,1.0,1191.75,1,ok,,DQN\dqn_model
2026-05-31T14:47:04.735597,Learning_DQN,full_run_train_20260531_141816,,961,1000,335,-1.1300372603297801,-1092.845521675907,-1.137196172399487,1.0,1192.22,1,ok,,DQN\dqn_model
2026-05-31T14:47:07.515693,Learning_DQN,full_run_train_20260531_141816,,962,1000,335,-2.6677848969334037,-1095.51330657284,-1.1387872209696883,1.0,1192.73,1,ok,,DQN\dqn_model
2026-05-31T14:47:10.405869,Learning_DQN,full_run_train_20260531_141816,,963,1000,335,-0.5872159236741602,-1096.100522496514,-1.1382144574210946,1.0,1193.24,1,ok,,DQN\dqn_model
2026-05-31T14:47:13.249621,Learning_DQN,full_run_train_20260531_141816,,964,1000,335,-0.4066338987859803,-1096.5071563953013,-1.137455556426661,1.0,1193.74,1,ok,,DQN\dqn_model
2026-05-31T14:47:16.034491,Learning_DQN,full_run_train_20260531_141816,,965,1000,335,-0.3388985267616808,-1096.846054922064,-1.1366280361886674,1.0,1194.2,1,ok,,DQN\dqn_model
2026-05-31T14:47:18.850865,Learning_DQN,full_run_train_20260531_141816,,966,1000,335,-1.5113719267206385,-1098.3574268487844,-1.1370159698227582,1.0,1194.71,1,ok,,DQN\dqn_model
2026-05-31T14:47:21.693275,Learning_DQN,full_run_train_20260531_141816,,967,1000,335,-1.224856395428989,-1099.5822832442134,-1.137106807905081,1.0,1195.18,1,ok,,DQN\dqn_model
2026-05-31T14:47:24.567589,Learning_DQN,full_run_train_20260531_141816,,968,1000,335,-1.8913151942722484,-1101.4735984384865,-1.1378859488000894,1.0,1195.69,1,ok,,DQN\dqn_model
2026-05-31T14:47:27.348390,Learning_DQN,full_run_train_20260531_141816,,969,1000,335,-1.662201081156642,-1103.1357995196431,-1.1384270376879702,1.0,1196.28,1,ok,,DQN\dqn_model
2026-05-31T14:47:30.254276,Learning_DQN,full_run_train_20260531_141816,,970,1000,335,-0.7215223304059096,-1103.8573218500485,-1.1379972390206685,1.0,1196.72,1,ok,,DQN\dqn_model
2026-05-31T14:47:33.108307,Learning_DQN,full_run_train_20260531_141816,,971,1000,335,-0.6692020447258296,-1104.526523894774,-1.1375144427340618,1.0,1197.58,1,ok,,DQN\dqn_model
2026-05-31T14:47:35.988801,Learning_DQN,full_run_train_20260531_141816,,972,1000,335,-1.6333024923972177,-1106.1598263871722,-1.1380245127440043,1.0,1198.02,1,ok,,DQN\dqn_model
2026-05-31T14:47:38.810840,Learning_DQN,full_run_train_20260531_141816,,973,1000,335,-1.1002904472587833,-1107.2601168344308,-1.1379857315872877,1.0,1198.46,1,ok,,DQN\dqn_model
2026-05-31T14:47:41.633712,Learning_DQN,full_run_train_20260531_141816,,974,1000,335,-1.1511520301423381,-1108.4112688645737,-1.1379992493476117,1.0,1198.95,1,ok,,DQN\dqn_model
2026-05-31T14:47:44.484361,Learning_DQN,full_run_train_20260531_141816,,975,1000,335,-0.8288964374410303,-1109.2401653020138,-1.1376822208225783,1.0,1199.38,1,ok,,DQN\dqn_model
2026-05-31T14:47:47.476199,Learning_DQN,full_run_train_20260531_141816,,976,1000,335,-0.7579660649318253,-1109.9981313669452,-1.1372931673841653,1.0,1199.96,1,ok,,DQN\dqn_model
2026-05-31T14:47:50.384715,Learning_DQN,full_run_train_20260531_141816,,977,1000,335,-1.1224198699709056,-1111.1205512369165,-1.1372779439477139,1.0,1200.4,1,ok,,DQN\dqn_model
2026-05-31T14:47:53.235580,Learning_DQN,full_run_train_20260531_141816,,978,1000,335,-0.6384237714523879,-1111.7589750083678,-1.1367678681067155,1.0,1200.9,1,ok,,DQN\dqn_model
2026-05-31T14:47:56.075621,Learning_DQN,full_run_train_20260531_141816,,979,1000,335,-1.0744860173820099,-1112.8334610257489,-1.1367042502816638,1.0,1201.36,1,ok,,DQN\dqn_model
2026-05-31T14:47:58.973818,Learning_DQN,full_run_train_20260531_141816,,980,1000,335,-0.8787485002287062,-1113.7122095259772,-1.1364410301285481,1.0,1201.84,1,ok,,DQN\dqn_model
2026-05-31T14:48:02.085728,Learning_DQN,full_run_train_20260531_141816,,981,1000,335,-2.613452553688401,-1116.3256620796653,-1.137946648399251,1.0,1202.34,1,ok,,DQN\dqn_model
2026-05-31T14:48:05.647876,Learning_DQN,full_run_train_20260531_141816,,982,1000,335,-0.7721623713800443,-1117.0978244510445,-1.1375741593187827,1.0,1202.78,1,ok,,DQN\dqn_model
2026-05-31T14:48:08.803387,Learning_DQN,full_run_train_20260531_141816,,983,1000,335,-1.2762923573089577,-1118.3741168083536,-1.1377152765090068,1.0,1203.27,1,ok,,DQN\dqn_model
2026-05-31T14:48:12.034599,Learning_DQN,full_run_train_20260531_141816,,984,1000,335,0.9212957426666223,-1117.4528210656872,-1.135622785635861,1.0,1203.76,1,ok,,DQN\dqn_model
2026-05-31T14:48:15.271377,Learning_DQN,full_run_train_20260531_141816,,985,1000,335,-1.5066721970871073,-1118.9594932627745,-1.1359994855459639,1.0,1204.35,1,ok,,DQN\dqn_model
2026-05-31T14:48:18.349128,Learning_DQN,full_run_train_20260531_141816,,986,1000,335,-0.9653115978315054,-1119.9248048606053,-1.135826374097977,1.0,1204.85,1,ok,,DQN\dqn_model
2026-05-31T14:48:21.597320,Learning_DQN,full_run_train_20260531_141816,,987,1000,335,-1.849603573002637,-1121.7744084336066,-1.136549552617636,1.0,1205.29,1,ok,,DQN\dqn_model
2026-05-31T14:48:24.906437,Learning_DQN,full_run_train_20260531_141816,,988,1000,335,-0.9323525953950091,-1122.7067610290017,-1.1363428755354268,1.0,1205.86,1,ok,,DQN\dqn_model
2026-05-31T14:48:28.150738,Learning_DQN,full_run_train_20260531_141816,,989,1000,335,-0.79013182841118,-1123.4968928574115,-1.1359928138093138,1.0,1206.36,1,ok,,DQN\dqn_model
2026-05-31T14:48:31.315495,Learning_DQN,full_run_train_20260531_141816,,990,1000,335,-0.5356813386772279,-1124.032574196089,-1.1353864385819081,1.0,1206.79,1,ok,,DQN\dqn_model
2026-05-31T14:48:34.364967,Learning_DQN,full_run_train_20260531_141816,,991,1000,335,-1.759116640637587,-1125.7916908367256,-1.1360158333367565,1.0,1207.41,1,ok,,DQN\dqn_model
2026-05-31T14:48:37.467297,Learning_DQN,full_run_train_20260531_141816,,992,1000,335,-1.6649568358014986,-1127.4566476725272,-1.136549039992467,1.0,1207.84,1,ok,,DQN\dqn_model
2026-05-31T14:48:40.587587,Learning_DQN,full_run_train_20260531_141816,,993,1000,335,-1.1955928197126695,-1128.6522404922396,-1.1366084999921848,1.0,1208.42,1,ok,,DQN\dqn_model
2026-05-31T14:48:43.682433,Learning_DQN,full_run_train_20260531_141816,,994,1000,335,-1.4848451348774647,-1130.137085627118,-1.1369588386590725,1.0,1208.99,1,ok,,DQN\dqn_model
2026-05-31T14:48:46.995626,Learning_DQN,full_run_train_20260531_141816,,995,1000,335,-0.5449599339005642,-1130.682045561016,-1.136363864885443,1.0,1209.44,1,ok,,DQN\dqn_model
2026-05-31T14:48:50.052088,Learning_DQN,full_run_train_20260531_141816,,996,1000,335,-1.7387235161724415,-1132.4207690771882,-1.1369686436517954,1.0,1209.99,1,ok,,DQN\dqn_model
2026-05-31T14:48:53.269009,Learning_DQN,full_run_train_20260531_141816,,997,1000,335,-1.161424199686331,-1133.5821932768736,-1.1369931727952594,1.0,1210.5,1,ok,,DQN\dqn_model
2026-05-31T14:48:56.356076,Learning_DQN,full_run_train_20260531_141816,,998,1000,335,-0.7291147391895991,-1134.3113080160624,-1.1365844769700024,1.0,1211.05,1,ok,,DQN\dqn_model
2026-05-31T14:48:59.444015,Learning_DQN,full_run_train_20260531_141816,,999,1000,335,-1.1666685518831643,-1135.477976567945,-1.1366145911591041,1.0,1211.49,1,ok,,DQN\dqn_model
2026-05-31T14:49:02.589711,Learning_DQN,full_run_train_20260531_141816,,1000,1000,335,-1.1334716449047508,-1136.6114482128503,-1.1366114482128502,1.0,1212.04,1,ok,,DQN\dqn_model
