timestamp,scope,run_name,trial,episode,episodes_total,steps,episode_reward,total_reward,avg_reward,epsilon,memory_rss_mb,done,status,error,checkpoint_file
2026-06-07T15:56:53.649107,Optuna,optuna_20260607_155651,0,1,35,671,-3.1439635038745912,-3.1439635038745912,-3.1439635038745912,0.8653908529816616,3097.22,1,ok,,DQN\dqn_model_optuna_trial_0
2026-06-07T15:56:55.705055,Optuna,optuna_20260607_155651,0,2,35,671,-1.1891751153076622,-4.333138619182254,-2.166569309591127,0.8450038583656799,3098.37,1,ok,,DQN\dqn_model_optuna_trial_0
2026-06-07T15:56:57.814927,Optuna,optuna_20260607_155651,0,3,35,671,-2.327116541200757,-6.660255160383011,-2.2200850534610037,0.8246168637496982,3099.5,1,ok,,DQN\dqn_model_optuna_trial_0
2026-06-07T15:56:59.922161,Optuna,optuna_20260607_155651,0,4,35,671,-1.1369475951958024,-7.797202755578813,-1.9493006888947033,0.8042298691337165,3100.4,1,ok,,DQN\dqn_model_optuna_trial_0
2026-06-07T15:57:02.142181,Optuna,optuna_20260607_155651,0,5,35,671,-2.9513948417640785,-10.748597597342892,-2.1497195194685785,0.7838428745177348,3101.29,1,ok,,DQN\dqn_model_optuna_trial_0
2026-06-07T15:57:04.218824,Optuna,optuna_20260607_155651,0,6,35,671,-3.2231209781933208,-13.971718575536212,-2.3286197625893688,0.7634558799017531,3102.18,1,ok,,DQN\dqn_model_optuna_trial_0
2026-06-07T15:57:06.460056,Optuna,optuna_20260607_155651,0,7,35,671,-1.8970335789349595,-15.86875215447117,-2.2669645934958815,0.7430688852857714,3103.0,1,ok,,DQN\dqn_model_optuna_trial_0
2026-06-07T15:57:08.719321,Optuna,optuna_20260607_155651,0,8,35,671,-1.736819009224207,-17.605571163695377,-2.200696395461922,0.7226818906697897,3103.82,1,ok,,DQN\dqn_model_optuna_trial_0
2026-06-07T15:57:11.173960,Optuna,optuna_20260607_155651,0,9,35,671,-1.4737702963367854,-19.07934146003216,-2.119926828892462,0.702294896053808,3104.7,1,ok,,DQN\dqn_model_optuna_trial_0
2026-06-07T15:57:13.294330,Optuna,optuna_20260607_155651,0,10,35,671,-0.21002285911563728,-19.289364319147797,-1.9289364319147797,0.6819079014378263,3105.64,1,ok,,DQN\dqn_model_optuna_trial_0
2026-06-07T15:57:15.664671,Optuna,optuna_20260607_155651,0,11,35,671,-0.5772746513187008,-19.866638970466497,-1.806058088224227,0.6615209068218446,3106.52,1,ok,,DQN\dqn_model_optuna_trial_0
2026-06-07T15:57:17.755661,Optuna,optuna_20260607_155651,0,12,35,671,-2.1705654245022457,-22.037204394968743,-1.8364336995807287,0.6411339122058629,3107.42,1,ok,,DQN\dqn_model_optuna_trial_0
2026-06-07T15:57:20.025584,Optuna,optuna_20260607_155651,0,13,35,671,-2.168063142802964,-24.205267537771707,-1.8619436567516698,0.6207469175898812,3108.24,1,ok,,DQN\dqn_model_optuna_trial_0
2026-06-07T15:57:22.193557,Optuna,optuna_20260607_155651,0,14,35,671,-3.235327518051457,-27.440595055823163,-1.9600425039873688,0.6003599229738995,3109.06,1,ok,,DQN\dqn_model_optuna_trial_0
2026-06-07T15:57:24.190880,Optuna,optuna_20260607_155651,0,15,35,671,-2.0831641278934603,-29.523759183716624,-1.968250612247775,0.5799729283579178,3109.93,1,ok,,DQN\dqn_model_optuna_trial_0
2026-06-07T15:57:26.519335,Optuna,optuna_20260607_155651,0,16,35,671,-3.6164648873297347,-33.14022407104636,-2.0712640044403976,0.5595859337419361,3110.82,1,ok,,DQN\dqn_model_optuna_trial_0
2026-06-07T15:57:28.798431,Optuna,optuna_20260607_155651,0,17,35,671,-0.04784530117073205,-33.18806937221709,-1.9522393748362996,0.5391989391259544,3111.67,1,ok,,DQN\dqn_model_optuna_trial_0
2026-06-07T15:57:31.208832,Optuna,optuna_20260607_155651,0,18,35,671,-2.5477476084851447,-35.73581698070224,-1.985323165594569,0.5188119445099727,3112.65,1,ok,,DQN\dqn_model_optuna_trial_0
2026-06-07T15:57:33.434423,Optuna,optuna_20260607_155651,0,19,35,671,-0.7434054735411024,-36.47922245424334,-1.9199590765391232,0.498424949893991,3113.57,1,ok,,DQN\dqn_model_optuna_trial_0
2026-06-07T15:57:35.478689,Optuna,optuna_20260607_155651,0,20,35,671,-0.06636456215395994,-36.5455870163973,-1.827279350819865,0.4780379552780093,3114.33,1,ok,,DQN\dqn_model_optuna_trial_0
2026-06-07T15:57:37.831695,Optuna,optuna_20260607_155651,0,21,35,671,-2.7993529275923974,-39.344939943989694,-1.873568568761414,0.4576509606620276,3115.21,1,ok,,DQN\dqn_model_optuna_trial_0
2026-06-07T15:57:40.048016,Optuna,optuna_20260607_155651,0,22,35,671,-1.0386837821642638,-40.38362372615396,-1.8356192602797252,0.4372639660460459,3116.14,1,ok,,DQN\dqn_model_optuna_trial_0
2026-06-07T15:57:42.408919,Optuna,optuna_20260607_155651,0,23,35,671,-0.5453001835737914,-40.92892390972775,-1.7795184308577283,0.4168769714300642,3006.13,1,ok,,DQN\dqn_model_optuna_trial_0
2026-06-07T15:57:44.960773,Optuna,optuna_20260607_155651,0,24,35,671,-0.9388152638929849,-41.867739173620734,-1.7444891322341973,0.3964899768140825,3007.0,1,ok,,DQN\dqn_model_optuna_trial_0
2026-06-07T15:57:47.484660,Optuna,optuna_20260607_155651,0,25,35,671,-1.5614065964581285,-43.42914577007886,-1.7371658308031543,0.3761029821981008,3007.89,1,ok,,DQN\dqn_model_optuna_trial_0
2026-06-07T15:57:50.218281,Optuna,optuna_20260607_155651,0,26,35,671,-0.9860373613811346,-44.41518313146,-1.708276274286923,0.3557159875821191,3008.64,1,ok,,DQN\dqn_model_optuna_trial_0
2026-06-07T15:57:52.625239,Optuna,optuna_20260607_155651,0,27,35,671,-0.13414361321465484,-44.54932674467465,-1.6499750646175797,0.3353289929661374,3009.52,1,ok,,DQN\dqn_model_optuna_trial_0
2026-06-07T15:57:55.035448,Optuna,optuna_20260607_155651,0,28,35,671,-1.617403656055111,-46.16673040072976,-1.648811800026063,0.3149419983501557,3010.4,1,ok,,DQN\dqn_model_optuna_trial_0
2026-06-07T15:57:57.505240,Optuna,optuna_20260607_155651,0,29,35,671,-1.6645093037309078,-47.83123970446067,-1.6493530932572644,0.294555003734174,3011.29,1,ok,,DQN\dqn_model_optuna_trial_0
2026-06-07T15:58:00.026888,Optuna,optuna_20260607_155651,0,30,35,671,-1.47806220210289,-49.30930190656356,-1.643643396885452,0.2741680091181923,3012.29,1,ok,,DQN\dqn_model_optuna_trial_0
2026-06-07T15:58:02.647646,Optuna,optuna_20260607_155651,0,31,35,671,0.11297564393983955,-49.19632626262372,-1.586978266536249,0.2537810145022106,3013.12,1,ok,,DQN\dqn_model_optuna_trial_0
2026-06-07T15:58:05.393880,Optuna,optuna_20260607_155651,0,32,35,671,-0.6169073195136315,-49.81323358213735,-1.5566635494417922,0.23339401988622888,3013.86,1,ok,,DQN\dqn_model_optuna_trial_0
2026-06-07T15:58:07.863203,Optuna,optuna_20260607_155651,0,33,35,671,-0.38009513194920663,-50.193328714086554,-1.521009961032926,0.21300702527024717,3014.74,1,ok,,DQN\dqn_model_optuna_trial_0
2026-06-07T15:58:10.246699,Optuna,optuna_20260607_155651,0,34,35,671,-0.04397891030279647,-50.23730762438935,-1.477567871305569,0.19262003065426547,3015.62,1,ok,,DQN\dqn_model_optuna_trial_0
2026-06-07T15:58:12.635745,Optuna,optuna_20260607_155651,0,35,35,671,-0.6240444761719086,-50.86135210056126,-1.4531814885874645,0.17223303603828377,3016.5,1,ok,,DQN\dqn_model_optuna_trial_0
2026-06-07T15:58:13.796150,Optuna,optuna_20260607_155651,1,1,35,671,-3.2461269483209896,-3.2461269483209896,-3.2461269483209896,0.9034987798776183,2993.23,1,ok,,DQN\dqn_model_optuna_trial_1
2026-06-07T15:58:16.303353,Optuna,optuna_20260607_155651,1,2,35,671,-1.4339054725325224,-4.680032420853512,-2.340016210426756,0.9027245187447268,2994.11,1,ok,,DQN\dqn_model_optuna_trial_1
2026-06-07T15:58:18.864784,Optuna,optuna_20260607_155651,1,3,35,671,-1.7409233491145781,-6.42095576996809,-2.1403185899893633,0.9019502576118353,2994.93,1,ok,,DQN\dqn_model_optuna_trial_1
2026-06-07T15:58:21.426021,Optuna,optuna_20260607_155651,1,4,35,671,-2.8922504875364834,-9.313206257504573,-2.3283015643761433,0.9011759964789439,2995.82,1,ok,,DQN\dqn_model_optuna_trial_1
2026-06-07T15:58:24.267453,Optuna,optuna_20260607_155651,1,5,35,671,-1.6072504997126444,-10.920456757217218,-2.1840913514434437,0.9004017353460524,2996.71,1,ok,,DQN\dqn_model_optuna_trial_1
2026-06-07T15:58:27.420187,Optuna,optuna_20260607_155651,1,6,35,671,-2.6403942019039546,-13.560850959121172,-2.2601418265201954,0.8996274742131609,2997.52,1,ok,,DQN\dqn_model_optuna_trial_1
2026-06-07T15:58:29.952989,Optuna,optuna_20260607_155651,1,7,35,671,-2.169583206869097,-15.73043416599027,-2.2472048808557528,0.8988532130802694,2998.4,1,ok,,DQN\dqn_model_optuna_trial_1
2026-06-07T15:58:32.549491,Optuna,optuna_20260607_155651,1,8,35,671,-1.7905420402969652,-17.520976206287234,-2.190122025785904,0.898078951947378,2999.29,1,ok,,DQN\dqn_model_optuna_trial_1
2026-06-07T15:58:35.001371,Optuna,optuna_20260607_155651,1,9,35,671,-2.85540026411042,-20.376376470397652,-2.2640418300441834,0.8973046908144865,3000.1,1,ok,,DQN\dqn_model_optuna_trial_1
2026-06-07T15:58:37.465230,Optuna,optuna_20260607_155651,1,10,35,671,-1.0666289415474735,-21.443005411945126,-2.1443005411945126,0.896530429681595,3000.98,1,ok,,DQN\dqn_model_optuna_trial_1
2026-06-07T15:58:39.878598,Optuna,optuna_20260607_155651,1,11,35,671,2.409226966526035,-19.03377844541909,-1.7303434950380991,0.8957561685487035,3001.86,1,ok,,DQN\dqn_model_optuna_trial_1
2026-06-07T15:58:42.435000,Optuna,optuna_20260607_155651,1,12,35,671,-1.9714484367661362,-21.005226882185227,-1.7504355735154356,0.8949819074158121,3002.72,1,ok,,DQN\dqn_model_optuna_trial_1
2026-06-07T15:58:44.878916,Optuna,optuna_20260607_155651,1,13,35,671,-1.1984597282513123,-22.203686610436538,-1.707975893110503,0.8942076462829206,3003.61,1,ok,,DQN\dqn_model_optuna_trial_1
2026-06-07T15:58:47.282514,Optuna,optuna_20260607_155651,1,14,35,671,-1.8513933242513518,-24.05507993468789,-1.7182199953348491,0.8934333851500291,3004.49,1,ok,,DQN\dqn_model_optuna_trial_1
2026-06-07T15:58:49.782943,Optuna,optuna_20260607_155651,1,15,35,671,-3.911917607758669,-27.966997542446556,-1.8644665028297704,0.8926591240171377,3005.3,1,ok,,DQN\dqn_model_optuna_trial_1
2026-06-07T15:58:52.283516,Optuna,optuna_20260607_155651,1,16,35,671,-0.8441749502105845,-28.81117249265714,-1.8006982807910712,0.8918848628842462,3006.18,1,ok,,DQN\dqn_model_optuna_trial_1
2026-06-07T15:58:54.797594,Optuna,optuna_20260607_155651,1,17,35,671,-1.8315383402207677,-30.642710832877906,-1.8025124019339944,0.8911106017513547,3007.11,1,ok,,DQN\dqn_model_optuna_trial_1
2026-06-07T15:58:57.308726,Optuna,optuna_20260607_155651,1,18,35,671,-3.100763977582608,-33.74347481046051,-1.8746374894700284,0.8903363406184632,3007.92,1,ok,,DQN\dqn_model_optuna_trial_1
2026-06-07T15:58:59.821584,Optuna,optuna_20260607_155651,1,19,35,671,-0.9274655996253724,-34.67094041008588,-1.8247863373729412,0.8895620794855718,3008.8,1,ok,,DQN\dqn_model_optuna_trial_1
2026-06-07T15:59:02.423461,Optuna,optuna_20260607_155651,1,20,35,671,-2.9867730354591226,-37.657713445545006,-1.8828856722772502,0.8887878183526803,3009.68,1,ok,,DQN\dqn_model_optuna_trial_1
2026-06-07T15:59:04.961197,Optuna,optuna_20260607_155651,1,21,35,671,-2.033012470774162,-39.69072591631917,-1.8900345674437697,0.8880135572197888,3010.56,1,ok,,DQN\dqn_model_optuna_trial_1
2026-06-07T15:59:07.497394,Optuna,optuna_20260607_155651,1,22,35,671,-3.982353048630467,-43.67307896494963,-1.985139952952256,0.8872392960868973,3011.38,1,ok,,DQN\dqn_model_optuna_trial_1
2026-06-07T15:59:10.026537,Optuna,optuna_20260607_155651,1,23,35,671,-2.2590520854634577,-45.93213105041309,-1.997049176104917,0.8864650349540059,3012.26,1,ok,,DQN\dqn_model_optuna_trial_1
2026-06-07T15:59:12.606850,Optuna,optuna_20260607_155651,1,24,35,671,-1.9582060396487337,-47.89033709006183,-1.9954307120859094,0.8856907738211144,3013.14,1,ok,,DQN\dqn_model_optuna_trial_1
2026-06-07T15:59:15.248575,Optuna,optuna_20260607_155651,1,25,35,671,-0.7883896106819138,-48.67872670074374,-1.9471490680297494,0.8849165126882229,3013.96,1,ok,,DQN\dqn_model_optuna_trial_1
2026-06-07T15:59:17.797192,Optuna,optuna_20260607_155651,1,26,35,671,-2.7235450962460725,-51.40227179698981,-1.9770104537303772,0.8841422515553314,3014.84,1,ok,,DQN\dqn_model_optuna_trial_1
2026-06-07T15:59:20.388649,Optuna,optuna_20260607_155651,1,27,35,671,-1.8136590000989543,-53.21593079708876,-1.9709603998921763,0.88336799042244,3015.72,1,ok,,DQN\dqn_model_optuna_trial_1
2026-06-07T15:59:22.940118,Optuna,optuna_20260607_155651,1,28,35,671,-2.537016848595723,-55.752947645684486,-1.9911767016315889,0.8825937292895485,3016.54,1,ok,,DQN\dqn_model_optuna_trial_1
2026-06-07T15:59:25.811559,Optuna,optuna_20260607_155651,1,29,35,671,-2.9230255127646574,-58.675973158449146,-2.0233094192568672,0.881819468156657,3017.42,1,ok,,DQN\dqn_model_optuna_trial_1
2026-06-07T15:59:28.434212,Optuna,optuna_20260607_155651,1,30,35,671,-2.491682683250088,-61.167655841699236,-2.0389218613899747,0.8810452070237655,3018.3,1,ok,,DQN\dqn_model_optuna_trial_1
2026-06-07T15:59:31.074276,Optuna,optuna_20260607_155651,1,31,35,671,-1.5909745083039422,-62.75863035000318,-2.024471946774296,0.8802709458908741,3019.12,1,ok,,DQN\dqn_model_optuna_trial_1
2026-06-07T15:59:33.694610,Optuna,optuna_20260607_155651,1,32,35,671,-1.6495570707240055,-64.40818742072719,-2.0127558568977246,0.8794966847579826,3019.99,1,ok,,DQN\dqn_model_optuna_trial_1
2026-06-07T15:59:36.377362,Optuna,optuna_20260607_155651,1,33,35,671,-3.0601121756473164,-67.46829959637451,-2.044493927162864,0.8787224236250911,3020.88,1,ok,,DQN\dqn_model_optuna_trial_1
2026-06-07T15:59:39.024530,Optuna,optuna_20260607_155651,1,34,35,671,-1.4566914707107876,-68.9249910670853,-2.027205619620156,0.8779481624921996,3021.75,1,ok,,DQN\dqn_model_optuna_trial_1
2026-06-07T15:59:41.700523,Optuna,optuna_20260607_155651,1,35,35,671,-1.0359918315921166,-69.96098289867741,-1.9988852256764975,0.8771739013593082,3022.63,1,ok,,DQN\dqn_model_optuna_trial_1
2026-06-07T15:59:42.833490,Optuna,optuna_20260607_155651,2,1,35,671,-3.0118028857542534,-3.0118028857542534,-3.0118028857542534,0.8027128693938315,2994.05,1,ok,,DQN\dqn_model_optuna_trial_2
2026-06-07T15:59:45.499187,Optuna,optuna_20260607_155651,2,2,35,671,-1.4407524082308956,-4.452555293985149,-2.2262776469925747,0.794684389641819,2994.81,1,ok,,DQN\dqn_model_optuna_trial_2
2026-06-07T15:59:48.169230,Optuna,optuna_20260607_155651,2,3,35,671,-2.035942081774502,-6.488497375759652,-2.1628324585865504,0.7866559098898065,2995.68,1,ok,,DQN\dqn_model_optuna_trial_2
2026-06-07T15:59:50.925104,Optuna,optuna_20260607_155651,2,4,35,671,-2.6907381663840497,-9.1792355421437,-2.294808885535925,0.778627430137794,2996.57,1,ok,,DQN\dqn_model_optuna_trial_2
2026-06-07T15:59:53.639148,Optuna,optuna_20260607_155651,2,5,35,671,-0.9516303169967024,-10.130865859140403,-2.0261731718280807,0.7705989503857815,2997.45,1,ok,,DQN\dqn_model_optuna_trial_2
2026-06-07T15:59:56.441588,Optuna,optuna_20260607_155651,2,6,35,671,-2.7318237451613983,-12.862689604301801,-2.143781600716967,0.762570470633769,2998.32,1,ok,,DQN\dqn_model_optuna_trial_2
2026-06-07T15:59:59.186679,Optuna,optuna_20260607_155651,2,7,35,671,-1.7078171422132917,-14.570506746515093,-2.0815009637878705,0.7545419908817566,2999.21,1,ok,,DQN\dqn_model_optuna_trial_2
2026-06-07T16:00:02.048897,Optuna,optuna_20260607_155651,2,8,35,671,-1.4990492949184604,-16.069556041433554,-2.0086945051791942,0.7465135111297441,3000.03,1,ok,,DQN\dqn_model_optuna_trial_2
2026-06-07T16:00:04.982092,Optuna,optuna_20260607_155651,2,9,35,671,-0.6361333251782653,-16.705689366611818,-1.8561877074013131,0.7384850313777316,3000.84,1,ok,,DQN\dqn_model_optuna_trial_2
2026-06-07T16:00:08.299357,Optuna,optuna_20260607_155651,2,10,35,671,-1.6024246077859468,-18.308113974397763,-1.8308113974397764,0.7304565516257191,3001.72,1,ok,,DQN\dqn_model_optuna_trial_2
2026-06-07T16:00:11.046215,Optuna,optuna_20260607_155651,2,11,35,671,-2.951077357654138,-21.259191332051902,-1.9326537574592637,0.7224280718737066,3002.61,1,ok,,DQN\dqn_model_optuna_trial_2
2026-06-07T16:00:13.761168,Optuna,optuna_20260607_155651,2,12,35,671,-1.461665011158308,-22.720856343210208,-1.8934046952675174,0.7143995921216941,3003.48,1,ok,,DQN\dqn_model_optuna_trial_2
2026-06-07T16:00:16.761262,Optuna,optuna_20260607_155651,2,13,35,671,-2.8004133868638403,-25.52126973007405,-1.9631745946210808,0.7063711123696816,3004.36,1,ok,,DQN\dqn_model_optuna_trial_2
2026-06-07T16:00:19.737047,Optuna,optuna_20260607_155651,2,14,35,671,-2.156524782705696,-27.677794512779744,-1.9769853223414102,0.6983426326176692,3005.18,1,ok,,DQN\dqn_model_optuna_trial_2
2026-06-07T16:00:22.596329,Optuna,optuna_20260607_155651,2,15,35,671,-1.4622637133267742,-29.140058226106518,-1.9426705484071012,0.6903141528656567,3006.0,1,ok,,DQN\dqn_model_optuna_trial_2
2026-06-07T16:00:25.466218,Optuna,optuna_20260607_155651,2,16,35,671,-1.5828863217625575,-30.722944547869076,-1.9201840342418173,0.6822856731136442,3006.88,1,ok,,DQN\dqn_model_optuna_trial_2
2026-06-07T16:00:28.322987,Optuna,optuna_20260607_155651,2,17,35,671,-2.0850751907723355,-32.80801973864141,-1.9298835140377302,0.6742571933616317,3007.76,1,ok,,DQN\dqn_model_optuna_trial_2
2026-06-07T16:00:31.188240,Optuna,optuna_20260607_155651,2,18,35,671,1.1573293818908819,-31.65069035675053,-1.7583716864861405,0.6662287136096192,3008.64,1,ok,,DQN\dqn_model_optuna_trial_2
2026-06-07T16:00:34.078289,Optuna,optuna_20260607_155651,2,19,35,671,-2.8158898001350865,-34.46658015688562,-1.8140305345729273,0.6582002338576067,3009.52,1,ok,,DQN\dqn_model_optuna_trial_2
2026-06-07T16:00:36.972364,Optuna,optuna_20260607_155651,2,20,35,671,-0.3065309073839413,-34.773111064269564,-1.7386555532134782,0.6501717541055942,3010.34,1,ok,,DQN\dqn_model_optuna_trial_2
2026-06-07T16:00:39.874381,Optuna,optuna_20260607_155651,2,21,35,671,-1.836179651955615,-36.60929071622518,-1.7432995579154849,0.6421432743535818,3011.15,1,ok,,DQN\dqn_model_optuna_trial_2
2026-06-07T16:00:42.880776,Optuna,optuna_20260607_155651,2,22,35,671,-1.0237147961179653,-37.633005512343146,-1.7105911596519612,0.6341147946015693,3012.04,1,ok,,DQN\dqn_model_optuna_trial_2
2026-06-07T16:00:45.872679,Optuna,optuna_20260607_155651,2,23,35,671,-2.434025141450839,-40.067030653793985,-1.742044811034521,0.6260863148495568,3012.92,1,ok,,DQN\dqn_model_optuna_trial_2
2026-06-07T16:00:48.780907,Optuna,optuna_20260607_155651,2,24,35,671,-1.2217397586052547,-41.28877041239924,-1.7203654338499683,0.6180578350975443,3013.79,1,ok,,DQN\dqn_model_optuna_trial_2
2026-06-07T16:00:51.727847,Optuna,optuna_20260607_155651,2,25,35,671,-1.7126163160089187,-43.00138672840816,-1.7200554691363263,0.6100293553455318,3014.68,1,ok,,DQN\dqn_model_optuna_trial_2
2026-06-07T16:00:54.686253,Optuna,optuna_20260607_155651,2,26,35,671,-2.1481873728846392,-45.1495741012928,-1.7365220808189539,0.6020008755935193,3015.56,1,ok,,DQN\dqn_model_optuna_trial_2
2026-06-07T16:00:57.635186,Optuna,optuna_20260607_155651,2,27,35,671,-2.020347971662434,-47.16992207295523,-1.7470341508501936,0.5939723958415069,3016.31,1,ok,,DQN\dqn_model_optuna_trial_2
2026-06-07T16:01:00.599435,Optuna,optuna_20260607_155651,2,28,35,671,-1.8398549033961684,-49.0097769763514,-1.7503491777268356,0.5859439160894944,3017.19,1,ok,,DQN\dqn_model_optuna_trial_2
2026-06-07T16:01:03.639220,Optuna,optuna_20260607_155651,2,29,35,671,-2.821878187013031,-51.83165516336443,-1.7872984539091183,0.5779154363374819,3018.07,1,ok,,DQN\dqn_model_optuna_trial_2
2026-06-07T16:01:06.591991,Optuna,optuna_20260607_155651,2,30,35,671,-1.4272450055995511,-53.25890016896398,-1.7752966722987995,0.5698869565854694,3018.95,1,ok,,DQN\dqn_model_optuna_trial_2
2026-06-07T16:01:09.640422,Optuna,optuna_20260607_155651,2,31,35,671,-1.4442628208127943,-54.70316298977678,-1.7646181609605411,0.5618584768334569,3019.83,1,ok,,DQN\dqn_model_optuna_trial_2
2026-06-07T16:01:12.609138,Optuna,optuna_20260607_155651,2,32,35,671,-2.3374563891296862,-57.04061937890646,-1.782519355590827,0.5538299970814444,3020.71,1,ok,,DQN\dqn_model_optuna_trial_2
2026-06-07T16:01:15.654646,Optuna,optuna_20260607_155651,2,33,35,671,-1.5956759971724732,-58.636295376078934,-1.7768574356387556,0.5458015173294319,3021.53,1,ok,,DQN\dqn_model_optuna_trial_2
2026-06-07T16:01:18.729069,Optuna,optuna_20260607_155651,2,34,35,671,-1.2568542014584083,-59.89314957753734,-1.7615632228687454,0.5377730375774195,3022.35,1,ok,,DQN\dqn_model_optuna_trial_2
2026-06-07T16:01:21.784680,Optuna,optuna_20260607_155651,2,35,35,671,-1.1999408043519275,-61.09309038188927,-1.7455168680539792,0.529744557825407,3023.22,1,ok,,DQN\dqn_model_optuna_trial_2
2026-06-07T16:01:22.883221,Optuna,optuna_20260607_155651,3,1,35,671,-2.507045733157849,-2.507045733157849,-2.507045733157849,0.8030188333129358,2994.04,1,ok,,DQN\dqn_model_optuna_trial_3
2026-06-07T16:01:25.498393,Optuna,optuna_20260607_155651,3,2,35,671,-2.7372011022433997,-5.244246835401249,-2.6221234177006245,0.796182869984805,2994.86,1,ok,,DQN\dqn_model_optuna_trial_3
2026-06-07T16:01:28.292588,Optuna,optuna_20260607_155651,3,3,35,671,-5.078752487467404,-10.322999322868654,-3.4409997742895513,0.7893469066566743,2995.73,1,ok,,DQN\dqn_model_optuna_trial_3
2026-06-07T16:01:30.926486,Optuna,optuna_20260607_155651,3,4,35,671,-2.1419954228805844,-12.464994745749237,-3.1162486864373093,0.7825109433285435,2996.62,1,ok,,DQN\dqn_model_optuna_trial_3
2026-06-07T16:01:33.748429,Optuna,optuna_20260607_155651,3,5,35,671,-3.0838089735305396,-15.548803719279777,-3.109760743855955,0.7756749800004128,2997.5,1,ok,,DQN\dqn_model_optuna_trial_3
2026-06-07T16:01:36.702476,Optuna,optuna_20260607_155651,3,6,35,671,-0.9478035403596166,-16.496607259639394,-2.749434543273232,0.768839016672282,2998.31,1,ok,,DQN\dqn_model_optuna_trial_3
2026-06-07T16:01:39.788420,Optuna,optuna_20260607_155651,3,7,35,671,-1.8496887970849385,-18.34629605672433,-2.6208994366749043,0.7620030533441513,2999.2,1,ok,,DQN\dqn_model_optuna_trial_3
2026-06-07T16:01:42.817151,Optuna,optuna_20260607_155651,3,8,35,671,-1.7221760854076265,-20.068472142131956,-2.5085590177664945,0.7551670900160206,3000.08,1,ok,,DQN\dqn_model_optuna_trial_3
2026-06-07T16:01:45.787853,Optuna,optuna_20260607_155651,3,9,35,671,-1.9526746278331466,-22.021146769965103,-2.4467940855516783,0.7483311266878898,3000.89,1,ok,,DQN\dqn_model_optuna_trial_3
2026-06-07T16:01:48.812993,Optuna,optuna_20260607_155651,3,10,35,671,-1.233868488707283,-23.255015258672387,-2.3255015258672387,0.7414951633597591,3001.73,1,ok,,DQN\dqn_model_optuna_trial_3
2026-06-07T16:01:51.666840,Optuna,optuna_20260607_155651,3,11,35,671,-2.3906216185125175,-25.645636877184906,-2.331421534289537,0.7346592000316283,3002.66,1,ok,,DQN\dqn_model_optuna_trial_3
2026-06-07T16:01:54.477601,Optuna,optuna_20260607_155651,3,12,35,671,-2.4013039529681675,-28.046940830153073,-2.337245069179423,0.7278232367034976,3003.47,1,ok,,DQN\dqn_model_optuna_trial_3
2026-06-07T16:01:57.477570,Optuna,optuna_20260607_155651,3,13,35,671,-1.5340328649874877,-29.58097369514056,-2.2754595150108123,0.7209872733753668,3004.35,1,ok,,DQN\dqn_model_optuna_trial_3
2026-06-07T16:02:00.291456,Optuna,optuna_20260607_155651,3,14,35,671,-1.42401265959174,-31.0049863547323,-2.2146418824808785,0.7141513100472361,3005.23,1,ok,,DQN\dqn_model_optuna_trial_3
2026-06-07T16:02:03.095966,Optuna,optuna_20260607_155651,3,15,35,671,-2.249095326169553,-33.254081680901855,-2.2169387787267905,0.7073153467191053,3006.05,1,ok,,DQN\dqn_model_optuna_trial_3
2026-06-07T16:02:05.923292,Optuna,optuna_20260607_155651,3,16,35,671,-0.6552860322787997,-33.90936771318066,-2.119335482073791,0.7004793833909746,3006.93,1,ok,,DQN\dqn_model_optuna_trial_3
2026-06-07T16:02:08.921521,Optuna,optuna_20260607_155651,3,17,35,671,-1.214350377443134,-35.12371809062379,-2.0661010641543407,0.6936434200628439,3007.81,1,ok,,DQN\dqn_model_optuna_trial_3
2026-06-07T16:02:11.854443,Optuna,optuna_20260607_155651,3,18,35,671,-0.753892503523001,-35.87761059414679,-1.9932005885637105,0.6868074567347131,3008.62,1,ok,,DQN\dqn_model_optuna_trial_3
2026-06-07T16:02:15.258191,Optuna,optuna_20260607_155651,3,19,35,671,-1.2311729519927548,-37.10878354613954,-1.9530938708494496,0.6799714934065824,3009.51,1,ok,,DQN\dqn_model_optuna_trial_3
2026-06-07T16:02:18.022587,Optuna,optuna_20260607_155651,3,20,35,671,-1.348994554033101,-38.45777810017264,-1.922888905008632,0.6731355300784516,3010.39,1,ok,,DQN\dqn_model_optuna_trial_3
2026-06-07T16:02:20.786416,Optuna,optuna_20260607_155651,3,21,35,671,-4.324429003850258,-42.782207104022895,-2.0372479573344235,0.6662995667503209,3011.2,1,ok,,DQN\dqn_model_optuna_trial_3
2026-06-07T16:02:23.533545,Optuna,optuna_20260607_155651,3,22,35,671,-2.0379884069453458,-44.82019551096824,-2.03728161413492,0.6594636034221901,3012.09,1,ok,,DQN\dqn_model_optuna_trial_3
2026-06-07T16:02:26.272123,Optuna,optuna_20260607_155651,3,23,35,671,-3.683957765098616,-48.50415327606686,-2.108876229394211,0.6526276400940594,3012.97,1,ok,,DQN\dqn_model_optuna_trial_3
2026-06-07T16:02:29.001552,Optuna,optuna_20260607_155651,3,24,35,671,-1.5996629578559416,-50.1038162339228,-2.0876590097467833,0.6457916767659286,3013.79,1,ok,,DQN\dqn_model_optuna_trial_3
2026-06-07T16:02:32.402339,Optuna,optuna_20260607_155651,3,25,35,671,-0.6432156366225749,-50.74703187054538,-2.029881274821815,0.6389557134377979,3014.66,1,ok,,DQN\dqn_model_optuna_trial_3
2026-06-07T16:02:35.620109,Optuna,optuna_20260607_155651,3,26,35,671,-2.589143118614283,-53.33617498915966,-2.05139134573691,0.6321197501096671,3015.55,1,ok,,DQN\dqn_model_optuna_trial_3
2026-06-07T16:02:38.916349,Optuna,optuna_20260607_155651,3,27,35,671,-2.854124548937546,-56.19029953809721,-2.0811222051147116,0.6252837867815364,3016.36,1,ok,,DQN\dqn_model_optuna_trial_3
2026-06-07T16:02:41.894206,Optuna,optuna_20260607_155651,3,28,35,671,-2.759029081133625,-58.94932861923083,-2.1053331649725298,0.6184478234534057,3017.24,1,ok,,DQN\dqn_model_optuna_trial_3
2026-06-07T16:02:45.176806,Optuna,optuna_20260607_155651,3,29,35,671,-3.7589894792352823,-62.708318098466115,-2.1623557964988316,0.6116118601252749,3018.12,1,ok,,DQN\dqn_model_optuna_trial_3
2026-06-07T16:02:48.248344,Optuna,optuna_20260607_155651,3,30,35,671,-2.4878201028319493,-65.19613820129807,-2.1732046067099358,0.6047758967971442,3019.0,1,ok,,DQN\dqn_model_optuna_trial_3
2026-06-07T16:02:51.220104,Optuna,optuna_20260607_155651,3,31,35,671,-3.101625369883884,-68.29776357118195,-2.2031536635865145,0.5979399334690134,3019.82,1,ok,,DQN\dqn_model_optuna_trial_3
2026-06-07T16:02:54.143069,Optuna,optuna_20260607_155651,3,32,35,671,-0.6819985062658298,-68.97976207744777,-2.155617564920243,0.5911039701408827,3020.7,1,ok,,DQN\dqn_model_optuna_trial_3
2026-06-07T16:02:57.643056,Optuna,optuna_20260607_155651,3,33,35,671,-2.2270464295436896,-71.20680850699146,-2.1577820759694384,0.5842680068127519,3021.58,1,ok,,DQN\dqn_model_optuna_trial_3
2026-06-07T16:03:00.686984,Optuna,optuna_20260607_155651,3,34,35,671,-2.2636719394463283,-73.47048044643779,-2.1608964837187585,0.5774320434846212,3022.4,1,ok,,DQN\dqn_model_optuna_trial_3
2026-06-07T16:03:03.880999,Optuna,optuna_20260607_155651,3,35,35,671,-1.0096919797745845,-74.48017242621238,-2.128004926463211,0.5705960801564904,3023.27,1,ok,,DQN\dqn_model_optuna_trial_3
2026-06-07T16:03:05.346382,Optuna,optuna_20260607_155651,4,1,35,671,-0.9232737153262245,-0.9232737153262245,-0.9232737153262245,0.8469913403218008,2994.96,1,ok,,DQN\dqn_model_optuna_trial_4
2026-06-07T16:03:07.615586,Optuna,optuna_20260607_155651,4,2,35,671,-1.410124682376118,-2.3333983977023425,-1.1666991988511712,0.8269108005999144,2995.85,1,ok,,DQN\dqn_model_optuna_trial_4
2026-06-07T16:03:09.956894,Optuna,optuna_20260607_155651,4,3,35,671,-2.6262231175654303,-4.959621515267773,-1.6532071717559242,0.806830260878028,2996.66,1,ok,,DQN\dqn_model_optuna_trial_4
2026-06-07T16:03:12.303081,Optuna,optuna_20260607_155651,4,4,35,671,-1.5293619186299383,-6.488983433897711,-1.6222458584744277,0.7867497211561416,2997.54,1,ok,,DQN\dqn_model_optuna_trial_4
2026-06-07T16:03:14.656330,Optuna,optuna_20260607_155651,4,5,35,671,-1.7874125691083034,-8.276396003006013,-1.6552792006012027,0.7666691814342552,2998.43,1,ok,,DQN\dqn_model_optuna_trial_4
2026-06-07T16:03:17.221602,Optuna,optuna_20260607_155651,4,6,35,671,-2.1709302458877606,-10.447326248893773,-1.7412210414822955,0.7465886417123688,2999.3,1,ok,,DQN\dqn_model_optuna_trial_4
2026-06-07T16:03:19.562451,Optuna,optuna_20260607_155651,4,7,35,671,-2.334537065978458,-12.781863314872231,-1.825980473553176,0.7265081019904824,3000.12,1,ok,,DQN\dqn_model_optuna_trial_4
2026-06-07T16:03:21.927986,Optuna,optuna_20260607_155651,4,8,35,671,-0.9825804030373972,-13.764443717909629,-1.7205554647387036,0.706427562268596,3001.0,1,ok,,DQN\dqn_model_optuna_trial_4
2026-06-07T16:03:24.180021,Optuna,optuna_20260607_155651,4,9,35,671,-1.6591331587919174,-15.423576876701546,-1.7137307640779496,0.6863470225467097,3001.82,1,ok,,DQN\dqn_model_optuna_trial_4
2026-06-07T16:03:26.779273,Optuna,optuna_20260607_155651,4,10,35,671,-2.964647844696258,-18.388224721397805,-1.8388224721397806,0.6662664828248233,3002.7,1,ok,,DQN\dqn_model_optuna_trial_4
2026-06-07T16:03:29.166358,Optuna,optuna_20260607_155651,4,11,35,671,-1.2685305994405967,-19.6567553208384,-1.7869777564398546,0.6461859431029369,3003.58,1,ok,,DQN\dqn_model_optuna_trial_4
2026-06-07T16:03:31.580212,Optuna,optuna_20260607_155651,4,12,35,671,-1.3425272397004173,-20.999282560538816,-1.7499402133782347,0.6261054033810505,3004.46,1,ok,,DQN\dqn_model_optuna_trial_4
2026-06-07T16:03:34.002857,Optuna,optuna_20260607_155651,4,13,35,671,-0.6238594409728786,-21.623142001511695,-1.6633186155008997,0.6060248636591641,3005.28,1,ok,,DQN\dqn_model_optuna_trial_4
2026-06-07T16:03:36.446838,Optuna,optuna_20260607_155651,4,14,35,671,-3.291792991729188,-24.914934993240884,-1.7796382138029203,0.5859443239372777,3006.16,1,ok,,DQN\dqn_model_optuna_trial_4
2026-06-07T16:03:38.912860,Optuna,optuna_20260607_155651,4,15,35,671,-1.985689909870295,-26.90062490311118,-1.7933749935407453,0.5658637842153913,3006.97,1,ok,,DQN\dqn_model_optuna_trial_4
2026-06-07T16:03:41.381485,Optuna,optuna_20260607_155651,4,16,35,671,-1.7373975674303592,-28.63802247054154,-1.7898764044088462,0.5457832444935049,3007.86,1,ok,,DQN\dqn_model_optuna_trial_4
2026-06-07T16:03:43.948013,Optuna,optuna_20260607_155651,4,17,35,671,-1.3957643928644081,-30.033786863405947,-1.766693344906232,0.5257027047716185,3008.72,1,ok,,DQN\dqn_model_optuna_trial_4
2026-06-07T16:03:46.480472,Optuna,optuna_20260607_155651,4,18,35,671,-0.923984466725061,-30.957771330131006,-1.7198761850072781,0.5056221650497321,3009.61,1,ok,,DQN\dqn_model_optuna_trial_4
2026-06-07T16:03:48.936805,Optuna,optuna_20260607_155651,4,19,35,671,-0.3815545581690545,-31.33932588830006,-1.6494382046473717,0.4855416253278457,3010.5,1,ok,,DQN\dqn_model_optuna_trial_4
2026-06-07T16:03:51.440358,Optuna,optuna_20260607_155651,4,20,35,671,-1.0788100148160205,-32.41813590311608,-1.620906795155804,0.46546108560595933,3011.32,1,ok,,DQN\dqn_model_optuna_trial_4
2026-06-07T16:03:53.939412,Optuna,optuna_20260607_155651,4,21,35,671,-1.33883497781201,-33.756970880928094,-1.6074748038537188,0.44538054588407294,3012.19,1,ok,,DQN\dqn_model_optuna_trial_4
2026-06-07T16:03:56.437566,Optuna,optuna_20260607_155651,4,22,35,671,-2.059103818295512,-35.816074699223606,-1.6280033954192548,0.42530000616218655,3013.01,1,ok,,DQN\dqn_model_optuna_trial_4
2026-06-07T16:03:58.929554,Optuna,optuna_20260607_155651,4,23,35,671,-0.7684828294831277,-36.58455752870673,-1.5906329360307274,0.40521946644030016,3013.89,1,ok,,DQN\dqn_model_optuna_trial_4
2026-06-07T16:04:01.500196,Optuna,optuna_20260607_155651,4,24,35,671,-0.9919719693292843,-37.57652949803602,-1.565688729084834,0.38513892671841377,3014.77,1,ok,,DQN\dqn_model_optuna_trial_4
2026-06-07T16:04:04.343213,Optuna,optuna_20260607_155651,4,25,35,671,-2.8287659285698408,-40.40529542660586,-1.6162118170642343,0.3650583869965274,3015.65,1,ok,,DQN\dqn_model_optuna_trial_4
2026-06-07T16:04:07.178958,Optuna,optuna_20260607_155651,4,26,35,671,-1.8309474440970677,-42.23624287070293,-1.6244708796424203,0.344977847274641,3016.47,1,ok,,DQN\dqn_model_optuna_trial_4
2026-06-07T16:04:10.209276,Optuna,optuna_20260607_155651,4,27,35,671,-0.7382544006263863,-42.97449727132932,-1.591648047086271,0.3248973075527546,3017.35,1,ok,,DQN\dqn_model_optuna_trial_4
2026-06-07T16:04:13.218494,Optuna,optuna_20260607_155651,4,28,35,671,-0.8050016550712241,-43.77949892640054,-1.5635535330857337,0.3048167678308682,3018.17,1,ok,,DQN\dqn_model_optuna_trial_4
2026-06-07T16:04:16.151477,Optuna,optuna_20260607_155651,4,29,35,671,-0.45872157330405877,-44.2382204997046,-1.5254558793001587,0.2847362281089818,3019.11,1,ok,,DQN\dqn_model_optuna_trial_4
2026-06-07T16:04:19.081926,Optuna,optuna_20260607_155651,4,30,35,671,-0.7186490375690628,-44.95686953727367,-1.4985623179091223,0.2646556883870954,3019.98,1,ok,,DQN\dqn_model_optuna_trial_4
2026-06-07T16:04:21.932531,Optuna,optuna_20260607_155651,4,31,35,671,-1.7404772967481972,-46.697346834021864,-1.5063660269039312,0.24457514866520397,3020.83,1,ok,,DQN\dqn_model_optuna_trial_4
2026-06-07T16:04:24.942995,Optuna,optuna_20260607_155651,4,32,35,671,-1.31353653155134,-48.01088336557321,-1.5003401051741627,0.22449460894329895,3021.68,1,ok,,DQN\dqn_model_optuna_trial_4
2026-06-07T16:04:27.892911,Optuna,optuna_20260607_155651,4,33,35,671,-0.744701268496945,-48.75558463407015,-1.4774419586081864,0.20441406922139393,3022.55,1,ok,,DQN\dqn_model_optuna_trial_4
2026-06-07T16:04:30.511226,Optuna,optuna_20260607_155651,4,34,35,671,-1.1662408187287945,-49.92182545279895,-1.4682889839058515,0.18433352949948892,3023.37,1,ok,,DQN\dqn_model_optuna_trial_4
2026-06-07T16:04:33.205773,Optuna,optuna_20260607_155651,4,35,35,671,-0.9048567103972286,-50.826682163196175,-1.452190918948462,0.1642529897775839,3024.25,1,ok,,DQN\dqn_model_optuna_trial_4
2026-06-07T16:04:34.322772,Optuna,optuna_20260607_155651,5,1,35,671,-1.4189621940400179,-1.4189621940400179,-1.4189621940400179,0.8231970654211745,2995.02,1,ok,,DQN\dqn_model_optuna_trial_5
2026-06-07T16:04:36.825654,Optuna,optuna_20260607_155651,5,2,35,671,-2.126178705074573,-3.5451408991145907,-1.7725704495572954,0.8006907495781932,2995.9,1,ok,,DQN\dqn_model_optuna_trial_5
2026-06-07T16:04:39.513747,Optuna,optuna_20260607_155651,5,3,35,671,-2.171809160948709,-5.7169500600633,-1.9056500200211,0.7781844337352118,2996.71,1,ok,,DQN\dqn_model_optuna_trial_5
2026-06-07T16:04:42.215400,Optuna,optuna_20260607_155651,5,4,35,671,-3.99136372574249,-9.708313785805789,-2.427078446451447,0.7556781178922305,2997.54,1,ok,,DQN\dqn_model_optuna_trial_5
2026-06-07T16:04:44.878952,Optuna,optuna_20260607_155651,5,5,35,671,-1.423370264444532,-11.131684050250321,-2.2263368100500642,0.7331718020492491,2998.42,1,ok,,DQN\dqn_model_optuna_trial_5
2026-06-07T16:04:47.567100,Optuna,optuna_20260607_155651,5,6,35,671,-1.4525584676983687,-12.58424251794869,-2.0973737529914485,0.7106654862062678,2999.29,1,ok,,DQN\dqn_model_optuna_trial_5
2026-06-07T16:04:50.242049,Optuna,optuna_20260607_155651,5,7,35,671,-1.1422536482670198,-13.72649616621571,-1.9609280237451014,0.6881591703632864,3000.21,1,ok,,DQN\dqn_model_optuna_trial_5
2026-06-07T16:04:52.965215,Optuna,optuna_20260607_155651,5,8,35,671,-2.9611440904678297,-16.68764025668354,-2.0859550320854425,0.6656528545203051,3001.1,1,ok,,DQN\dqn_model_optuna_trial_5
2026-06-07T16:04:55.621676,Optuna,optuna_20260607_155651,5,9,35,671,-1.626246228803438,-18.31388648548698,-2.0348762761652197,0.6431465386773237,3001.91,1,ok,,DQN\dqn_model_optuna_trial_5
2026-06-07T16:04:58.338873,Optuna,optuna_20260607_155651,5,10,35,671,-3.804002447331502,-22.11788893281848,-2.211788893281848,0.6206402228343424,3002.73,1,ok,,DQN\dqn_model_optuna_trial_5
2026-06-07T16:05:01.267165,Optuna,optuna_20260607_155651,5,11,35,671,-1.447776331548398,-23.565665264366878,-2.1423332058515343,0.598133906991361,3003.61,1,ok,,DQN\dqn_model_optuna_trial_5
2026-06-07T16:05:04.099035,Optuna,optuna_20260607_155651,5,12,35,671,-0.5635935065647407,-24.129258770931617,-2.0107715642443016,0.5756275911483797,3004.49,1,ok,,DQN\dqn_model_optuna_trial_5
2026-06-07T16:05:06.895814,Optuna,optuna_20260607_155651,5,13,35,671,-2.671039405795509,-26.800298176727125,-2.0615613982097787,0.5531212753053983,3005.37,1,ok,,DQN\dqn_model_optuna_trial_5
2026-06-07T16:05:09.828146,Optuna,optuna_20260607_155651,5,14,35,671,-0.7000414868545191,-27.500339663581645,-1.9643099759701175,0.530614959462417,3006.25,1,ok,,DQN\dqn_model_optuna_trial_5
2026-06-07T16:05:12.629680,Optuna,optuna_20260607_155651,5,15,35,671,-0.8905213610686726,-28.390861024650317,-1.892724068310021,0.5081086436194356,3007.07,1,ok,,DQN\dqn_model_optuna_trial_5
2026-06-07T16:05:15.470549,Optuna,optuna_20260607_155651,5,16,35,671,-2.288979312478028,-30.679840337128343,-1.9174900210705215,0.4856023277764543,3007.89,1,ok,,DQN\dqn_model_optuna_trial_5
2026-06-07T16:05:18.825743,Optuna,optuna_20260607_155651,5,17,35,671,-0.2705337998439559,-30.9503741369723,-1.8206102433513118,0.46309601193347294,3008.77,1,ok,,DQN\dqn_model_optuna_trial_5
2026-06-07T16:05:21.894195,Optuna,optuna_20260607_155651,5,18,35,671,-1.8040096755309933,-32.75438381250329,-1.8196879895835163,0.4405896960904916,3009.64,1,ok,,DQN\dqn_model_optuna_trial_5
2026-06-07T16:05:24.860529,Optuna,optuna_20260607_155651,5,19,35,671,-0.8488729236429197,-33.603256736146214,-1.7685924597971692,0.41808338024751024,3010.53,1,ok,,DQN\dqn_model_optuna_trial_5
2026-06-07T16:05:27.990770,Optuna,optuna_20260607_155651,5,20,35,671,-0.9058445865668984,-34.509101322713114,-1.7254550661356558,0.3955770644045289,3011.41,1,ok,,DQN\dqn_model_optuna_trial_5
2026-06-07T16:05:31.138057,Optuna,optuna_20260607_155651,5,21,35,671,-0.7140809958012212,-35.22318231851433,-1.6772943961197302,0.37307074856154754,3012.29,1,ok,,DQN\dqn_model_optuna_trial_5
2026-06-07T16:05:34.680393,Optuna,optuna_20260607_155651,5,22,35,671,-0.12100734585724117,-35.34418966437158,-1.6065540756532535,0.3505644327185662,3013.04,1,ok,,DQN\dqn_model_optuna_trial_5
2026-06-07T16:05:37.783436,Optuna,optuna_20260607_155651,5,23,35,671,-1.1976974148533108,-36.541887079224885,-1.5887776990967342,0.32805811687558484,3013.93,1,ok,,DQN\dqn_model_optuna_trial_5
2026-06-07T16:05:41.116259,Optuna,optuna_20260607_155651,5,24,35,671,-1.5569705937154117,-38.0988576729403,-1.587452403039179,0.3055518010326035,3014.8,1,ok,,DQN\dqn_model_optuna_trial_5
2026-06-07T16:05:44.275009,Optuna,optuna_20260607_155651,5,25,35,671,-1.8280861554265808,-39.92694382836688,-1.5970777531346751,0.28304548518962214,3015.68,1,ok,,DQN\dqn_model_optuna_trial_5
2026-06-07T16:05:47.176374,Optuna,optuna_20260607_155651,5,26,35,671,0.12408093558587167,-39.80286289278101,-1.5308793420300388,0.2605391693466408,3016.57,1,ok,,DQN\dqn_model_optuna_trial_5
2026-06-07T16:05:50.145661,Optuna,optuna_20260607_155651,5,27,35,671,-1.2768036995439618,-41.07966659232497,-1.5214691330490728,0.23803285350365944,3017.44,1,ok,,DQN\dqn_model_optuna_trial_5
2026-06-07T16:05:53.204524,Optuna,optuna_20260607_155651,5,28,35,671,-1.763136688539682,-42.84280328086465,-1.5301001171737376,0.21552653766067809,3018.26,1,ok,,DQN\dqn_model_optuna_trial_5
2026-06-07T16:05:56.159532,Optuna,optuna_20260607_155651,5,29,35,671,-1.4512504195052829,-44.294053700369936,-1.527381162081722,0.19302022181769674,3019.08,1,ok,,DQN\dqn_model_optuna_trial_5
2026-06-07T16:05:59.597134,Optuna,optuna_20260607_155651,5,30,35,671,-1.7961780328863315,-46.09023173325627,-1.536341057775209,0.17051390597471539,3019.96,1,ok,,DQN\dqn_model_optuna_trial_5
2026-06-07T16:06:03.121535,Optuna,optuna_20260607_155651,5,31,35,671,-1.8399483777279855,-47.93018011098425,-1.5461348422898147,0.14800759013173403,3020.84,1,ok,,DQN\dqn_model_optuna_trial_5
2026-06-07T16:06:06.444462,Optuna,optuna_20260607_155651,5,32,35,671,-0.24966715052399677,-48.17984726150825,-1.5056202269221328,0.12550127428875268,3021.71,1,ok,,DQN\dqn_model_optuna_trial_5
2026-06-07T16:06:09.960252,Optuna,optuna_20260607_155651,5,33,35,671,-0.042181009318487034,-48.22202827082674,-1.4612735839644466,0.10299495844577133,3022.6,1,ok,,DQN\dqn_model_optuna_trial_5
2026-06-07T16:06:13.087289,Optuna,optuna_20260607_155651,5,34,35,671,0.6282124021934944,-47.59381586863324,-1.3998181137833308,0.09702508075043023,3023.42,1,ok,,DQN\dqn_model_optuna_trial_5
2026-06-07T16:06:16.407750,Optuna,optuna_20260607_155651,5,35,35,671,0.3519163118702217,-47.24189955676302,-1.3497685587646577,0.09702508075043023,3024.23,1,ok,,DQN\dqn_model_optuna_trial_5
2026-06-07T16:06:17.157603,Optuna,optuna_20260607_155651,6,1,35,671,-2.6186162037794363,-2.6186162037794363,-2.6186162037794363,0.9038211374219254,2996.15,1,ok,,DQN\dqn_model_optuna_trial_6
2026-06-07T16:06:19.866374,Optuna,optuna_20260607_155651,6,2,35,671,-2.607726572085678,-5.226342775865114,-2.613171387932557,0.8915255446383389,2997.04,1,ok,,DQN\dqn_model_optuna_trial_6
2026-06-07T16:06:22.744142,Optuna,optuna_20260607_155651,6,3,35,671,-2.5877237640713253,-7.814066539936439,-2.60468884664548,0.8792299518547524,2997.91,1,ok,,DQN\dqn_model_optuna_trial_6
2026-06-07T16:06:25.644452,Optuna,optuna_20260607_155651,6,4,35,671,-3.429337106181313,-11.243403646117752,-2.810850911529438,0.8669343590711659,2998.79,1,ok,,DQN\dqn_model_optuna_trial_6
2026-06-07T16:06:28.636505,Optuna,optuna_20260607_155651,6,5,35,671,-0.9758154159411107,-12.219219062058862,-2.4438438124117723,0.8546387662875794,2999.61,1,ok,,DQN\dqn_model_optuna_trial_6
2026-06-07T16:06:31.673294,Optuna,optuna_20260607_155651,6,6,35,671,-1.8079088371405776,-14.027127899199439,-2.337854649866573,0.8423431735039929,3000.43,1,ok,,DQN\dqn_model_optuna_trial_6
2026-06-07T16:06:33.403104,Optuna,optuna_20260607_155651,7,1,35,671,-1.5416719144481013,-1.5416719144481013,-1.5416719144481013,0.8975746966485834,2997.89,1,ok,,DQN\dqn_model_optuna_trial_7
2026-06-07T16:06:35.913312,Optuna,optuna_20260607_155651,7,2,35,671,-1.641704294772861,-3.1833762092209623,-1.5916881046104812,0.8951402655736159,2998.77,1,ok,,DQN\dqn_model_optuna_trial_7
2026-06-07T16:06:38.317564,Optuna,optuna_20260607_155651,7,3,35,671,-2.6184202220026322,-5.801796431223595,-1.9339321437411983,0.8927058344986485,2999.65,1,ok,,DQN\dqn_model_optuna_trial_7
2026-06-07T16:06:40.641283,Optuna,optuna_20260607_155651,7,4,35,671,-1.314422942221391,-7.116219373444986,-1.7790548433612465,0.890271403423681,3000.53,1,ok,,DQN\dqn_model_optuna_trial_7
2026-06-07T16:06:43.058706,Optuna,optuna_20260607_155651,7,5,35,671,-1.7546464764281267,-8.870865849873113,-1.7741731699746226,0.8878369723487136,3001.41,1,ok,,DQN\dqn_model_optuna_trial_7
2026-06-07T16:06:45.357015,Optuna,optuna_20260607_155651,7,6,35,671,-1.9061859364063614,-10.777051786279474,-1.7961752977132457,0.8854025412737462,3002.29,1,ok,,DQN\dqn_model_optuna_trial_7
2026-06-07T16:06:47.606183,Optuna,optuna_20260607_155651,7,7,35,671,-0.9082418607803138,-11.685293647059787,-1.6693276638656838,0.8829681101987787,3003.17,1,ok,,DQN\dqn_model_optuna_trial_7
2026-06-07T16:06:49.808773,Optuna,optuna_20260607_155651,7,8,35,671,-3.4072769702964716,-15.092570617356259,-1.8865713271695324,0.8805336791238113,3003.93,1,ok,,DQN\dqn_model_optuna_trial_7
2026-06-07T16:06:52.048757,Optuna,optuna_20260607_155651,7,9,35,671,-2.4606967145753953,-17.553267331931654,-1.9503630368812948,0.8780992480488439,3004.8,1,ok,,DQN\dqn_model_optuna_trial_7
2026-06-07T16:06:54.363439,Optuna,optuna_20260607_155651,7,10,35,671,-2.9895788105617265,-20.54284614249338,-2.054284614249338,0.8756648169738764,3005.69,1,ok,,DQN\dqn_model_optuna_trial_7
2026-06-07T16:06:57.191744,Optuna,optuna_20260607_155651,7,11,35,671,-2.8944505776315443,-23.437296720124927,-2.130663338193175,0.873230385898909,3006.57,1,ok,,DQN\dqn_model_optuna_trial_7
2026-06-07T16:06:59.964210,Optuna,optuna_20260607_155651,7,12,35,671,-2.9450646993966507,-26.382361419521576,-2.1985301182934647,0.8707959548239416,3007.45,1,ok,,DQN\dqn_model_optuna_trial_7
2026-06-07T16:07:02.482027,Optuna,optuna_20260607_155651,7,13,35,671,-2.8368454296096255,-29.2192068491312,-2.2476312960870155,0.8683615237489741,3005.75,1,ok,,DQN\dqn_model_optuna_trial_7
2026-06-07T16:07:04.958457,Optuna,optuna_20260607_155651,7,14,35,671,-1.6944400110572793,-30.91364686018848,-2.208117632870606,0.8659270926740067,3006.51,1,ok,,DQN\dqn_model_optuna_trial_7
2026-06-07T16:07:07.473314,Optuna,optuna_20260607_155651,7,15,35,671,-3.3337700413011193,-34.2474169014896,-2.2831611267659735,0.8634926615990393,3007.38,1,ok,,DQN\dqn_model_optuna_trial_7
2026-06-07T16:07:10.126338,Optuna,optuna_20260607_155651,7,16,35,671,-3.529913315767413,-37.77733021725702,-2.3610831385785636,0.8610582305240718,3008.27,1,ok,,DQN\dqn_model_optuna_trial_7
2026-06-07T16:07:12.614202,Optuna,optuna_20260607_155651,7,17,35,671,-4.2505594062236405,-42.02788962348066,-2.4722288013812155,0.8586237994491044,3009.15,1,ok,,DQN\dqn_model_optuna_trial_7
2026-06-07T16:07:15.077357,Optuna,optuna_20260607_155651,7,18,35,671,-2.5420136219860154,-44.569903245466676,-2.4761057358592597,0.856189368374137,3010.02,1,ok,,DQN\dqn_model_optuna_trial_7
2026-06-07T16:07:17.603600,Optuna,optuna_20260607_155651,7,19,35,671,-4.651736832595585,-49.221640078062265,-2.5906126356874877,0.8537549372991695,3010.91,1,ok,,DQN\dqn_model_optuna_trial_7
2026-06-07T16:07:20.174580,Optuna,optuna_20260607_155651,7,20,35,671,-2.3360949423493587,-51.55773502041163,-2.577886751020581,0.8513205062242021,3011.66,1,ok,,DQN\dqn_model_optuna_trial_7
2026-06-07T16:07:22.798985,Optuna,optuna_20260607_155651,7,21,35,671,-1.1907105724334885,-52.748445592845115,-2.511830742516434,0.8488860751492346,3012.54,1,ok,,DQN\dqn_model_optuna_trial_7
2026-06-07T16:07:25.251661,Optuna,optuna_20260607_155651,7,22,35,671,-5.5431291987836575,-58.291574791628776,-2.6496170359831264,0.8464516440742672,3013.42,1,ok,,DQN\dqn_model_optuna_trial_7
2026-06-07T16:07:27.725110,Optuna,optuna_20260607_155651,7,23,35,671,-2.1842243268538253,-60.4757991184826,-2.6293825703688087,0.8440172129992998,3014.35,1,ok,,DQN\dqn_model_optuna_trial_7
2026-06-07T16:07:30.172749,Optuna,optuna_20260607_155651,7,24,35,671,-2.9400814524400904,-63.41588057092269,-2.642328357121779,0.8415827819243323,3015.28,1,ok,,DQN\dqn_model_optuna_trial_7
2026-06-07T16:07:32.638528,Optuna,optuna_20260607_155651,7,25,35,671,-1.0099643370539728,-64.42584490797667,-2.577033796319067,0.8391483508493649,3016.16,1,ok,,DQN\dqn_model_optuna_trial_7
2026-06-07T16:07:35.072136,Optuna,optuna_20260607_155651,7,26,35,671,-1.4714978047387053,-65.89734271271537,-2.5345131812582835,0.8367139197743975,3016.98,1,ok,,DQN\dqn_model_optuna_trial_7
2026-06-07T16:07:37.648196,Optuna,optuna_20260607_155651,7,27,35,671,-1.2402796221924286,-67.1376223349078,-2.4865786049965855,0.83427948869943,3017.86,1,ok,,DQN\dqn_model_optuna_trial_7
2026-06-07T16:07:40.189589,Optuna,optuna_20260607_155651,7,28,35,671,-2.6930702993193467,-69.83069263422715,-2.4939533083652554,0.8318450576244626,3018.79,1,ok,,DQN\dqn_model_optuna_trial_7
2026-06-07T16:07:42.746750,Optuna,optuna_20260607_155651,7,29,35,671,-1.4331574841023706,-71.26385011832951,-2.4573741420113624,0.8294106265494952,3019.67,1,ok,,DQN\dqn_model_optuna_trial_7
2026-06-07T16:07:45.295573,Optuna,optuna_20260607_155651,7,30,35,671,-1.770338686823415,-73.03418880515294,-2.4344729601717647,0.8269761954745277,3020.54,1,ok,,DQN\dqn_model_optuna_trial_7
2026-06-07T16:07:47.838413,Optuna,optuna_20260607_155651,7,31,35,671,-2.6151702243467754,-75.6493590294997,-2.4403019041774097,0.8245417643995603,3021.42,1,ok,,DQN\dqn_model_optuna_trial_7
2026-06-07T16:07:50.379578,Optuna,optuna_20260607_155651,7,32,35,671,-1.3486110696634181,-76.99797009916313,-2.4061865655988477,0.8221073333245928,3022.17,1,ok,,DQN\dqn_model_optuna_trial_7
2026-06-07T16:07:52.897853,Optuna,optuna_20260607_155651,7,33,35,671,-1.7080090627910827,-78.7059791619542,-2.3850296715743697,0.8196729022496254,3023.04,1,ok,,DQN\dqn_model_optuna_trial_7
2026-06-07T16:07:55.476885,Optuna,optuna_20260607_155651,7,34,35,671,-2.144710141729141,-80.85068930368334,-2.3779614501083337,0.817238471174658,3023.92,1,ok,,DQN\dqn_model_optuna_trial_7
2026-06-07T16:07:58.099677,Optuna,optuna_20260607_155651,7,35,35,671,-0.8602115017144326,-81.71090080539777,-2.334597165868508,0.8148040400996905,3024.79,1,ok,,DQN\dqn_model_optuna_trial_7
2026-06-07T16:07:58.809944,Optuna,optuna_20260607_155651,8,1,35,671,-1.925607411509915,-1.925607411509915,-1.925607411509915,0.9357256808449166,2996.75,1,ok,,DQN\dqn_model_optuna_trial_8
2026-06-07T16:08:01.576164,Optuna,optuna_20260607_155651,8,2,35,671,-1.6569205326377665,-3.5825279441476816,-1.7912639720738408,0.9345770917306506,2997.64,1,ok,,DQN\dqn_model_optuna_trial_8
2026-06-07T16:08:04.374531,Optuna,optuna_20260607_155651,8,3,35,671,-2.1206657210258637,-5.703193665173545,-1.9010645550578484,0.9334285026163847,2998.51,1,ok,,DQN\dqn_model_optuna_trial_8
2026-06-07T16:08:07.137262,Optuna,optuna_20260607_155651,8,4,35,671,-1.5059783331459389,-7.209171998319484,-1.802292999579871,0.9322799135021187,2999.39,1,ok,,DQN\dqn_model_optuna_trial_8
2026-06-07T16:08:09.874427,Optuna,optuna_20260607_155651,8,5,35,671,-3.2230369727360606,-10.432208971055545,-2.086441794211109,0.9311313243878527,3000.28,1,ok,,DQN\dqn_model_optuna_trial_8
2026-06-07T16:08:12.640991,Optuna,optuna_20260607_155651,8,6,35,671,-1.6191201194558285,-12.051329090511373,-2.0085548484185622,0.9299827352735868,3001.03,1,ok,,DQN\dqn_model_optuna_trial_8
2026-06-07T16:08:15.481800,Optuna,optuna_20260607_155651,8,7,35,671,-2.38908064343822,-14.440409733949593,-2.0629156762785135,0.9288341461593208,3001.91,1,ok,,DQN\dqn_model_optuna_trial_8
2026-06-07T16:08:18.260928,Optuna,optuna_20260607_155651,8,8,35,671,-0.8920863027087185,-15.332496036658313,-1.916562004582289,0.9276855570450548,3002.8,1,ok,,DQN\dqn_model_optuna_trial_8
2026-06-07T16:08:21.289070,Optuna,optuna_20260607_155651,8,9,35,671,-1.657862554203187,-16.9903585908615,-1.8878176212068334,0.9265369679307889,3003.67,1,ok,,DQN\dqn_model_optuna_trial_8
2026-06-07T16:08:24.030904,Optuna,optuna_20260607_155651,8,10,35,671,-1.6902301452031312,-18.68058873606463,-1.8680588736064632,0.9253883788165229,3004.51,1,ok,,DQN\dqn_model_optuna_trial_8
2026-06-07T16:08:26.854390,Optuna,optuna_20260607_155651,8,11,35,671,-2.0011870483957184,-20.68177578446035,-1.8801614349509408,0.924239789702257,3005.44,1,ok,,DQN\dqn_model_optuna_trial_8
2026-06-07T16:08:29.602579,Optuna,optuna_20260607_155651,8,12,35,671,-2.1799123267299487,-22.861688111190297,-1.9051406759325247,0.923091200587991,3006.19,1,ok,,DQN\dqn_model_optuna_trial_8
2026-06-07T16:08:32.394198,Optuna,optuna_20260607_155651,8,13,35,671,-1.636368414334313,-24.49805652552461,-1.8844658865788162,0.921942611473725,3007.07,1,ok,,DQN\dqn_model_optuna_trial_8
2026-06-07T16:08:35.160648,Optuna,optuna_20260607_155651,8,14,35,671,-2.873867663266966,-27.371924188791578,-1.9551374420565413,0.9207940223594591,3007.95,1,ok,,DQN\dqn_model_optuna_trial_8
2026-06-07T16:08:37.909442,Optuna,optuna_20260607_155651,8,15,35,671,-2.149410361644626,-29.521334550436205,-1.9680889700290802,0.9196454332451931,3008.83,1,ok,,DQN\dqn_model_optuna_trial_8
2026-06-07T16:08:40.966147,Optuna,optuna_20260607_155651,8,16,35,671,-1.9285627396656062,-31.44989729010181,-1.965618580631363,0.9184968441309271,3009.71,1,ok,,DQN\dqn_model_optuna_trial_8
2026-06-07T16:08:43.947316,Optuna,optuna_20260607_155651,8,17,35,671,-3.167203585280638,-34.61710087538245,-2.036300051493085,0.9173482550166612,3010.59,1,ok,,DQN\dqn_model_optuna_trial_8
2026-06-07T16:08:46.875925,Optuna,optuna_20260607_155651,8,18,35,671,-1.982773994645473,-36.59987487002792,-2.0333263816682177,0.9161996659023952,3011.34,1,ok,,DQN\dqn_model_optuna_trial_8
2026-06-07T16:08:49.643800,Optuna,optuna_20260607_155651,8,19,35,671,-1.4886295434824177,-38.088504413510336,-2.0046581270268597,0.9150510767881292,3012.23,1,ok,,DQN\dqn_model_optuna_trial_8
2026-06-07T16:08:52.554446,Optuna,optuna_20260607_155651,8,20,35,671,-2.373784297904144,-40.46228871141448,-2.023114435570724,0.9139024876738633,3013.11,1,ok,,DQN\dqn_model_optuna_trial_8
2026-06-07T16:08:55.507347,Optuna,optuna_20260607_155651,8,21,35,671,-1.7351034474196114,-42.19739215883409,-2.009399626611147,0.9127538985595973,3013.98,1,ok,,DQN\dqn_model_optuna_trial_8
2026-06-07T16:08:58.362717,Optuna,optuna_20260607_155651,8,22,35,671,-1.4285812330748613,-43.62597339190895,-1.982998790541316,0.9116053094453314,3014.87,1,ok,,DQN\dqn_model_optuna_trial_8
2026-06-07T16:09:01.178075,Optuna,optuna_20260607_155651,8,23,35,671,-2.5720036267739923,-46.19797701868294,-2.008607696464476,0.9104567203310654,3015.75,1,ok,,DQN\dqn_model_optuna_trial_8
2026-06-07T16:09:02.865614,Optuna,optuna_20260607_155651,9,1,35,671,-2.4975798208876316,-2.4975798208876316,-2.4975798208876316,0.7571568487992842,2996.92,1,ok,,DQN\dqn_model_optuna_trial_9
2026-06-07T16:09:05.054993,Optuna,optuna_20260607_155651,9,2,35,671,-1.6578089314959883,-4.15538875238362,-2.07769437619181,0.6376554083840152,2997.74,1,ok,,DQN\dqn_model_optuna_trial_9
2026-06-07T16:09:07.228294,Optuna,optuna_20260607_155651,9,3,35,671,-0.7504237212060167,-4.905812473589636,-1.6352708245298786,0.5181539679687462,2998.61,1,ok,,DQN\dqn_model_optuna_trial_9
2026-06-07T16:09:09.488041,Optuna,optuna_20260607_155651,9,4,35,671,-1.7501077090000894,-6.655920182589726,-1.6639800456474314,0.39865252755347724,2999.5,1,ok,,DQN\dqn_model_optuna_trial_9
2026-06-07T16:09:11.755505,Optuna,optuna_20260607_155651,9,5,35,671,-2.2457142857451062,-8.901634468334832,-1.7803268936669663,0.27915108713820824,3000.38,1,ok,,DQN\dqn_model_optuna_trial_9
2026-06-07T16:09:14.026308,Optuna,optuna_20260607_155651,9,6,35,671,-3.536278750538403,-12.437913218873234,-2.0729855364788725,0.15964964672295334,3001.19,1,ok,,DQN\dqn_model_optuna_trial_9
2026-06-07T16:09:16.379632,Optuna,optuna_20260607_155651,9,7,35,671,-0.5450559739878198,-12.982969192861054,-1.8547098846944363,0.07062208016479966,3002.07,1,ok,,DQN\dqn_model_optuna_trial_9
2026-06-07T16:09:18.735357,Optuna,optuna_20260607_155651,9,8,35,671,-1.3743304573480604,-14.357299650209114,-1.7946624562761393,0.07062208016479966,3002.89,1,ok,,DQN\dqn_model_optuna_trial_9
2026-06-07T16:09:21.146502,Optuna,optuna_20260607_155651,9,9,35,671,-0.4023201182720396,-14.759619768481153,-1.6399577520534614,0.07062208016479966,3003.77,1,ok,,DQN\dqn_model_optuna_trial_9
2026-06-07T16:09:23.507224,Optuna,optuna_20260607_155651,9,10,35,671,-1.3725789224639808,-16.132198690945135,-1.6132198690945134,0.07062208016479966,3004.65,1,ok,,DQN\dqn_model_optuna_trial_9
2026-06-07T16:09:26.186617,Optuna,optuna_20260607_155651,9,11,35,671,-0.16400819966923502,-16.29620689061437,-1.4814733536922156,0.07062208016479966,3005.54,1,ok,,DQN\dqn_model_optuna_trial_9
2026-06-07T16:09:28.613329,Optuna,optuna_20260607_155651,9,12,35,671,-1.383819281215008,-17.68002617182938,-1.473335514319115,0.07062208016479966,3006.35,1,ok,,DQN\dqn_model_optuna_trial_9
2026-06-07T16:09:31.036420,Optuna,optuna_20260607_155651,9,13,35,671,-0.11998215577385686,-17.800008327603237,-1.3692314098156335,0.07062208016479966,3007.23,1,ok,,DQN\dqn_model_optuna_trial_9
2026-06-07T16:09:33.463174,Optuna,optuna_20260607_155651,9,14,35,671,0.5586478524175289,-17.241360475185708,-1.2315257482275506,0.07062208016479966,3008.11,1,ok,,DQN\dqn_model_optuna_trial_9
2026-06-07T16:09:35.910603,Optuna,optuna_20260607_155651,9,15,35,671,-0.6910903011935368,-17.932450776379245,-1.195496718425283,0.07062208016479966,3008.93,1,ok,,DQN\dqn_model_optuna_trial_9
2026-06-07T16:09:38.419539,Optuna,optuna_20260607_155651,9,16,35,671,-1.3752124310464162,-19.307663207425662,-1.2067289504641039,0.07062208016479966,3009.81,1,ok,,DQN\dqn_model_optuna_trial_9
2026-06-07T16:09:41.110740,Optuna,optuna_20260607_155651,9,17,35,671,-1.3273833073834171,-20.63504651480908,-1.2138262655770047,0.07062208016479966,3010.69,1,ok,,DQN\dqn_model_optuna_trial_9
2026-06-07T16:09:43.730829,Optuna,optuna_20260607_155651,9,18,35,671,0.5610386826284041,-20.074007832180676,-1.115222657343371,0.07062208016479966,3011.5,1,ok,,DQN\dqn_model_optuna_trial_9
2026-06-07T16:09:46.250406,Optuna,optuna_20260607_155651,9,19,35,671,-0.8956260738896931,-20.96963390607037,-1.1036649424247564,0.07062208016479966,3012.39,1,ok,,DQN\dqn_model_optuna_trial_9
2026-06-07T16:09:48.781390,Optuna,optuna_20260607_155651,9,20,35,671,0.36360093500081836,-20.606032971069553,-1.0303016485534777,0.07062208016479966,3013.27,1,ok,,DQN\dqn_model_optuna_trial_9
2026-06-07T16:09:51.669415,Optuna,optuna_20260607_155651,9,21,35,671,0.30584509610685834,-20.300187874962695,-0.9666756130934617,0.07062208016479966,3014.08,1,ok,,DQN\dqn_model_optuna_trial_9
2026-06-07T16:09:54.292838,Optuna,optuna_20260607_155651,9,22,35,671,-1.449967020126982,-21.75015489508968,-0.9886434043222582,0.07062208016479966,3014.96,1,ok,,DQN\dqn_model_optuna_trial_9
2026-06-07T16:09:57.090070,Optuna,optuna_20260607_155651,9,23,35,671,-0.8782719307985939,-22.628426825888273,-0.9838446446038379,0.07062208016479966,3015.85,1,ok,,DQN\dqn_model_optuna_trial_9
2026-06-07T16:09:59.884719,Optuna,optuna_20260607_155651,9,24,35,671,-1.7343824341759988,-24.36280926006427,-1.015117052502678,0.07062208016479966,3016.66,1,ok,,DQN\dqn_model_optuna_trial_9
2026-06-07T16:10:02.589139,Optuna,optuna_20260607_155651,9,25,35,671,-0.8373995670831464,-25.200208827147417,-1.0080083530858968,0.07062208016479966,3017.54,1,ok,,DQN\dqn_model_optuna_trial_9
2026-06-07T16:10:05.354442,Optuna,optuna_20260607_155651,9,26,35,671,-2.6586574918575754,-27.858866319004992,-1.0714948584232689,0.07062208016479966,3018.43,1,ok,,DQN\dqn_model_optuna_trial_9
2026-06-07T16:10:08.052518,Optuna,optuna_20260607_155651,9,27,35,671,-1.1796626563545085,-29.0385289753595,-1.075501073161463,0.07062208016479966,3019.24,1,ok,,DQN\dqn_model_optuna_trial_9
2026-06-07T16:10:10.678936,Optuna,optuna_20260607_155651,9,28,35,671,-0.5399265448861142,-29.578455520245615,-1.0563734114373433,0.07062208016479966,3020.24,1,ok,,DQN\dqn_model_optuna_trial_9
2026-06-07T16:10:13.287259,Optuna,optuna_20260607_155651,9,29,35,671,-0.9086135159939676,-30.487069036239582,-1.051278242628951,0.07062208016479966,3021.11,1,ok,,DQN\dqn_model_optuna_trial_9
2026-06-07T16:10:16.100719,Optuna,optuna_20260607_155651,9,30,35,671,-2.793997265076213,-33.281066301315796,-1.1093688767105265,0.07062208016479966,3021.93,1,ok,,DQN\dqn_model_optuna_trial_9
2026-06-07T16:10:18.751953,Optuna,optuna_20260607_155651,9,31,35,671,-0.2815950600105991,-33.5626613613264,-1.082666495526658,0.07062208016479966,3022.8,1,ok,,DQN\dqn_model_optuna_trial_9
2026-06-07T16:10:21.525354,Optuna,optuna_20260607_155651,9,32,35,671,-1.1933295958047496,-34.75599095713115,-1.0861247174103483,0.07062208016479966,3023.66,1,ok,,DQN\dqn_model_optuna_trial_9
2026-06-07T16:10:24.226011,Optuna,optuna_20260607_155651,9,33,35,671,0.5120211172434579,-34.24396983988769,-1.0376960557541723,0.07062208016479966,3024.49,1,ok,,DQN\dqn_model_optuna_trial_9
2026-06-07T16:10:26.857246,Optuna,optuna_20260607_155651,9,34,35,671,-1.5752894196722784,-35.81925925955997,-1.0535076252811757,0.07062208016479966,3025.36,1,ok,,DQN\dqn_model_optuna_trial_9
2026-06-07T16:10:29.587313,Optuna,optuna_20260607_155651,9,35,35,671,5.403642056203547,-30.415617203356422,-0.8690176343816121,0.07062208016479966,3026.24,1,ok,,DQN\dqn_model_optuna_trial_9
2026-06-07T16:10:31.244036,Optuna,optuna_20260607_155651,10,1,35,671,-4.224755777802422,-4.224755777802422,-4.224755777802422,0.8756790994789964,2997.05,1,ok,,DQN\dqn_model_optuna_trial_10
2026-06-07T16:10:33.603168,Optuna,optuna_20260607_155651,10,2,35,671,-0.7777266103332081,-5.00248238813563,-2.501241194067815,0.7432986720271072,2997.93,1,ok,,DQN\dqn_model_optuna_trial_10
2026-06-07T16:10:36.042142,Optuna,optuna_20260607_155651,10,3,35,671,-1.6973152219566605,-6.699797610092291,-2.2332658700307637,0.610918244575218,2998.81,1,ok,,DQN\dqn_model_optuna_trial_10
2026-06-07T16:10:38.543980,Optuna,optuna_20260607_155651,10,4,35,671,-0.5462084479002147,-7.246006057992505,-1.8115015144981264,0.4785378171233289,2999.69,1,ok,,DQN\dqn_model_optuna_trial_10
2026-06-07T16:10:41.152059,Optuna,optuna_20260607_155651,10,5,35,671,-1.6746190355216883,-8.920625093514193,-1.7841250187028386,0.3461573896714397,3000.51,1,ok,,DQN\dqn_model_optuna_trial_10
2026-06-07T16:10:43.887457,Optuna,optuna_20260607_155651,10,6,35,671,-2.8172568148983848,-11.737881908412579,-1.9563136514020965,0.21377696221955567,3001.39,1,ok,,DQN\dqn_model_optuna_trial_10
2026-06-07T16:10:46.545751,Optuna,optuna_20260607_155651,10,7,35,671,-1.3187197480990462,-13.056601656511624,-1.8652288080730892,0.08139653476768205,3002.21,1,ok,,DQN\dqn_model_optuna_trial_10
2026-06-07T16:10:49.149904,Optuna,optuna_20260607_155651,10,8,35,671,-1.4579579438407189,-14.514559600352342,-1.8143199500440428,0.045440244878386916,3003.09,1,ok,,DQN\dqn_model_optuna_trial_10
2026-06-07T16:10:51.888617,Optuna,optuna_20260607_155651,10,9,35,671,-0.14563741607639807,-14.660197016428741,-1.6289107796031934,0.045440244878386916,3003.96,1,ok,,DQN\dqn_model_optuna_trial_10
2026-06-07T16:10:54.591888,Optuna,optuna_20260607_155651,10,10,35,671,-1.311358274244403,-15.971555290673145,-1.5971555290673145,0.045440244878386916,3004.8,1,ok,,DQN\dqn_model_optuna_trial_10
2026-06-07T16:10:57.200855,Optuna,optuna_20260607_155651,10,11,35,671,-0.6215691958500449,-16.59312448652319,-1.5084658624111993,0.045440244878386916,3005.67,1,ok,,DQN\dqn_model_optuna_trial_10
2026-06-07T16:10:59.823290,Optuna,optuna_20260607_155651,10,12,35,671,-0.836472707869244,-17.429597194392436,-1.4524664328660364,0.045440244878386916,3006.54,1,ok,,DQN\dqn_model_optuna_trial_10
2026-06-07T16:11:02.440448,Optuna,optuna_20260607_155651,10,13,35,671,-1.652412334973793,-19.08200952936623,-1.4678468868743253,0.045440244878386916,3007.36,1,ok,,DQN\dqn_model_optuna_trial_10
2026-06-07T16:11:05.112768,Optuna,optuna_20260607_155651,10,14,35,671,-2.3408856459450833,-21.42289517531131,-1.5302067982365222,0.045440244878386916,3008.25,1,ok,,DQN\dqn_model_optuna_trial_10
2026-06-07T16:11:07.712885,Optuna,optuna_20260607_155651,10,15,35,671,-1.4789768704420356,-22.901872045753347,-1.5267914697168898,0.045440244878386916,3009.12,1,ok,,DQN\dqn_model_optuna_trial_10
2026-06-07T16:11:10.361802,Optuna,optuna_20260607_155651,10,16,35,671,-1.6438778185349416,-24.54574986428829,-1.534109366518018,0.045440244878386916,3010.0,1,ok,,DQN\dqn_model_optuna_trial_10
2026-06-07T16:11:12.994407,Optuna,optuna_20260607_155651,10,17,35,671,4.5466138394973585,-19.999136024790932,-1.1764197661641724,0.045440244878386916,3010.89,1,ok,,DQN\dqn_model_optuna_trial_10
2026-06-07T16:11:15.665386,Optuna,optuna_20260607_155651,10,18,35,671,-1.4171854352817015,-21.416321460072634,-1.1897956366707019,0.045440244878386916,3011.7,1,ok,,DQN\dqn_model_optuna_trial_10
2026-06-07T16:11:18.334007,Optuna,optuna_20260607_155651,10,19,35,671,-0.8465601766109612,-22.262881636683595,-1.1717306124570313,0.045440244878386916,3012.52,1,ok,,DQN\dqn_model_optuna_trial_10
2026-06-07T16:11:21.025750,Optuna,optuna_20260607_155651,10,20,35,671,-1.028064504308848,-23.290946140992443,-1.1645473070496222,0.045440244878386916,3013.4,1,ok,,DQN\dqn_model_optuna_trial_10
2026-06-07T16:11:23.918532,Optuna,optuna_20260607_155651,10,21,35,671,0.3558275726890463,-22.935118568303395,-1.0921485032525426,0.045440244878386916,3014.28,1,ok,,DQN\dqn_model_optuna_trial_10
2026-06-07T16:11:26.718501,Optuna,optuna_20260607_155651,10,22,35,671,-0.15090298751838419,-23.08602155582178,-1.0493646161737173,0.045440244878386916,3015.16,1,ok,,DQN\dqn_model_optuna_trial_10
2026-06-07T16:11:29.596979,Optuna,optuna_20260607_155651,10,23,35,671,-2.591790994767715,-25.677812550589493,-1.1164266326343257,0.045440244878386916,3016.04,1,ok,,DQN\dqn_model_optuna_trial_10
2026-06-07T16:11:32.402712,Optuna,optuna_20260607_155651,10,24,35,671,-1.3652997141554855,-27.04311226474498,-1.1267963443643743,0.045440244878386916,3016.86,1,ok,,DQN\dqn_model_optuna_trial_10
2026-06-07T16:11:35.185791,Optuna,optuna_20260607_155651,10,25,35,671,-1.3564304636355582,-28.39954272838054,-1.1359817091352216,0.045440244878386916,3017.68,1,ok,,DQN\dqn_model_optuna_trial_10
2026-06-07T16:11:38.059623,Optuna,optuna_20260607_155651,10,26,35,671,-0.15027157509464242,-28.54981430347518,-1.0980697809028916,0.045440244878386916,3018.56,1,ok,,DQN\dqn_model_optuna_trial_10
2026-06-07T16:11:40.931252,Optuna,optuna_20260607_155651,10,27,35,671,-1.6028681376054947,-30.152682441080675,-1.1167660163363213,0.045440244878386916,3019.43,1,ok,,DQN\dqn_model_optuna_trial_10
2026-06-07T16:11:44.021918,Optuna,optuna_20260607_155651,10,28,35,671,-1.5944264513169903,-31.747108892397666,-1.133825317585631,0.045440244878386916,3020.32,1,ok,,DQN\dqn_model_optuna_trial_10
2026-06-07T16:11:46.884988,Optuna,optuna_20260607_155651,10,29,35,671,-0.26004749113297665,-32.00715638353064,-1.1036950477079532,0.045440244878386916,3021.2,1,ok,,DQN\dqn_model_optuna_trial_10
2026-06-07T16:11:49.703988,Optuna,optuna_20260607_155651,10,30,35,671,-2.1108295733424756,-34.11798595687312,-1.1372661985624373,0.045440244878386916,3021.96,1,ok,,DQN\dqn_model_optuna_trial_10
2026-06-07T16:11:52.828744,Optuna,optuna_20260607_155651,10,31,35,671,-1.467789081282583,-35.5857750381557,-1.1479282270372808,0.045440244878386916,3022.89,1,ok,,DQN\dqn_model_optuna_trial_10
2026-06-07T16:11:55.826692,Optuna,optuna_20260607_155651,10,32,35,671,-0.04917051823991783,-35.63494555639562,-1.1135920486373632,0.045440244878386916,3023.71,1,ok,,DQN\dqn_model_optuna_trial_10
2026-06-07T16:11:58.874037,Optuna,optuna_20260607_155651,10,33,35,671,0.34825335320835515,-35.286692203187265,-1.0692937031268868,0.045440244878386916,3024.59,1,ok,,DQN\dqn_model_optuna_trial_10
2026-06-07T16:12:01.932605,Optuna,optuna_20260607_155651,10,34,35,671,0.3844453274581781,-34.902246875729084,-1.0265366728155614,0.045440244878386916,3025.47,1,ok,,DQN\dqn_model_optuna_trial_10
2026-06-07T16:12:04.890609,Optuna,optuna_20260607_155651,10,35,35,671,-1.3470558381192288,-36.249302713848316,-1.035694363252809,0.045440244878386916,3026.35,1,ok,,DQN\dqn_model_optuna_trial_10
2026-06-07T16:12:06.653546,Optuna,optuna_20260607_155651,11,1,35,671,-3.24839762956271,-3.24839762956271,-3.24839762956271,0.8846768806670081,2997.15,1,ok,,DQN\dqn_model_optuna_trial_11
2026-06-07T16:12:09.380516,Optuna,optuna_20260607_155651,11,2,35,671,-3.2193962687485773,-6.467793898311287,-3.2338969491556435,0.770024771747312,2997.97,1,ok,,DQN\dqn_model_optuna_trial_11
2026-06-07T16:12:11.848461,Optuna,optuna_20260607_155651,11,3,35,671,-1.3898184292826439,-7.857612327593931,-2.619204109197977,0.6553726628276159,2998.79,1,ok,,DQN\dqn_model_optuna_trial_11
2026-06-07T16:12:14.687431,Optuna,optuna_20260607_155651,11,4,35,671,-1.2923235554471715,-9.149935883041103,-2.2874839707602757,0.5407205539079197,2999.67,1,ok,,DQN\dqn_model_optuna_trial_11
2026-06-07T16:12:17.619366,Optuna,optuna_20260607_155651,11,5,35,671,-0.8166774056074431,-9.966613288648546,-1.9933226577297092,0.4260684449882236,3000.55,1,ok,,DQN\dqn_model_optuna_trial_11
2026-06-07T16:12:20.206562,Optuna,optuna_20260607_155651,11,6,35,671,-1.7118743051765006,-11.678487593825047,-1.946414598970841,0.3114163360685275,3001.43,1,ok,,DQN\dqn_model_optuna_trial_11
2026-06-07T16:12:22.909225,Optuna,optuna_20260607_155651,11,7,35,671,-0.3853182173893505,-12.063805811214397,-1.7234008301734853,0.1967642271488227,3002.31,1,ok,,DQN\dqn_model_optuna_trial_11
2026-06-07T16:12:25.469597,Optuna,optuna_20260607_155651,11,8,35,671,-1.2475656507275903,-13.311371461941988,-1.6639214327427485,0.08211211822911144,3003.13,1,ok,,DQN\dqn_model_optuna_trial_11
2026-06-07T16:12:28.203869,Optuna,optuna_20260607_155651,11,9,35,671,0.2777087120965376,-13.033662749845451,-1.448184749982828,0.048561334522645036,3003.94,1,ok,,DQN\dqn_model_optuna_trial_11
2026-06-07T16:12:30.790439,Optuna,optuna_20260607_155651,11,10,35,671,-2.382115306476731,-15.415778056322182,-1.5415778056322182,0.048561334522645036,3004.82,1,ok,,DQN\dqn_model_optuna_trial_11
2026-06-07T16:12:33.369619,Optuna,optuna_20260607_155651,11,11,35,671,-0.24974782317023914,-15.66552587949242,-1.4241387163174928,0.048561334522645036,3005.71,1,ok,,DQN\dqn_model_optuna_trial_11
2026-06-07T16:12:36.049627,Optuna,optuna_20260607_155651,11,12,35,671,-0.06300850532025476,-15.728534384812676,-1.3107111987343896,0.048561334522645036,3006.58,1,ok,,DQN\dqn_model_optuna_trial_11
2026-06-07T16:12:39.325939,Optuna,optuna_20260607_155651,11,13,35,671,0.06910533036115091,-15.659429054451525,-1.2045714657270403,0.048561334522645036,3007.46,1,ok,,DQN\dqn_model_optuna_trial_11
2026-06-07T16:12:42.362418,Optuna,optuna_20260607_155651,11,14,35,671,-0.7806785470455269,-16.44010760149705,-1.1742934001069323,0.048561334522645036,3008.29,1,ok,,DQN\dqn_model_optuna_trial_11
2026-06-07T16:12:45.466256,Optuna,optuna_20260607_155651,11,15,35,671,-1.6297666884682132,-18.069874289965263,-1.2046582859976842,0.048561334522645036,3009.1,1,ok,,DQN\dqn_model_optuna_trial_11
2026-06-07T16:12:48.370403,Optuna,optuna_20260607_155651,11,16,35,671,-0.38367609646710493,-18.45355038643237,-1.153346899152023,0.048561334522645036,3009.98,1,ok,,DQN\dqn_model_optuna_trial_11
2026-06-07T16:12:51.211448,Optuna,optuna_20260607_155651,11,17,35,671,-0.1143806196359623,-18.56793100606833,-1.0922312356510784,0.048561334522645036,3010.86,1,ok,,DQN\dqn_model_optuna_trial_11
2026-06-07T16:12:54.084200,Optuna,optuna_20260607_155651,11,18,35,671,-1.6974874873924612,-20.265418493460793,-1.125856582970044,0.048561334522645036,3011.74,1,ok,,DQN\dqn_model_optuna_trial_11
2026-06-07T16:12:56.882604,Optuna,optuna_20260607_155651,11,19,35,671,-0.23533321034234397,-20.500751703803136,-1.0789869317791123,0.048561334522645036,3012.62,1,ok,,DQN\dqn_model_optuna_trial_11
2026-06-07T16:12:59.855287,Optuna,optuna_20260607_155651,11,20,35,671,0.5185665123499421,-19.982185191453194,-0.9991092595726597,0.048561334522645036,3013.44,1,ok,,DQN\dqn_model_optuna_trial_11
2026-06-07T16:13:02.591886,Optuna,optuna_20260607_155651,11,21,35,671,-0.1953548542135035,-20.177540045666696,-0.9608352402698427,0.048561334522645036,3014.32,1,ok,,DQN\dqn_model_optuna_trial_11
2026-06-07T16:13:05.597799,Optuna,optuna_20260607_155651,11,22,35,671,-1.4069762703573487,-21.584516316024043,-0.9811143780010929,0.048561334522645036,3015.14,1,ok,,DQN\dqn_model_optuna_trial_11
2026-06-07T16:13:08.443319,Optuna,optuna_20260607_155651,11,23,35,671,-0.15378589801529605,-21.73830221403934,-0.9451435745234495,0.048561334522645036,3016.06,1,ok,,DQN\dqn_model_optuna_trial_11
2026-06-07T16:13:11.390568,Optuna,optuna_20260607_155651,11,24,35,671,0.31297381918382017,-21.42532839485552,-0.8927220164523133,0.048561334522645036,3016.94,1,ok,,DQN\dqn_model_optuna_trial_11
2026-06-07T16:13:14.305678,Optuna,optuna_20260607_155651,11,25,35,671,-0.2043350341437704,-21.62966342899929,-0.8651865371599716,0.048561334522645036,3017.82,1,ok,,DQN\dqn_model_optuna_trial_11
2026-06-07T16:13:17.384271,Optuna,optuna_20260607_155651,11,26,35,671,0.5771346639365499,-21.05252876506274,-0.8097126448101053,0.048561334522645036,3018.7,1,ok,,DQN\dqn_model_optuna_trial_11
2026-06-07T16:13:20.454004,Optuna,optuna_20260607_155651,11,27,35,671,-0.41957201014395595,-21.472100775206695,-0.795262991674322,0.048561334522645036,3019.52,1,ok,,DQN\dqn_model_optuna_trial_11
2026-06-07T16:13:23.352360,Optuna,optuna_20260607_155651,11,28,35,671,-0.9746814103614141,-22.446782185568107,-0.8016707923417181,0.048561334522645036,3020.34,1,ok,,DQN\dqn_model_optuna_trial_11
2026-06-07T16:13:26.458897,Optuna,optuna_20260607_155651,11,29,35,671,-0.39746259862115146,-22.844244784189257,-0.7877325787651468,0.048561334522645036,3021.22,1,ok,,DQN\dqn_model_optuna_trial_11
2026-06-07T16:13:29.530731,Optuna,optuna_20260607_155651,11,30,35,671,-1.1002758217983568,-23.944520605987613,-0.7981506868662538,0.048561334522645036,3022.09,1,ok,,DQN\dqn_model_optuna_trial_11
2026-06-07T16:13:32.512911,Optuna,optuna_20260607_155651,11,31,35,671,-0.23831951326696932,-24.182840119254582,-0.7800916167501478,0.048561334522645036,3022.98,1,ok,,DQN\dqn_model_optuna_trial_11
2026-06-07T16:13:35.981466,Optuna,optuna_20260607_155651,11,32,35,671,0.2772121314956481,-23.905627987758933,-0.7470508746174667,0.048561334522645036,3022.52,1,ok,,DQN\dqn_model_optuna_trial_11
2026-06-07T16:13:38.740260,Optuna,optuna_20260607_155651,11,33,35,671,-0.819485306536078,-24.72511329429501,-0.7492458574028791,0.048561334522645036,3023.34,1,ok,,DQN\dqn_model_optuna_trial_11
2026-06-07T16:13:41.482986,Optuna,optuna_20260607_155651,11,34,35,671,-0.9073101635330763,-25.632423457828086,-0.753894807583179,0.048561334522645036,3024.16,1,ok,,DQN\dqn_model_optuna_trial_11
2026-06-07T16:13:44.239672,Optuna,optuna_20260607_155651,11,35,35,671,-0.19954914853520553,-25.83197260636329,-0.7380563601818083,0.048561334522645036,3025.04,1,ok,,DQN\dqn_model_optuna_trial_11
2026-06-07T16:13:45.828540,Optuna,optuna_20260607_155651,12,1,35,671,-2.2269133324634622,-2.2269133324634622,-2.2269133324634622,0.9111232257247293,2995.81,1,ok,,DQN\dqn_model_optuna_trial_12
2026-06-07T16:13:48.012881,Optuna,optuna_20260607_155651,12,2,35,671,-1.9135558340905547,-4.140469166554017,-2.0702345832770086,0.801514884036159,2996.7,1,ok,,DQN\dqn_model_optuna_trial_12
2026-06-07T16:13:50.219933,Optuna,optuna_20260607_155651,12,3,35,671,-3.4631942430312255,-7.603663409585243,-2.5345544698617477,0.6919065423475887,2997.57,1,ok,,DQN\dqn_model_optuna_trial_12
2026-06-07T16:13:52.475033,Optuna,optuna_20260607_155651,12,4,35,671,-1.2161191841158427,-8.819782593701087,-2.2049456484252716,0.5822982006590185,2998.39,1,ok,,DQN\dqn_model_optuna_trial_12
2026-06-07T16:13:54.700182,Optuna,optuna_20260607_155651,12,5,35,671,-1.2222931911302461,-10.042075784831333,-2.0084151569662665,0.47268985897044824,2999.27,1,ok,,DQN\dqn_model_optuna_trial_12
2026-06-07T16:13:56.961041,Optuna,optuna_20260607_155651,12,6,35,671,-2.174999476405026,-12.21707526123636,-2.03617921020606,0.363081517281878,3000.09,1,ok,,DQN\dqn_model_optuna_trial_12
2026-06-07T16:13:59.259395,Optuna,optuna_20260607_155651,12,7,35,671,-0.7959421354598432,-13.013017396696203,-1.8590024852423146,0.25347317559330773,3000.97,1,ok,,DQN\dqn_model_optuna_trial_12
2026-06-07T16:14:01.589440,Optuna,optuna_20260607_155651,12,8,35,671,-0.36575181852389427,-13.378769215220096,-1.672346151902512,0.14386483390471944,3001.85,1,ok,,DQN\dqn_model_optuna_trial_12
2026-06-07T16:14:03.937095,Optuna,optuna_20260607_155651,12,9,35,671,-2.2307621393617687,-15.609531354581865,-1.7343923727313184,0.05793259952796732,3002.73,1,ok,,DQN\dqn_model_optuna_trial_12
2026-06-07T16:14:06.339594,Optuna,optuna_20260607_155651,12,10,35,671,-0.06485697254695724,-15.674388327128822,-1.5674388327128823,0.05793259952796732,3003.55,1,ok,,DQN\dqn_model_optuna_trial_12
2026-06-07T16:14:08.678174,Optuna,optuna_20260607_155651,12,11,35,671,-2.07242508863968,-17.746813415768504,-1.6133466741607732,0.05793259952796732,3004.43,1,ok,,DQN\dqn_model_optuna_trial_12
2026-06-07T16:14:11.044974,Optuna,optuna_20260607_155651,12,12,35,671,-0.364482116216209,-18.111295531984712,-1.5092746276653928,0.05793259952796732,3005.25,1,ok,,DQN\dqn_model_optuna_trial_12
2026-06-07T16:14:13.432316,Optuna,optuna_20260607_155651,12,13,35,671,-0.24925901576285767,-18.36055454774757,-1.412350349826736,0.05793259952796732,3006.12,1,ok,,DQN\dqn_model_optuna_trial_12
2026-06-07T16:14:15.806203,Optuna,optuna_20260607_155651,12,14,35,671,-1.4404431420559265,-19.800997689803495,-1.4143569778431069,0.05793259952796732,3007.01,1,ok,,DQN\dqn_model_optuna_trial_12
2026-06-07T16:14:18.372045,Optuna,optuna_20260607_155651,12,15,35,671,-1.3368819491290793,-21.137879638932574,-1.4091919759288383,0.05793259952796732,3007.88,1,ok,,DQN\dqn_model_optuna_trial_12
2026-06-07T16:14:20.784072,Optuna,optuna_20260607_155651,12,16,35,671,-0.235321843208668,-21.37320148214124,-1.3358250926338275,0.05793259952796732,3008.77,1,ok,,DQN\dqn_model_optuna_trial_12
2026-06-07T16:14:23.205757,Optuna,optuna_20260607_155651,12,17,35,671,-0.47765088070731143,-21.850852362848553,-1.28534425663815,0.05793259952796732,3009.54,1,ok,,DQN\dqn_model_optuna_trial_12
2026-06-07T16:14:25.786612,Optuna,optuna_20260607_155651,12,18,35,671,-1.5350663871460013,-23.385918749994556,-1.299217708333031,0.05793259952796732,3010.46,1,ok,,DQN\dqn_model_optuna_trial_12
2026-06-07T16:14:28.314824,Optuna,optuna_20260607_155651,12,19,35,671,-1.7595521246461137,-25.14547087464067,-1.3234458355074037,0.05793259952796732,3011.28,1,ok,,DQN\dqn_model_optuna_trial_12
2026-06-07T16:14:30.910116,Optuna,optuna_20260607_155651,12,20,35,671,0.07094347816231067,-25.07452739647836,-1.253726369823918,0.05793259952796732,3012.16,1,ok,,DQN\dqn_model_optuna_trial_12
2026-06-07T16:14:33.396254,Optuna,optuna_20260607_155651,12,21,35,671,-0.7318960539560372,-25.806423450434398,-1.2288773071635428,0.05793259952796732,3013.04,1,ok,,DQN\dqn_model_optuna_trial_12
2026-06-07T16:14:35.834187,Optuna,optuna_20260607_155651,12,22,35,671,-0.3547268829005923,-26.16115033333499,-1.1891431969697723,0.05793259952796732,3013.92,1,ok,,DQN\dqn_model_optuna_trial_12
2026-06-07T16:14:38.278432,Optuna,optuna_20260607_155651,12,23,35,671,-1.096658961783322,-27.257809295118314,-1.1851221432660137,0.05793259952796732,3014.74,1,ok,,DQN\dqn_model_optuna_trial_12
2026-06-07T16:14:40.662503,Optuna,optuna_20260607_155651,12,24,35,671,-0.27285540032470823,-27.530664695443022,-1.1471110289767925,0.05793259952796732,3015.62,1,ok,,DQN\dqn_model_optuna_trial_12
2026-06-07T16:14:43.104084,Optuna,optuna_20260607_155651,12,25,35,671,-0.14747117455343775,-27.67813586999646,-1.1071254347998585,0.05793259952796732,3016.44,1,ok,,DQN\dqn_model_optuna_trial_12
2026-06-07T16:14:45.534521,Optuna,optuna_20260607_155651,12,26,35,671,-1.0629629481656755,-28.741098818162136,-1.1054268776216207,0.05793259952796732,3017.32,1,ok,,DQN\dqn_model_optuna_trial_12
2026-06-07T16:14:47.995211,Optuna,optuna_20260607_155651,12,27,35,671,-1.126527991120127,-29.867626809282264,-1.1062084003437875,0.05793259952796732,3018.2,1,ok,,DQN\dqn_model_optuna_trial_12
2026-06-07T16:14:50.401749,Optuna,optuna_20260607_155651,12,28,35,671,-1.3722257117507721,-31.239852521033036,-1.1157090186083227,0.05793259952796732,3019.08,1,ok,,DQN\dqn_model_optuna_trial_12
2026-06-07T16:14:52.862274,Optuna,optuna_20260607_155651,12,29,35,671,3.3942198453870547,-27.84563267564598,-0.960194230194689,0.05793259952796732,3019.96,1,ok,,DQN\dqn_model_optuna_trial_12
2026-06-07T16:14:55.315438,Optuna,optuna_20260607_155651,12,30,35,671,-1.6995007778612292,-29.54513345350721,-0.9848377817835736,0.05793259952796732,3020.83,1,ok,,DQN\dqn_model_optuna_trial_12
2026-06-07T16:14:57.814312,Optuna,optuna_20260607_155651,12,31,35,671,-0.1896862556443834,-29.73481970915159,-0.9591877325532772,0.05793259952796732,3021.65,1,ok,,DQN\dqn_model_optuna_trial_12
2026-06-07T16:15:00.315491,Optuna,optuna_20260607_155651,12,32,35,671,-0.23707115072863497,-29.971890859880226,-0.9366215893712571,0.05793259952796732,3022.53,1,ok,,DQN\dqn_model_optuna_trial_12
2026-06-07T16:15:02.773962,Optuna,optuna_20260607_155651,12,33,35,671,-0.020207451955189547,-29.992098311835417,-0.9088514639950126,0.05793259952796732,3023.41,1,ok,,DQN\dqn_model_optuna_trial_12
2026-06-07T16:15:05.378741,Optuna,optuna_20260607_155651,12,34,35,671,-1.4305341589222118,-31.422632470757627,-0.924195072669342,0.05793259952796732,3024.29,1,ok,,DQN\dqn_model_optuna_trial_12
2026-06-07T16:15:07.874322,Optuna,optuna_20260607_155651,12,35,35,671,-1.4710955038839715,-32.8937279746416,-0.9398207992754742,0.05793259952796732,3025.16,1,ok,,DQN\dqn_model_optuna_trial_12
2026-06-07T16:15:09.374414,Optuna,optuna_20260607_155651,13,1,35,671,-2.0210823814757854,-2.0210823814757854,-2.0210823814757854,0.9100710373632218,2995.87,1,ok,,DQN\dqn_model_optuna_trial_13
2026-06-07T16:15:11.306333,Optuna,optuna_20260607_155651,13,2,35,671,-2.6614809277102673,-4.682563309186053,-2.3412816545930264,0.8528266308345194,2996.69,1,ok,,DQN\dqn_model_optuna_trial_13
2026-06-07T16:15:13.219760,Optuna,optuna_20260607_155651,13,3,35,671,-2.0279057715533626,-6.710469080739415,-2.236823026913138,0.7955822243058169,2997.56,1,ok,,DQN\dqn_model_optuna_trial_13
2026-06-07T16:15:15.165027,Optuna,optuna_20260607_155651,13,4,35,671,-1.094406205159625,-7.8048752858990404,-1.9512188214747601,0.7383378177771145,2998.45,1,ok,,DQN\dqn_model_optuna_trial_13
2026-06-07T16:15:17.197392,Optuna,optuna_20260607_155651,13,5,35,671,-0.43029041013968816,-8.23516569603873,-1.6470331392077457,0.681093411248412,2999.27,1,ok,,DQN\dqn_model_optuna_trial_13
2026-06-07T16:15:19.265337,Optuna,optuna_20260607_155651,13,6,35,671,-0.2508551712164067,-8.486020867255135,-1.4143368112091892,0.6238490047197096,3000.14,1,ok,,DQN\dqn_model_optuna_trial_13
2026-06-07T16:15:21.319783,Optuna,optuna_20260607_155651,13,7,35,671,-0.9224749700237957,-9.408495837278931,-1.3440708338969902,0.5666045981910072,3001.02,1,ok,,DQN\dqn_model_optuna_trial_13
2026-06-07T16:15:23.410595,Optuna,optuna_20260607_155651,13,8,35,671,-0.3715072133650618,-9.780003050643993,-1.222500381330499,0.5093601916623047,3001.84,1,ok,,DQN\dqn_model_optuna_trial_13
2026-06-07T16:15:25.491224,Optuna,optuna_20260607_155651,13,9,35,671,-2.211671180699658,-11.991674231343652,-1.3324082479270725,0.4521157851336023,3002.72,1,ok,,DQN\dqn_model_optuna_trial_13
2026-06-07T16:15:27.588216,Optuna,optuna_20260607_155651,13,10,35,671,-0.7996661905747046,-12.791340421918356,-1.2791340421918356,0.39487137860489985,3003.55,1,ok,,DQN\dqn_model_optuna_trial_13
2026-06-07T16:15:29.753858,Optuna,optuna_20260607_155651,13,11,35,671,-1.3342659641477674,-14.125606386066124,-1.2841460350969205,0.3376269720761974,3004.42,1,ok,,DQN\dqn_model_optuna_trial_13
2026-06-07T16:15:31.949304,Optuna,optuna_20260607_155651,13,12,35,671,-0.5372222247945228,-14.662828610860647,-1.2219023842383872,0.28038256554749497,3005.3,1,ok,,DQN\dqn_model_optuna_trial_13
2026-06-07T16:15:34.119368,Optuna,optuna_20260607_155651,13,13,35,671,-0.48722784179631967,-15.150056452656967,-1.1653889578966898,0.22313815901880127,3006.18,1,ok,,DQN\dqn_model_optuna_trial_13
2026-06-07T16:15:36.364775,Optuna,optuna_20260607_155651,13,14,35,671,-0.3422593981141903,-15.492315850771158,-1.106593989340797,0.16589375249011745,3007.06,1,ok,,DQN\dqn_model_optuna_trial_13
2026-06-07T16:15:38.598986,Optuna,optuna_20260607_155651,13,15,35,671,-0.28522809045993397,-15.777543941231093,-1.0518362627487394,0.10864934596143097,3007.88,1,ok,,DQN\dqn_model_optuna_trial_13
2026-06-07T16:15:40.834745,Optuna,optuna_20260607_155651,13,16,35,671,0.07262880179370895,-15.704915139437384,-0.9815571962148365,0.05140493943273784,3008.76,1,ok,,DQN\dqn_model_optuna_trial_13
2026-06-07T16:15:43.204062,Optuna,optuna_20260607_155651,13,17,35,671,-1.2762566020690616,-16.981171741506447,-0.9988924553827322,0.01969284209168813,3009.64,1,ok,,DQN\dqn_model_optuna_trial_13
2026-06-07T16:15:45.497374,Optuna,optuna_20260607_155651,13,18,35,671,-1.6053282127922845,-18.58649995429873,-1.032583330794374,0.01969284209168813,3010.45,1,ok,,DQN\dqn_model_optuna_trial_13
2026-06-07T16:15:47.774676,Optuna,optuna_20260607_155651,13,19,35,671,0.03863898667917512,-18.547860967619556,-0.9762032088220819,0.01969284209168813,3011.34,1,ok,,DQN\dqn_model_optuna_trial_13
2026-06-07T16:15:50.038701,Optuna,optuna_20260607_155651,13,20,35,671,-0.7212780559661962,-19.26913902358575,-0.9634569511792875,0.01969284209168813,3012.22,1,ok,,DQN\dqn_model_optuna_trial_13
2026-06-07T16:15:52.321230,Optuna,optuna_20260607_155651,13,21,35,671,-0.1536743009767678,-19.42281332456252,-0.9248958725982152,0.01969284209168813,3013.03,1,ok,,DQN\dqn_model_optuna_trial_13
2026-06-07T16:15:54.610429,Optuna,optuna_20260607_155651,13,22,35,671,-1.0030594663277799,-20.4258727908903,-0.9284487632222863,0.01969284209168813,3013.91,1,ok,,DQN\dqn_model_optuna_trial_13
2026-06-07T16:15:56.877212,Optuna,optuna_20260607_155651,13,23,35,671,-0.13223152402991825,-20.558104314920218,-0.8938306223878356,0.01969284209168813,3014.8,1,ok,,DQN\dqn_model_optuna_trial_13
2026-06-07T16:15:59.151881,Optuna,optuna_20260607_155651,13,24,35,671,-0.942427650424486,-21.500531965344702,-0.8958554985560293,0.01969284209168813,3015.61,1,ok,,DQN\dqn_model_optuna_trial_13
2026-06-07T16:16:01.505988,Optuna,optuna_20260607_155651,13,25,35,671,-1.0643474654398783,-22.56487943078458,-0.9025951772313832,0.01969284209168813,3016.49,1,ok,,DQN\dqn_model_optuna_trial_13
2026-06-07T16:16:03.833714,Optuna,optuna_20260607_155651,13,26,35,671,-0.4574201915835243,-23.022299622368102,-0.8854730623987732,0.01969284209168813,3017.38,1,ok,,DQN\dqn_model_optuna_trial_13
2026-06-07T16:16:06.165795,Optuna,optuna_20260607_155651,13,27,35,671,-1.2953265240558425,-24.317626146423944,-0.9006528202379238,0.01969284209168813,3018.19,1,ok,,DQN\dqn_model_optuna_trial_13
2026-06-07T16:16:08.489495,Optuna,optuna_20260607_155651,13,28,35,671,-1.487413364975061,-25.805039511399006,-0.9216085539785359,0.01969284209168813,3019.07,1,ok,,DQN\dqn_model_optuna_trial_13
2026-06-07T16:16:10.842451,Optuna,optuna_20260607_155651,13,29,35,671,-0.15769243841409528,-25.9627319498131,-0.8952666189590724,0.01969284209168813,3019.96,1,ok,,DQN\dqn_model_optuna_trial_13
2026-06-07T16:16:13.218712,Optuna,optuna_20260607_155651,13,30,35,671,-0.3587677730571262,-26.32149972287023,-0.8773833240956743,0.01969284209168813,3020.77,1,ok,,DQN\dqn_model_optuna_trial_13
2026-06-07T16:16:15.601613,Optuna,optuna_20260607_155651,13,31,35,671,-0.17042607662321552,-26.491925799493444,-0.8545782515965628,0.01969284209168813,3021.77,1,ok,,DQN\dqn_model_optuna_trial_13
2026-06-07T16:16:18.006685,Optuna,optuna_20260607_155651,13,32,35,671,-1.291777481397518,-27.78370328089096,-0.8682407275278425,0.01969284209168813,3022.65,1,ok,,DQN\dqn_model_optuna_trial_13
2026-06-07T16:16:20.531857,Optuna,optuna_20260607_155651,13,33,35,671,-1.2874771206463094,-29.07118040153727,-0.8809448606526445,0.01969284209168813,3023.46,1,ok,,DQN\dqn_model_optuna_trial_13
2026-06-07T16:16:22.915800,Optuna,optuna_20260607_155651,13,34,35,671,-1.2411822895079603,-30.31236269104523,-0.8915400791483892,0.01969284209168813,3024.34,1,ok,,DQN\dqn_model_optuna_trial_13
2026-06-07T16:16:25.336502,Optuna,optuna_20260607_155651,13,35,35,671,-1.1288568717591383,-31.441219562804367,-0.8983205589372676,0.01969284209168813,3025.21,1,ok,,DQN\dqn_model_optuna_trial_13
2026-06-07T16:16:26.833068,Optuna,optuna_20260607_155651,14,1,35,671,-1.309711191645203,-1.309711191645203,-1.309711191645203,0.8114904305976598,2995.9,1,ok,,DQN\dqn_model_optuna_trial_14
2026-06-07T16:16:28.929419,Optuna,optuna_20260607_155651,14,2,35,671,-0.8212435711334756,-2.1309547627786785,-1.0654773813893392,0.7607470179050074,2996.79,1,ok,,DQN\dqn_model_optuna_trial_14
2026-06-07T16:16:31.084691,Optuna,optuna_20260607_155651,14,3,35,671,-1.975499256225769,-4.106454019004447,-1.3688180063348157,0.7100036052123551,2997.6,1,ok,,DQN\dqn_model_optuna_trial_14
2026-06-07T16:16:33.272199,Optuna,optuna_20260607_155651,14,4,35,671,-3.985239291528314,-8.091693310532762,-2.0229233276331904,0.6592601925197027,2998.42,1,ok,,DQN\dqn_model_optuna_trial_14
2026-06-07T16:16:35.525191,Optuna,optuna_20260607_155651,14,5,35,671,-1.7308109502855251,-9.822504260818286,-1.9645008521636573,0.6085167798270503,2999.3,1,ok,,DQN\dqn_model_optuna_trial_14
2026-06-07T16:16:37.757051,Optuna,optuna_20260607_155651,14,6,35,671,-1.1520043089719945,-10.97450856979028,-1.8290847616317134,0.557773367134398,3000.18,1,ok,,DQN\dqn_model_optuna_trial_14
2026-06-07T16:16:39.962084,Optuna,optuna_20260607_155651,14,7,35,671,-0.9355444604554726,-11.910053030245754,-1.7014361471779649,0.5070299544417456,3001.06,1,ok,,DQN\dqn_model_optuna_trial_14
2026-06-07T16:16:42.202474,Optuna,optuna_20260607_155651,14,8,35,671,-0.8490588211387086,-12.759111851384462,-1.5948889814230578,0.4562865417490611,3001.94,1,ok,,DQN\dqn_model_optuna_trial_14
2026-06-07T16:16:44.541405,Optuna,optuna_20260607_155651,14,9,35,671,-2.1642931445195623,-14.923404995904026,-1.6581561106560028,0.40554312905637147,3002.75,1,ok,,DQN\dqn_model_optuna_trial_14
2026-06-07T16:16:46.785556,Optuna,optuna_20260607_155651,14,10,35,671,-0.8994099901693091,-15.822814986073334,-1.5822814986073335,0.35479971636368185,3003.57,1,ok,,DQN\dqn_model_optuna_trial_14
2026-06-07T16:16:49.068829,Optuna,optuna_20260607_155651,14,11,35,671,-0.4168378454992644,-16.2396528315726,-1.476332075597509,0.30405630367099223,3004.46,1,ok,,DQN\dqn_model_optuna_trial_14
2026-06-07T16:16:51.371581,Optuna,optuna_20260607_155651,14,12,35,671,0.904169048366727,-15.335483783205872,-1.2779569819338226,0.2533128909783026,3005.33,1,ok,,DQN\dqn_model_optuna_trial_14
2026-06-07T16:16:53.625138,Optuna,optuna_20260607_155651,14,13,35,671,-0.02018017828141893,-15.355663961487291,-1.181204920114407,0.202569478285613,3006.21,1,ok,,DQN\dqn_model_optuna_trial_14
2026-06-07T16:16:55.949932,Optuna,optuna_20260607_155651,14,14,35,671,-0.4947637288658554,-15.850427690353147,-1.1321734064537963,0.1518260655929234,3007.1,1,ok,,DQN\dqn_model_optuna_trial_14
2026-06-07T16:16:58.247011,Optuna,optuna_20260607_155651,14,15,35,671,-0.9893188223254376,-16.839746512678584,-1.1226497675119056,0.14493544124541263,3007.97,1,ok,,DQN\dqn_model_optuna_trial_14
2026-06-07T16:17:00.595198,Optuna,optuna_20260607_155651,14,16,35,671,-0.06065218848736438,-16.900398701165948,-1.0562749188228717,0.14493544124541263,3008.73,1,ok,,DQN\dqn_model_optuna_trial_14
2026-06-07T16:17:02.928896,Optuna,optuna_20260607_155651,14,17,35,671,-0.24648266972879077,-17.14688137089474,-1.008640080640867,0.14493544124541263,3009.61,1,ok,,DQN\dqn_model_optuna_trial_14
2026-06-07T16:17:05.287332,Optuna,optuna_20260607_155651,14,18,35,671,-1.570204119116201,-18.71708549001094,-1.0398380827783855,0.14493544124541263,3010.49,1,ok,,DQN\dqn_model_optuna_trial_14
2026-06-07T16:17:07.649815,Optuna,optuna_20260607_155651,14,19,35,671,-0.8509892610695599,-19.568074751080502,-1.0298986711095002,0.14493544124541263,3011.37,1,ok,,DQN\dqn_model_optuna_trial_14
2026-06-07T16:17:09.997304,Optuna,optuna_20260607_155651,14,20,35,671,-1.2112119669822163,-20.779286718062718,-1.038964335903136,0.14493544124541263,3012.25,1,ok,,DQN\dqn_model_optuna_trial_14
2026-06-07T16:17:12.382227,Optuna,optuna_20260607_155651,14,21,35,671,-0.32611871094484407,-21.10540542900756,-1.005019306143217,0.14493544124541263,3013.13,1,ok,,DQN\dqn_model_optuna_trial_14
2026-06-07T16:17:14.715781,Optuna,optuna_20260607_155651,14,22,35,671,-0.4007002833178868,-21.506105712325446,-0.9775502596511566,0.14493544124541263,3013.89,1,ok,,DQN\dqn_model_optuna_trial_14
2026-06-07T16:17:17.078827,Optuna,optuna_20260607_155651,14,23,35,671,-0.2586397202262829,-21.76474543255173,-0.9462932796761622,0.14493544124541263,3014.77,1,ok,,DQN\dqn_model_optuna_trial_14
2026-06-07T16:17:19.463133,Optuna,optuna_20260607_155651,14,24,35,671,-0.6260170019653372,-22.390762434517068,-0.9329484347715445,0.14493544124541263,3015.65,1,ok,,DQN\dqn_model_optuna_trial_14
2026-06-07T16:17:21.847051,Optuna,optuna_20260607_155651,14,25,35,671,-0.6752580843598275,-23.066020518876897,-0.9226408207550759,0.14493544124541263,3016.65,1,ok,,DQN\dqn_model_optuna_trial_14
2026-06-07T16:17:24.279840,Optuna,optuna_20260607_155651,14,26,35,671,-0.6369908910966554,-23.703011409973552,-0.9116542849989828,0.14493544124541263,3017.52,1,ok,,DQN\dqn_model_optuna_trial_14
2026-06-07T16:17:26.659302,Optuna,optuna_20260607_155651,14,27,35,671,-1.4151475027017844,-25.118158912675337,-0.9303021819509384,0.14493544124541263,3018.4,1,ok,,DQN\dqn_model_optuna_trial_14
2026-06-07T16:17:29.041543,Optuna,optuna_20260607_155651,14,28,35,671,-0.26718218663037463,-25.385341099305712,-0.906619324975204,0.14493544124541263,3019.21,1,ok,,DQN\dqn_model_optuna_trial_14
2026-06-07T16:17:31.475218,Optuna,optuna_20260607_155651,14,29,35,671,-0.3485882274121141,-25.733929326717828,-0.8873768733350975,0.14493544124541263,3020.02,1,ok,,DQN\dqn_model_optuna_trial_14
2026-06-07T16:17:33.947814,Optuna,optuna_20260607_155651,14,30,35,671,-0.9917028904400746,-26.7256322171579,-0.8908544072385968,0.14493544124541263,3020.9,1,ok,,DQN\dqn_model_optuna_trial_14
2026-06-07T16:17:36.407383,Optuna,optuna_20260607_155651,14,31,35,671,1.3595702521209065,-25.366061965036995,-0.8182600633882902,0.14493544124541263,3021.77,1,ok,,DQN\dqn_model_optuna_trial_14
2026-06-07T16:17:38.864482,Optuna,optuna_20260607_155651,14,32,35,671,-1.2359996981849684,-26.602061663221964,-0.8313144269756864,0.14493544124541263,3022.65,1,ok,,DQN\dqn_model_optuna_trial_14
2026-06-07T16:17:41.361216,Optuna,optuna_20260607_155651,14,33,35,671,-1.1055544261429888,-27.70761608936495,-0.8396247299807561,0.14493544124541263,3023.52,1,ok,,DQN\dqn_model_optuna_trial_14
2026-06-07T16:17:44.018571,Optuna,optuna_20260607_155651,14,34,35,671,-2.184922716494364,-29.892538805859314,-0.8791923178193916,0.14493544124541263,3024.34,1,ok,,DQN\dqn_model_optuna_trial_14
2026-06-07T16:17:46.553869,Optuna,optuna_20260607_155651,14,35,35,671,-1.46182923159188,-31.354368037451195,-0.8958390867843199,0.14493544124541263,3025.15,1,ok,,DQN\dqn_model_optuna_trial_14
2026-06-07T16:17:48.112775,Optuna,optuna_20260607_155651,15,1,35,671,-1.3719857626955967,-1.3719857626955967,-1.3719857626955967,0.8928954332479601,2995.91,1,ok,,DQN\dqn_model_optuna_trial_15
2026-06-07T16:17:50.300761,Optuna,optuna_20260607_155651,15,2,35,671,-1.563908782101299,-2.935894544796896,-1.467947272398448,0.8346272213284348,2996.79,1,ok,,DQN\dqn_model_optuna_trial_15
2026-06-07T16:17:52.501951,Optuna,optuna_20260607_155651,15,3,35,671,-3.8508713118790303,-6.786765856675926,-2.2622552855586417,0.7763590094089096,2997.61,1,ok,,DQN\dqn_model_optuna_trial_15
2026-06-07T16:17:54.709894,Optuna,optuna_20260607_155651,15,4,35,671,-1.3783722628850597,-8.165138119560986,-2.0412845298902464,0.7180907974893843,2998.49,1,ok,,DQN\dqn_model_optuna_trial_15
2026-06-07T16:17:57.053849,Optuna,optuna_20260607_155651,15,5,35,671,-3.9144533217353596,-12.079591441296346,-2.4159182882592694,0.6598225855698591,2999.37,1,ok,,DQN\dqn_model_optuna_trial_15
2026-06-07T16:17:59.304344,Optuna,optuna_20260607_155651,15,6,35,671,-2.0000083051829813,-14.079599746479328,-2.346599957746555,0.6015543736503338,3000.18,1,ok,,DQN\dqn_model_optuna_trial_15
2026-06-07T16:18:01.781966,Optuna,optuna_20260607_155651,15,7,35,671,-2.0196506193847688,-16.099250365864098,-2.2998929094091567,0.5432861617308086,3001.07,1,ok,,DQN\dqn_model_optuna_trial_15
2026-06-07T16:18:04.146410,Optuna,optuna_20260607_155651,15,8,35,671,-3.016110780554603,-19.1153611464187,-2.3894201433023374,0.4850179498112929,3001.95,1,ok,,DQN\dqn_model_optuna_trial_15
2026-06-07T16:18:06.456371,Optuna,optuna_20260607_155651,15,9,35,671,-1.7299088451658726,-20.845269991584573,-2.316141110176064,0.4267497378918049,3002.76,1,ok,,DQN\dqn_model_optuna_trial_15
2026-06-07T16:18:09.293744,Optuna,optuna_20260607_155651,15,10,35,671,-0.6591408715236803,-21.50441086310825,-2.150441086310825,0.3684815259723169,3003.6,1,ok,,DQN\dqn_model_optuna_trial_15
2026-06-07T16:18:12.045746,Optuna,optuna_20260607_155651,15,11,35,671,-0.930764956994235,-22.435175820102486,-2.0395614381911353,0.3102133140528289,3004.53,1,ok,,DQN\dqn_model_optuna_trial_15
2026-06-07T16:18:14.848815,Optuna,optuna_20260607_155651,15,12,35,671,-1.218519961686918,-23.653695781789406,-1.971141315149117,0.2519451021333409,3005.34,1,ok,,DQN\dqn_model_optuna_trial_15
2026-06-07T16:18:17.231095,Optuna,optuna_20260607_155651,15,13,35,671,-2.0470806072940975,-25.700776389083504,-1.9769827991602695,0.1936768902138349,3006.22,1,ok,,DQN\dqn_model_optuna_trial_15
2026-06-07T16:18:19.682026,Optuna,optuna_20260607_155651,15,14,35,671,-1.8814856134609124,-27.582262002544418,-1.9701615716103156,0.1354086782943283,3007.11,1,ok,,DQN\dqn_model_optuna_trial_15
2026-06-07T16:18:22.339571,Optuna,optuna_20260607_155651,15,15,35,671,2.131921922006342,-25.450340080538076,-1.6966893387025384,0.07714046637482166,3007.92,1,ok,,DQN\dqn_model_optuna_trial_15
2026-06-07T16:18:24.796601,Optuna,optuna_20260607_155651,15,16,35,671,-0.05345128772814142,-25.503791368266217,-1.5939869605166386,0.061093379232693305,3008.8,1,ok,,DQN\dqn_model_optuna_trial_15
2026-06-07T16:18:27.271365,Optuna,optuna_20260607_155651,15,17,35,671,-1.1613103494568495,-26.66510171772307,-1.5685353951601806,0.061093379232693305,3009.68,1,ok,,DQN\dqn_model_optuna_trial_15
2026-06-07T16:18:29.742664,Optuna,optuna_20260607_155651,15,18,35,671,-0.030756317833297835,-26.695858035556366,-1.483103224197576,0.061093379232693305,3010.5,1,ok,,DQN\dqn_model_optuna_trial_15
2026-06-07T16:18:32.238495,Optuna,optuna_20260607_155651,15,19,35,671,-0.3855086654808713,-27.081366701037236,-1.4253350895282757,0.061093379232693305,3011.38,1,ok,,DQN\dqn_model_optuna_trial_15
2026-06-07T16:18:34.756475,Optuna,optuna_20260607_155651,15,20,35,671,-0.4639445541869533,-27.54531125522419,-1.3772655627612094,0.061093379232693305,3012.26,1,ok,,DQN\dqn_model_optuna_trial_15
2026-06-07T16:18:37.562564,Optuna,optuna_20260607_155651,15,21,35,671,-0.8796041530345522,-28.42491540825874,-1.3535674003932734,0.061093379232693305,3013.14,1,ok,,DQN\dqn_model_optuna_trial_15
2026-06-07T16:18:39.981399,Optuna,optuna_20260607_155651,15,22,35,671,-1.8231397399342726,-30.248055148193014,-1.374911597645137,0.061093379232693305,3013.96,1,ok,,DQN\dqn_model_optuna_trial_15
2026-06-07T16:18:42.476490,Optuna,optuna_20260607_155651,15,23,35,671,-1.0919694349209752,-31.34002458311399,-1.362609764483217,0.061093379232693305,3014.84,1,ok,,DQN\dqn_model_optuna_trial_15
2026-06-07T16:18:45.062411,Optuna,optuna_20260607_155651,15,24,35,671,-0.4635205535922573,-31.803545136706248,-1.325147714029427,0.061093379232693305,3015.66,1,ok,,DQN\dqn_model_optuna_trial_15
2026-06-07T16:18:47.492988,Optuna,optuna_20260607_155651,15,25,35,671,-0.22534529843821535,-32.02889043514446,-1.2811556174057785,0.061093379232693305,3016.54,1,ok,,DQN\dqn_model_optuna_trial_15
2026-06-07T16:18:50.007153,Optuna,optuna_20260607_155651,15,26,35,671,-1.53133321747,-33.56022365261446,-1.2907778327928638,0.061093379232693305,3017.42,1,ok,,DQN\dqn_model_optuna_trial_15
2026-06-07T16:18:52.519982,Optuna,optuna_20260607_155651,15,27,35,671,-0.3932172552220392,-33.9534409078365,-1.257534848438389,0.061093379232693305,3018.29,1,ok,,DQN\dqn_model_optuna_trial_15
2026-06-07T16:18:55.052334,Optuna,optuna_20260607_155651,15,28,35,671,-1.6812023894426735,-35.634643297279176,-1.272665832045685,0.061093379232693305,3019.11,1,ok,,DQN\dqn_model_optuna_trial_15
2026-06-07T16:18:57.536953,Optuna,optuna_20260607_155651,15,29,35,671,0.3389210481435251,-35.29572224913565,-1.21709387065985,0.061093379232693305,3020.0,1,ok,,DQN\dqn_model_optuna_trial_15
2026-06-07T16:19:00.001099,Optuna,optuna_20260607_155651,15,30,35,671,-2.8022376259168937,-38.097959875052545,-1.2699319958350848,0.061093379232693305,3020.87,1,ok,,DQN\dqn_model_optuna_trial_15
2026-06-07T16:19:02.581326,Optuna,optuna_20260607_155651,15,31,35,671,-0.309500439751949,-38.407460314804496,-1.2389503327356288,0.061093379232693305,3021.75,1,ok,,DQN\dqn_model_optuna_trial_15
2026-06-07T16:19:05.151442,Optuna,optuna_20260607_155651,15,32,35,671,-0.5944730848353666,-39.00193339963986,-1.2188104187387456,0.061093379232693305,3022.62,1,ok,,DQN\dqn_model_optuna_trial_15
2026-06-07T16:19:07.734188,Optuna,optuna_20260607_155651,15,33,35,671,-1.0506907641196956,-40.05262416375955,-1.2137158837502895,0.061093379232693305,3023.5,1,ok,,DQN\dqn_model_optuna_trial_15
2026-06-07T16:19:10.269034,Optuna,optuna_20260607_155651,15,34,35,671,-1.2450347735289147,-41.29765893728847,-1.214637027567308,0.061093379232693305,3024.32,1,ok,,DQN\dqn_model_optuna_trial_15
2026-06-07T16:19:12.854978,Optuna,optuna_20260607_155651,15,35,35,671,-0.18998833794433825,-41.4876472752328,-1.1853613507209373,0.061093379232693305,3025.2,1,ok,,DQN\dqn_model_optuna_trial_15
2026-06-07T16:19:14.413239,Optuna,optuna_20260607_155651,16,1,35,671,-1.2698209214492415,-1.2698209214492415,-1.2698209214492415,0.8001847168078439,2995.96,1,ok,,DQN\dqn_model_optuna_trial_16
2026-06-07T16:19:16.530692,Optuna,optuna_20260607_155651,16,2,35,671,-0.4037457526931555,-1.6735666741423971,-0.8367833370711986,0.7118241573546167,2996.79,1,ok,,DQN\dqn_model_optuna_trial_16
2026-06-07T16:19:18.704524,Optuna,optuna_20260607_155651,16,3,35,671,-2.5947656936098533,-4.268332367752251,-1.4227774559174169,0.6234635979013895,2997.66,1,ok,,DQN\dqn_model_optuna_trial_16
2026-06-07T16:19:20.980955,Optuna,optuna_20260607_155651,16,4,35,671,-2.4405132446467332,-6.708845612398984,-1.677211403099746,0.5351030384481623,2998.48,1,ok,,DQN\dqn_model_optuna_trial_16
2026-06-07T16:19:23.203694,Optuna,optuna_20260607_155651,16,5,35,671,-1.416459528246371,-8.125305140645356,-1.6250610281290712,0.44674247899493513,2999.36,1,ok,,DQN\dqn_model_optuna_trial_16
2026-06-07T16:19:25.533601,Optuna,optuna_20260607_155651,16,6,35,671,-0.97556365680873,-9.100868797454085,-1.5168114662423475,0.35838191954170795,3000.24,1,ok,,DQN\dqn_model_optuna_trial_16
2026-06-07T16:19:28.070725,Optuna,optuna_20260607_155651,16,7,35,671,-1.487579882483799,-10.588448679937883,-1.5126355257054118,0.27002136008848077,3001.12,1,ok,,DQN\dqn_model_optuna_trial_16
2026-06-07T16:19:30.363124,Optuna,optuna_20260607_155651,16,8,35,671,-0.17506810791069097,-10.763516787848575,-1.3454395984810719,0.18166080063523918,3001.94,1,ok,,DQN\dqn_model_optuna_trial_16
2026-06-07T16:19:32.706337,Optuna,optuna_20260607_155651,16,9,35,671,-1.9468408632606078,-12.710357651109183,-1.4122619612343537,0.09330024118199672,3002.82,1,ok,,DQN\dqn_model_optuna_trial_16
2026-06-07T16:19:35.202072,Optuna,optuna_20260607_155651,16,10,35,671,-1.4862345601953875,-14.19659221130457,-1.4196592211304568,0.010206345349357195,3003.7,1,ok,,DQN\dqn_model_optuna_trial_16
2026-06-07T16:19:37.777375,Optuna,optuna_20260607_155651,16,11,35,671,-0.7948673628838862,-14.991459574188456,-1.3628599612898595,0.010206345349357195,3004.52,1,ok,,DQN\dqn_model_optuna_trial_16
2026-06-07T16:19:40.221498,Optuna,optuna_20260607_155651,16,12,35,671,0.5393444458848597,-14.452115128303596,-1.204342927358633,0.010206345349357195,3005.39,1,ok,,DQN\dqn_model_optuna_trial_16
2026-06-07T16:19:42.718396,Optuna,optuna_20260607_155651,16,13,35,671,-0.30320116885241366,-14.75531629715601,-1.1350243305504624,0.010206345349357195,3006.28,1,ok,,DQN\dqn_model_optuna_trial_16
2026-06-07T16:19:45.254845,Optuna,optuna_20260607_155651,16,14,35,671,-1.0923121565271388,-15.84762845368315,-1.131973460977368,0.010206345349357195,3007.16,1,ok,,DQN\dqn_model_optuna_trial_16
2026-06-07T16:19:47.622013,Optuna,optuna_20260607_155651,16,15,35,671,-0.5044982466477423,-16.352126700330892,-1.0901417800220594,0.010206345349357195,3007.97,1,ok,,DQN\dqn_model_optuna_trial_16
2026-06-07T16:19:50.093147,Optuna,optuna_20260607_155651,16,16,35,671,-1.4723989531635306,-17.824525653494423,-1.1140328533434014,0.010206345349357195,3008.86,1,ok,,DQN\dqn_model_optuna_trial_16
2026-06-07T16:19:52.547266,Optuna,optuna_20260607_155651,16,17,35,671,0.30703257197821965,-17.517493081516204,-1.0304407695009532,0.010206345349357195,3009.68,1,ok,,DQN\dqn_model_optuna_trial_16
2026-06-07T16:19:54.986809,Optuna,optuna_20260607_155651,16,18,35,671,-0.23630964190637788,-17.75380272342258,-0.9863223735234767,0.010206345349357195,3010.55,1,ok,,DQN\dqn_model_optuna_trial_16
2026-06-07T16:19:57.466703,Optuna,optuna_20260607_155651,16,19,35,671,-0.7894248688503255,-18.543227592272906,-0.9759593469617319,0.010206345349357195,3011.43,1,ok,,DQN\dqn_model_optuna_trial_16
2026-06-07T16:19:59.952429,Optuna,optuna_20260607_155651,16,20,35,671,-0.7203040676117188,-19.263531659884624,-0.9631765829942311,0.010206345349357195,3012.32,1,ok,,DQN\dqn_model_optuna_trial_16
2026-06-07T16:20:02.503041,Optuna,optuna_20260607_155651,16,21,35,671,0.5447116218765625,-18.71882003800806,-0.8913723827622887,0.010206345349357195,3013.13,1,ok,,DQN\dqn_model_optuna_trial_16
2026-06-07T16:20:05.006853,Optuna,optuna_20260607_155651,16,22,35,671,0.5307702841349455,-18.188049753873116,-0.8267295342669598,0.010206345349357195,3014.01,1,ok,,DQN\dqn_model_optuna_trial_16
2026-06-07T16:20:07.497402,Optuna,optuna_20260607_155651,16,23,35,671,0.059783427893906164,-18.12826632597921,-0.7881854924338788,0.010206345349357195,3014.83,1,ok,,DQN\dqn_model_optuna_trial_16
2026-06-07T16:20:09.975072,Optuna,optuna_20260607_155651,16,24,35,671,-1.5741155175770178,-19.70238184355623,-0.8209325768148429,0.010206345349357195,3015.71,1,ok,,DQN\dqn_model_optuna_trial_16
2026-06-07T16:20:12.475450,Optuna,optuna_20260607_155651,16,25,35,671,-2.363840542375506,-22.066222385931734,-0.8826488954372693,0.010206345349357195,3016.59,1,ok,,DQN\dqn_model_optuna_trial_16
2026-06-07T16:20:14.942278,Optuna,optuna_20260607_155651,16,26,35,671,-0.7922025121874415,-22.858424898119175,-0.879170188389199,0.010206345349357195,3017.47,1,ok,,DQN\dqn_model_optuna_trial_16
2026-06-07T16:20:17.651659,Optuna,optuna_20260607_155651,16,27,35,671,1.191963012534925,-21.66646188558425,-0.8024615513179353,0.010206345349357195,3018.29,1,ok,,DQN\dqn_model_optuna_trial_16
2026-06-07T16:20:20.176304,Optuna,optuna_20260607_155651,16,28,35,671,-0.4596837725212338,-22.126145658105486,-0.7902194877894816,0.010206345349357195,3019.17,1,ok,,DQN\dqn_model_optuna_trial_16
2026-06-07T16:20:22.755712,Optuna,optuna_20260607_155651,16,29,35,671,-2.294788957535663,-24.420934615641148,-0.8421011936427982,0.010206345349357195,3019.99,1,ok,,DQN\dqn_model_optuna_trial_16
2026-06-07T16:20:25.177743,Optuna,optuna_20260607_155651,16,30,35,671,-0.952418932173742,-25.37335354781489,-0.8457784515938297,0.010206345349357195,3020.86,1,ok,,DQN\dqn_model_optuna_trial_16
2026-06-07T16:20:27.643016,Optuna,optuna_20260607_155651,16,31,35,671,-0.305331975471719,-25.67868552328661,-0.828344694299568,0.010206345349357195,3021.75,1,ok,,DQN\dqn_model_optuna_trial_16
2026-06-07T16:20:30.091826,Optuna,optuna_20260607_155651,16,32,35,671,0.13308977151953108,-25.545595751767078,-0.7982998672427212,0.010206345349357195,3022.62,1,ok,,DQN\dqn_model_optuna_trial_16
2026-06-07T16:20:32.581688,Optuna,optuna_20260607_155651,16,33,35,671,-1.871816831157557,-27.417412582924634,-0.8308306843310495,0.010206345349357195,3023.44,1,ok,,DQN\dqn_model_optuna_trial_16
2026-06-07T16:20:35.075927,Optuna,optuna_20260607_155651,16,34,35,671,0.4807842883793177,-26.936628294545315,-0.7922537733689798,0.010206345349357195,3024.32,1,ok,,DQN\dqn_model_optuna_trial_16
2026-06-07T16:20:37.550708,Optuna,optuna_20260607_155651,16,35,35,671,-1.5507382353030115,-28.487366529848327,-0.8139247579956664,0.010206345349357195,3025.2,1,ok,,DQN\dqn_model_optuna_trial_16
2026-06-07T16:20:39.088751,Optuna,optuna_20260607_155651,17,1,35,671,-3.4564628260432424,-3.4564628260432424,-3.4564628260432424,0.9352480070268159,2995.97,1,ok,,DQN\dqn_model_optuna_trial_17
2026-06-07T16:20:41.173022,Optuna,optuna_20260607_155651,17,2,35,671,-4.957511498870591,-8.413974324913834,-4.206987162456917,0.9005912881133145,2996.79,1,ok,,DQN\dqn_model_optuna_trial_17
2026-06-07T16:20:43.381588,Optuna,optuna_20260607_155651,17,3,35,671,-2.5128393438903958,-10.926813668804229,-3.642271222934743,0.865934569199813,2997.67,1,ok,,DQN\dqn_model_optuna_trial_17
2026-06-07T16:20:45.556038,Optuna,optuna_20260607_155651,17,4,35,671,-1.3755771554877108,-12.30239082429194,-3.075597706072985,0.8312778502863116,2998.49,1,ok,,DQN\dqn_model_optuna_trial_17
2026-06-07T16:20:47.720947,Optuna,optuna_20260607_155651,17,5,35,671,-3.126750947404118,-15.42914177169606,-3.085828354339212,0.7966211313728102,2999.37,1,ok,,DQN\dqn_model_optuna_trial_17
2026-06-07T16:20:49.882665,Optuna,optuna_20260607_155651,17,6,35,671,-3.0719682320175776,-18.501110003713638,-3.083518333952273,0.7619644124593088,3000.25,1,ok,,DQN\dqn_model_optuna_trial_17
2026-06-07T16:20:50.555031,Optuna,optuna_20260607_155651,18,1,35,671,-2.3807790398152098,-2.3807790398152098,-2.3807790398152098,0.9229069818737867,2997.3,1,ok,,DQN\dqn_model_optuna_trial_18
2026-06-07T16:20:53.054370,Optuna,optuna_20260607_155651,18,2,35,671,-1.9727767262419729,-4.353555766057182,-2.176777883028591,0.9192491310998175,2998.12,1,ok,,DQN\dqn_model_optuna_trial_18
2026-06-07T16:20:55.570113,Optuna,optuna_20260607_155651,18,3,35,671,-0.9506085154595413,-5.304164281516724,-1.7680547605055745,0.9155912803258484,2999.0,1,ok,,DQN\dqn_model_optuna_trial_18
2026-06-07T16:20:58.129870,Optuna,optuna_20260607_155651,18,4,35,671,-1.8573743727127525,-7.161538654229476,-1.790384663557369,0.9119334295518792,2999.88,1,ok,,DQN\dqn_model_optuna_trial_18
2026-06-07T16:21:00.678226,Optuna,optuna_20260607_155651,18,5,35,671,-2.523929905991626,-9.685468560221102,-1.9370937120442204,0.90827557877791,3000.76,1,ok,,DQN\dqn_model_optuna_trial_18
2026-06-07T16:21:03.296593,Optuna,optuna_20260607_155651,18,6,35,671,-3.0004931187909554,-12.685961679012056,-2.1143269465020094,0.9046177280039408,3001.57,1,ok,,DQN\dqn_model_optuna_trial_18
2026-06-07T16:21:05.831628,Optuna,optuna_20260607_155651,18,7,35,671,-4.817145033625998,-17.503106712638054,-2.5004438160911504,0.9009598772299716,3002.46,1,ok,,DQN\dqn_model_optuna_trial_18
2026-06-07T16:21:08.431086,Optuna,optuna_20260607_155651,18,8,35,671,-1.6858237505514897,-19.188930463189543,-2.398616307898693,0.8973020264560024,3003.28,1,ok,,DQN\dqn_model_optuna_trial_18
2026-06-07T16:21:11.002104,Optuna,optuna_20260607_155651,18,9,35,671,-0.5726358710146662,-19.761566334204208,-2.1957295926893563,0.8936441756820332,3004.15,1,ok,,DQN\dqn_model_optuna_trial_18
2026-06-07T16:21:12.349137,Optuna,optuna_20260607_155651,19,1,35,671,-2.49571321246392,-2.49571321246392,-2.49571321246392,0.8452538065041022,3010.55,1,ok,,DQN\dqn_model_optuna_trial_19
2026-06-07T16:21:14.682564,Optuna,optuna_20260607_155651,19,2,35,671,-2.4469683786120364,-4.9426815910759565,-2.4713407955379783,0.7856025897692087,3011.44,1,ok,,DQN\dqn_model_optuna_trial_19
2026-06-07T16:21:17.076554,Optuna,optuna_20260607_155651,19,3,35,671,-1.4165916227333815,-6.359273213809338,-2.119757737936446,0.7259513730343152,3012.31,1,ok,,DQN\dqn_model_optuna_trial_19
2026-06-07T16:21:19.485702,Optuna,optuna_20260607_155651,19,4,35,671,-1.3893192589205998,-7.748592472729938,-1.9371481181824846,0.6663001562994217,3013.13,1,ok,,DQN\dqn_model_optuna_trial_19
2026-06-07T16:21:21.956140,Optuna,optuna_20260607_155651,19,5,35,671,-3.5525206305400845,-11.301113103270023,-2.2602226206540044,0.6066489395645283,3014.02,1,ok,,DQN\dqn_model_optuna_trial_19
2026-06-07T16:21:24.424802,Optuna,optuna_20260607_155651,19,6,35,671,-1.333668618370305,-12.634781721640328,-2.1057969536067214,0.5469977228296348,3014.89,1,ok,,DQN\dqn_model_optuna_trial_19
2026-06-07T16:21:26.938764,Optuna,optuna_20260607_155651,19,7,35,671,-0.6079705357251899,-13.242752257365519,-1.8918217510522168,0.48734650609473334,3015.71,1,ok,,DQN\dqn_model_optuna_trial_19
2026-06-07T16:21:28.456585,Optuna,optuna_20260607_155651,20,1,35,671,-3.35830848813925,-3.35830848813925,-3.35830848813925,0.7713699097814506,3004.32,1,ok,,DQN\dqn_model_optuna_trial_20
2026-06-07T16:21:30.382869,Optuna,optuna_20260607_155651,20,2,35,671,-1.055289313515159,-4.413597801654409,-2.2067989008272044,0.6930553783967188,3005.21,1,ok,,DQN\dqn_model_optuna_trial_20
2026-06-07T16:21:32.298931,Optuna,optuna_20260607_155651,20,3,35,671,-1.947728308931075,-6.361326110585484,-2.120442036861828,0.6147408470119871,3006.02,1,ok,,DQN\dqn_model_optuna_trial_20
2026-06-07T16:21:34.275102,Optuna,optuna_20260607_155651,20,4,35,671,-2.072132197258647,-8.43345830784413,-2.1083645769610326,0.5364263156272553,3006.9,1,ok,,DQN\dqn_model_optuna_trial_20
2026-06-07T16:21:36.242711,Optuna,optuna_20260607_155651,20,5,35,671,-0.5540015927084211,-8.987459900552551,-1.7974919801105103,0.4581117842425036,3007.79,1,ok,,DQN\dqn_model_optuna_trial_20
2026-06-07T16:21:38.262355,Optuna,optuna_20260607_155651,20,6,35,671,-3.3873801527733276,-12.37484005332588,-2.0624733422209798,0.3797972528577346,3008.6,1,ok,,DQN\dqn_model_optuna_trial_20
2026-06-07T16:21:40.304877,Optuna,optuna_20260607_155651,20,7,35,671,-1.6718598999286516,-14.046699953254532,-2.0066714218935044,0.30148272147296556,3009.48,1,ok,,DQN\dqn_model_optuna_trial_20
2026-06-07T16:21:42.334135,Optuna,optuna_20260607_155651,20,8,35,671,-0.7241517137196627,-14.770851666974194,-1.8463564583717742,0.22316819008820293,3010.36,1,ok,,DQN\dqn_model_optuna_trial_20
2026-06-07T16:21:44.542312,Optuna,optuna_20260607_155651,20,9,35,671,-0.27035238355257774,-15.04120405052677,-1.6712448945029745,0.14485365870345254,3011.18,1,ok,,DQN\dqn_model_optuna_trial_20
2026-06-07T16:21:46.694563,Optuna,optuna_20260607_155651,20,10,35,671,-0.21557338888054695,-15.256777439407317,-1.5256777439407316,0.06653912731870215,3012.06,1,ok,,DQN\dqn_model_optuna_trial_20
2026-06-07T16:21:48.788596,Optuna,optuna_20260607_155651,20,11,35,671,-2.560531053966809,-17.817308493374128,-1.6197553175794661,0.0136997855277926,3012.94,1,ok,,DQN\dqn_model_optuna_trial_20
2026-06-07T16:21:50.968004,Optuna,optuna_20260607_155651,20,12,35,671,-0.3938677915637255,-18.211176284937853,-1.517598023744821,0.0136997855277926,3013.75,1,ok,,DQN\dqn_model_optuna_trial_20
2026-06-07T16:21:53.129710,Optuna,optuna_20260607_155651,20,13,35,671,-1.0447008491470315,-19.255877134084884,-1.4812213180065295,0.0136997855277926,3014.64,1,ok,,DQN\dqn_model_optuna_trial_20
2026-06-07T16:21:55.322538,Optuna,optuna_20260607_155651,20,14,35,671,-0.31591919606438773,-19.571796330149272,-1.3979854521535195,0.0136997855277926,3015.52,1,ok,,DQN\dqn_model_optuna_trial_20
2026-06-07T16:21:57.524519,Optuna,optuna_20260607_155651,20,15,35,671,-1.36346135262379,-20.935257682773063,-1.3956838455182041,0.0136997855277926,3016.33,1,ok,,DQN\dqn_model_optuna_trial_20
2026-06-07T16:21:59.756764,Optuna,optuna_20260607_155651,20,16,35,671,-1.5061995446861285,-22.441457227459193,-1.4025910767161995,0.0136997855277926,3017.21,1,ok,,DQN\dqn_model_optuna_trial_20
2026-06-07T16:22:01.976852,Optuna,optuna_20260607_155651,20,17,35,671,-1.0146688356934586,-23.456126063152652,-1.3797721213619207,0.0136997855277926,3018.1,1,ok,,DQN\dqn_model_optuna_trial_20
2026-06-07T16:22:04.267152,Optuna,optuna_20260607_155651,20,18,35,671,-1.692462324396117,-25.14858838754877,-1.397143799308265,0.0136997855277926,3018.91,1,ok,,DQN\dqn_model_optuna_trial_20
2026-06-07T16:22:06.550745,Optuna,optuna_20260607_155651,20,19,35,671,0.43466655082405387,-24.713921836724715,-1.3007327282486691,0.0136997855277926,3019.79,1,ok,,DQN\dqn_model_optuna_trial_20
2026-06-07T16:22:08.838224,Optuna,optuna_20260607_155651,20,20,35,671,-3.0390031083505376,-27.752924945075254,-1.3876462472537627,0.0136997855277926,3020.68,1,ok,,DQN\dqn_model_optuna_trial_20
2026-06-07T16:22:11.116785,Optuna,optuna_20260607_155651,20,21,35,671,-0.42858961951049374,-28.181514564585747,-1.3419768840278927,0.0136997855277926,3021.55,1,ok,,DQN\dqn_model_optuna_trial_20
2026-06-07T16:22:13.384529,Optuna,optuna_20260607_155651,20,22,35,671,5.54005448880936,-22.641460075776386,-1.0291572761716539,0.0136997855277926,3022.37,1,ok,,DQN\dqn_model_optuna_trial_20
2026-06-07T16:22:15.690276,Optuna,optuna_20260607_155651,20,23,35,671,0.13474447904037423,-22.50671559673601,-0.9785528520320005,0.0136997855277926,3023.25,1,ok,,DQN\dqn_model_optuna_trial_20
2026-06-07T16:22:17.959989,Optuna,optuna_20260607_155651,20,24,35,671,-0.07884037847416128,-22.585555975210173,-0.9410648323004239,0.0136997855277926,3024.13,1,ok,,DQN\dqn_model_optuna_trial_20
2026-06-07T16:22:20.201276,Optuna,optuna_20260607_155651,20,25,35,671,-1.3215409316533708,-23.907096906863543,-0.9562838762745417,0.0136997855277926,3024.95,1,ok,,DQN\dqn_model_optuna_trial_20
2026-06-07T16:22:22.579905,Optuna,optuna_20260607_155651,20,26,35,671,-1.4184936096184018,-25.325590516481945,-0.974061173710844,0.0136997855277926,3025.89,1,ok,,DQN\dqn_model_optuna_trial_20
2026-06-07T16:22:24.975409,Optuna,optuna_20260607_155651,20,27,35,671,0.11549258648132794,-25.210097930000618,-0.9337073307407636,0.0136997855277926,3026.77,1,ok,,DQN\dqn_model_optuna_trial_20
2026-06-07T16:22:27.339695,Optuna,optuna_20260607_155651,20,28,35,671,1.4088981160506933,-23.801199813949925,-0.8500428504982116,0.0136997855277926,3027.58,1,ok,,DQN\dqn_model_optuna_trial_20
2026-06-07T16:22:29.695840,Optuna,optuna_20260607_155651,20,29,35,671,-1.5530466639147162,-25.354246477864642,-0.8742843613056773,0.0136997855277926,3028.46,1,ok,,DQN\dqn_model_optuna_trial_20
2026-06-07T16:22:32.047356,Optuna,optuna_20260607_155651,20,30,35,671,-0.1613192811418164,-25.51556575900646,-0.8505188586335487,0.0136997855277926,3029.34,1,ok,,DQN\dqn_model_optuna_trial_20
2026-06-07T16:22:34.427913,Optuna,optuna_20260607_155651,20,31,35,671,-0.0026552507728539324,-25.518221009779314,-0.8231684196703004,0.0136997855277926,3030.15,1,ok,,DQN\dqn_model_optuna_trial_20
2026-06-07T16:22:36.826610,Optuna,optuna_20260607_155651,20,32,35,671,-1.2566613805527473,-26.77488239033206,-0.8367150746978769,0.0136997855277926,3031.03,1,ok,,DQN\dqn_model_optuna_trial_20
2026-06-07T16:22:39.186682,Optuna,optuna_20260607_155651,20,33,35,671,0.17404478338679955,-26.60083760694526,-0.8060859880892502,0.0136997855277926,3031.91,1,ok,,DQN\dqn_model_optuna_trial_20
2026-06-07T16:22:41.590870,Optuna,optuna_20260607_155651,20,34,35,671,-0.9136551233812942,-27.514492730326552,-0.809249786186075,0.0136997855277926,3032.72,1,ok,,DQN\dqn_model_optuna_trial_20
2026-06-07T16:22:44.023041,Optuna,optuna_20260607_155651,20,35,35,671,-1.949133174393166,-29.463625904719716,-0.8418178829919919,0.0136997855277926,3033.6,1,ok,,DQN\dqn_model_optuna_trial_20
2026-06-07T16:22:45.618901,Optuna,optuna_20260607_155651,21,1,35,671,-3.206344161790339,-3.206344161790339,-3.206344161790339,0.7623819332316548,3004.5,1,ok,,DQN\dqn_model_optuna_trial_21
2026-06-07T16:22:47.612686,Optuna,optuna_20260607_155651,21,2,35,671,-2.6764889802337524,-5.882833142024092,-2.941416571012046,0.6773605892252014,3005.39,1,ok,,DQN\dqn_model_optuna_trial_21
2026-06-07T16:22:49.655257,Optuna,optuna_20260607_155651,21,3,35,671,-0.10880715339853637,-5.991640295422628,-1.9972134318075427,0.5923392452187479,3006.2,1,ok,,DQN\dqn_model_optuna_trial_21
2026-06-07T16:22:51.773075,Optuna,optuna_20260607_155651,21,4,35,671,-0.7886290295847204,-6.780269325007349,-1.6950673312518372,0.5073179012122945,3007.08,1,ok,,DQN\dqn_model_optuna_trial_21
2026-06-07T16:22:53.864069,Optuna,optuna_20260607_155651,21,5,35,671,-0.3976944629059991,-7.177963787913348,-1.4355927575826697,0.422296557205841,3007.96,1,ok,,DQN\dqn_model_optuna_trial_21
2026-06-07T16:22:55.963903,Optuna,optuna_20260607_155651,21,6,35,671,-3.6256734741321894,-10.803637262045537,-1.8006062103409228,0.3372752131993876,3008.84,1,ok,,DQN\dqn_model_optuna_trial_21
2026-06-07T16:22:58.118061,Optuna,optuna_20260607_155651,21,7,35,671,-1.111866015514442,-11.91550327755998,-1.70221475393714,0.25225386919293413,3009.66,1,ok,,DQN\dqn_model_optuna_trial_21
2026-06-07T16:23:00.302160,Optuna,optuna_20260607_155651,21,8,35,671,-1.5307653050586274,-13.446268582618607,-1.680783572827326,0.16723252518649884,3010.54,1,ok,,DQN\dqn_model_optuna_trial_21
2026-06-07T16:23:02.579511,Optuna,optuna_20260607_155651,21,9,35,671,-1.1124154949340703,-14.558684077552678,-1.6176315641725199,0.08221118118006401,3011.36,1,ok,,DQN\dqn_model_optuna_trial_21
2026-06-07T16:23:04.849396,Optuna,optuna_20260607_155651,21,10,35,671,-0.11055498575333883,-14.669239063306017,-1.4669239063306017,0.012803440782630463,3012.24,1,ok,,DQN\dqn_model_optuna_trial_21
2026-06-07T16:23:07.061618,Optuna,optuna_20260607_155651,21,11,35,671,-0.4929511529106904,-15.162190216216707,-1.3783809287469735,0.012803440782630463,3013.12,1,ok,,DQN\dqn_model_optuna_trial_21
2026-06-07T16:23:09.358281,Optuna,optuna_20260607_155651,21,12,35,671,-0.9281285956247202,-16.090318811841428,-1.3408599009867856,0.012803440782630463,3014.0,1,ok,,DQN\dqn_model_optuna_trial_21
2026-06-07T16:23:11.642181,Optuna,optuna_20260607_155651,21,13,35,671,-0.3433440247712539,-16.433662836612683,-1.264127910508668,0.012803440782630463,3014.82,1,ok,,DQN\dqn_model_optuna_trial_21
2026-06-07T16:23:13.925809,Optuna,optuna_20260607_155651,21,14,35,671,-1.490343723523767,-17.92400656013645,-1.2802861828668894,0.012803440782630463,3015.7,1,ok,,DQN\dqn_model_optuna_trial_21
2026-06-07T16:23:16.216837,Optuna,optuna_20260607_155651,21,15,35,671,0.5261631368455635,-17.397843423290887,-1.1598562282193925,0.012803440782630463,3016.57,1,ok,,DQN\dqn_model_optuna_trial_21
2026-06-07T16:23:18.510794,Optuna,optuna_20260607_155651,21,16,35,671,0.04757722963651718,-17.35026619365437,-1.0843916371033981,0.012803440782630463,3017.39,1,ok,,DQN\dqn_model_optuna_trial_21
2026-06-07T16:23:20.764889,Optuna,optuna_20260607_155651,21,17,35,671,-1.2214809051049187,-18.57174709875929,-1.0924557116917228,0.012803440782630463,3018.26,1,ok,,DQN\dqn_model_optuna_trial_21
2026-06-07T16:23:23.068137,Optuna,optuna_20260607_155651,21,18,35,671,-1.068203965824371,-19.63995106458366,-1.0911083924768699,0.012803440782630463,3019.15,1,ok,,DQN\dqn_model_optuna_trial_21
2026-06-07T16:23:25.333882,Optuna,optuna_20260607_155651,21,19,35,671,-1.3813131716331657,-21.021264236216826,-1.1063823282219383,0.012803440782630463,3019.97,1,ok,,DQN\dqn_model_optuna_trial_21
2026-06-07T16:23:27.650875,Optuna,optuna_20260607_155651,21,20,35,671,-0.3932396227221384,-21.414503858938964,-1.0707251929469481,0.012803440782630463,3020.86,1,ok,,DQN\dqn_model_optuna_trial_21
2026-06-07T16:23:29.949782,Optuna,optuna_20260607_155651,21,21,35,671,-1.1796719003507237,-22.594175759289687,-1.075913131394747,0.012803440782630463,3021.73,1,ok,,DQN\dqn_model_optuna_trial_21
2026-06-07T16:23:32.222167,Optuna,optuna_20260607_155651,21,22,35,671,-0.08562656911760849,-22.679802328407295,-1.0309001058366951,0.012803440782630463,3022.55,1,ok,,DQN\dqn_model_optuna_trial_21
2026-06-07T16:23:34.571355,Optuna,optuna_20260607_155651,21,23,35,671,-0.4701968041657892,-23.149999132573083,-1.0065217014162209,0.012803440782630463,3023.43,1,ok,,DQN\dqn_model_optuna_trial_21
2026-06-07T16:23:36.868480,Optuna,optuna_20260607_155651,21,24,35,671,0.4271971668216653,-22.72280196575142,-0.9467834152396425,0.012803440782630463,3024.31,1,ok,,DQN\dqn_model_optuna_trial_21
2026-06-07T16:23:39.201468,Optuna,optuna_20260607_155651,21,25,35,671,-1.5339756921869978,-24.256777657938418,-0.9702711063175368,0.012803440782630463,3025.13,1,ok,,DQN\dqn_model_optuna_trial_21
2026-06-07T16:23:41.554291,Optuna,optuna_20260607_155651,21,26,35,671,-0.6330832792517028,-24.88986093719012,-0.9573023437380817,0.012803440782630463,3026.07,1,ok,,DQN\dqn_model_optuna_trial_21
2026-06-07T16:23:44.011681,Optuna,optuna_20260607_155651,21,27,35,671,0.49621637127574586,-24.393644565914375,-0.903468317256088,0.012803440782630463,3026.95,1,ok,,DQN\dqn_model_optuna_trial_21
2026-06-07T16:23:46.408544,Optuna,optuna_20260607_155651,21,28,35,671,0.3062196586651267,-24.087424907249247,-0.8602651752589017,0.012803440782630463,3027.76,1,ok,,DQN\dqn_model_optuna_trial_21
2026-06-07T16:23:48.760902,Optuna,optuna_20260607_155651,21,29,35,671,-0.714211222150731,-24.801636129399977,-0.855228832048275,0.012803440782630463,3028.64,1,ok,,DQN\dqn_model_optuna_trial_21
2026-06-07T16:23:51.112990,Optuna,optuna_20260607_155651,21,30,35,671,-2.2110303069410895,-27.012666436341068,-0.9004222145447023,0.012803440782630463,3029.52,1,ok,,DQN\dqn_model_optuna_trial_21
2026-06-07T16:23:53.516021,Optuna,optuna_20260607_155651,21,31,35,671,-1.0130652365181134,-28.02573167285918,-0.9040558604148122,0.012803440782630463,3030.36,1,ok,,DQN\dqn_model_optuna_trial_21
2026-06-07T16:23:55.889913,Optuna,optuna_20260607_155651,21,32,35,671,-1.294665732081884,-29.320397404941065,-0.9162624189044083,0.012803440782630463,3031.21,1,ok,,DQN\dqn_model_optuna_trial_21
2026-06-07T16:23:58.303405,Optuna,optuna_20260607_155651,21,33,35,671,-0.3580356028026194,-29.678433007743685,-0.8993464547801117,0.012803440782630463,3025.36,1,ok,,DQN\dqn_model_optuna_trial_21
2026-06-07T16:24:00.683456,Optuna,optuna_20260607_155651,21,34,35,671,-1.5884673587738938,-31.26690036651758,-0.9196147166622817,0.012803440782630463,3026.18,1,ok,,DQN\dqn_model_optuna_trial_21
2026-06-07T16:24:03.096384,Optuna,optuna_20260607_155651,21,35,35,671,0.143135357628781,-31.123765008888796,-0.8892504288253942,0.012803440782630463,3027.05,1,ok,,DQN\dqn_model_optuna_trial_21
2026-06-07T16:24:04.657264,Optuna,optuna_20260607_155651,22,1,35,671,-1.556147730812651,-1.556147730812651,-1.556147730812651,0.800183654700221,2997.83,1,ok,,DQN\dqn_model_optuna_trial_22
2026-06-07T16:24:06.477572,Optuna,optuna_20260607_155651,22,2,35,671,-1.276371170087028,-2.8325189008996787,-1.4162594504498394,0.7665423427550695,2998.65,1,ok,,DQN\dqn_model_optuna_trial_22
2026-06-07T16:24:08.365772,Optuna,optuna_20260607_155651,22,3,35,671,-2.6558176176120116,-5.488336518511691,-1.8294455061705637,0.732901030809918,2999.52,1,ok,,DQN\dqn_model_optuna_trial_22
2026-06-07T16:24:10.321026,Optuna,optuna_20260607_155651,22,4,35,671,-0.9983146048063786,-6.48665112331807,-1.6216627808295174,0.6992597188647665,3000.41,1,ok,,DQN\dqn_model_optuna_trial_22
2026-06-07T16:24:12.244529,Optuna,optuna_20260607_155651,22,5,35,671,-2.435732978004841,-8.92238410132291,-1.784476820264582,0.6656184069196149,3001.29,1,ok,,DQN\dqn_model_optuna_trial_22
2026-06-07T16:24:14.213379,Optuna,optuna_20260607_155651,22,6,35,671,-1.6999300099471872,-10.622314111270097,-1.7703856852116828,0.6319770949744634,3002.1,1,ok,,DQN\dqn_model_optuna_trial_22
2026-06-07T16:24:16.230001,Optuna,optuna_20260607_155651,22,7,35,671,-0.8013145425167933,-11.42362865378689,-1.6319469505409843,0.5983357830293119,3002.98,1,ok,,DQN\dqn_model_optuna_trial_22
2026-06-07T16:24:18.226437,Optuna,optuna_20260607_155651,22,8,35,671,-0.48515934147573164,-11.908787995262623,-1.4885984994078278,0.5646944710841604,3003.8,1,ok,,DQN\dqn_model_optuna_trial_22
2026-06-07T16:24:20.193970,Optuna,optuna_20260607_155651,22,9,35,671,-1.2762806207649262,-13.185068616027548,-1.465007624003061,0.5310531591390089,3004.68,1,ok,,DQN\dqn_model_optuna_trial_22
2026-06-07T16:24:22.211066,Optuna,optuna_20260607_155651,22,10,35,671,-1.6901737807870876,-14.875242396814636,-1.4875242396814636,0.49741184719385734,3005.52,1,ok,,DQN\dqn_model_optuna_trial_22
2026-06-07T16:24:24.260520,Optuna,optuna_20260607_155651,22,11,35,671,-2.8259028119714986,-17.701145208786134,-1.6091950189805575,0.4637705352487058,3006.45,1,ok,,DQN\dqn_model_optuna_trial_22
2026-06-07T16:24:26.528572,Optuna,optuna_20260607_155651,22,12,35,671,-1.0047540037470593,-18.705899212533193,-1.558824934377766,0.4301292233035543,3007.26,1,ok,,DQN\dqn_model_optuna_trial_22
2026-06-07T16:24:28.730360,Optuna,optuna_20260607_155651,22,13,35,671,-2.3356611520335555,-21.04156036456675,-1.6185815665051346,0.3964879113584028,3008.14,1,ok,,DQN\dqn_model_optuna_trial_22
2026-06-07T16:24:30.768812,Optuna,optuna_20260607_155651,22,14,35,671,-0.7477131608619944,-21.789273525428744,-1.5563766803877674,0.36284659941325126,3008.96,1,ok,,DQN\dqn_model_optuna_trial_22
2026-06-07T16:24:32.796066,Optuna,optuna_20260607_155651,22,15,35,671,-0.6591908959362378,-22.44846442136498,-1.4965642947576654,0.32920528746809974,3009.84,1,ok,,DQN\dqn_model_optuna_trial_22
2026-06-07T16:24:34.863965,Optuna,optuna_20260607_155651,22,16,35,671,-2.775214701466522,-25.223679122831502,-1.5764799451769689,0.2955639755229482,3010.72,1,ok,,DQN\dqn_model_optuna_trial_22
2026-06-07T16:24:36.931348,Optuna,optuna_20260607_155651,22,17,35,671,-1.8326822283613453,-27.056361351192848,-1.5915506677172264,0.2619226635777967,3011.6,1,ok,,DQN\dqn_model_optuna_trial_22
2026-06-07T16:24:38.459326,Optuna,optuna_20260607_155651,23,1,35,671,-4.509375056681722,-4.509375056681722,-4.509375056681722,0.8125742551775783,2998.95,1,ok,,DQN\dqn_model_optuna_trial_23
2026-06-07T16:24:40.549664,Optuna,optuna_20260607_155651,23,2,35,671,-0.16270747390817505,-4.672082530589897,-2.3360412652949485,0.7355858640652372,2999.83,1,ok,,DQN\dqn_model_optuna_trial_23
2026-06-07T16:24:42.742932,Optuna,optuna_20260607_155651,23,3,35,671,-0.9346870357797387,-5.6067695663696355,-1.8689231887898785,0.6585974729528961,2998.91,1,ok,,DQN\dqn_model_optuna_trial_23
2026-06-07T16:24:44.946537,Optuna,optuna_20260607_155651,23,4,35,671,-1.2395389806134134,-6.846308546983049,-1.7115771367457622,0.5816090818405549,2999.73,1,ok,,DQN\dqn_model_optuna_trial_23
2026-06-07T16:24:47.147201,Optuna,optuna_20260607_155651,23,5,35,671,-2.5443891761175084,-9.390697723100557,-1.8781395446201112,0.5046206907282138,3000.55,1,ok,,DQN\dqn_model_optuna_trial_23
2026-06-07T16:24:49.349536,Optuna,optuna_20260607_155651,23,6,35,671,-0.6725998130584762,-10.063297536159032,-1.6772162560265054,0.4276322996159077,3001.42,1,ok,,DQN\dqn_model_optuna_trial_23
2026-06-07T16:24:51.565849,Optuna,optuna_20260607_155651,23,7,35,671,-1.749669359642982,-11.812966895802013,-1.6875666994002876,0.35064390850360383,3002.3,1,ok,,DQN\dqn_model_optuna_trial_23
2026-06-07T16:24:53.818583,Optuna,optuna_20260607_155651,23,8,35,671,-2.0242509178953623,-13.837217813697375,-1.729652226712172,0.27365551739129995,3003.19,1,ok,,DQN\dqn_model_optuna_trial_23
2026-06-07T16:24:56.113532,Optuna,optuna_20260607_155651,23,9,35,671,-0.4827686153272617,-14.319986429024636,-1.5911096032249596,0.19666712627899607,3004.06,1,ok,,DQN\dqn_model_optuna_trial_23
2026-06-07T16:24:58.394105,Optuna,optuna_20260607_155651,23,10,35,671,0.2060310037061917,-14.113955425318444,-1.4113955425318445,0.11967873516669154,3004.88,1,ok,,DQN\dqn_model_optuna_trial_23
2026-06-07T16:25:00.719845,Optuna,optuna_20260607_155651,23,11,35,671,0.11427487893021382,-13.99968054638823,-1.2726982314898392,0.042690344054378354,3005.7,1,ok,,DQN\dqn_model_optuna_trial_23
2026-06-07T16:25:03.007777,Optuna,optuna_20260607_155651,23,12,35,671,-0.8027151054960366,-14.802395651884266,-1.2335329709903555,0.040351880581050104,3006.58,1,ok,,DQN\dqn_model_optuna_trial_23
2026-06-07T16:25:05.348292,Optuna,optuna_20260607_155651,23,13,35,671,-0.3807095352139316,-15.183105187098198,-1.1679311682383229,0.040351880581050104,3007.46,1,ok,,DQN\dqn_model_optuna_trial_23
2026-06-07T16:25:07.632659,Optuna,optuna_20260607_155651,23,14,35,671,-1.7287771752165264,-16.911882362314724,-1.2079915973081945,0.040351880581050104,3008.34,1,ok,,DQN\dqn_model_optuna_trial_23
2026-06-07T16:25:09.962530,Optuna,optuna_20260607_155651,23,15,35,671,-1.2786735953608146,-18.19055595767554,-1.2127037305117025,0.040351880581050104,3009.22,1,ok,,DQN\dqn_model_optuna_trial_23
2026-06-07T16:25:12.339923,Optuna,optuna_20260607_155651,23,16,35,671,-0.9977951164612366,-19.188351074136776,-1.1992719421335485,0.040351880581050104,3010.04,1,ok,,DQN\dqn_model_optuna_trial_23
2026-06-07T16:25:14.662729,Optuna,optuna_20260607_155651,23,17,35,671,-1.5209570533052854,-20.70930812744206,-1.2181945957318858,0.040351880581050104,3010.92,1,ok,,DQN\dqn_model_optuna_trial_23
2026-06-07T16:25:17.055978,Optuna,optuna_20260607_155651,23,18,35,671,-1.7570140497900506,-22.46632217723211,-1.2481290098462283,0.040351880581050104,3011.73,1,ok,,DQN\dqn_model_optuna_trial_23
2026-06-07T16:25:19.422811,Optuna,optuna_20260607_155651,23,19,35,671,-0.2308504458673562,-22.69717262309947,-1.194588032794709,0.040351880581050104,3012.62,1,ok,,DQN\dqn_model_optuna_trial_23
2026-06-07T16:25:21.806231,Optuna,optuna_20260607_155651,23,20,35,671,-1.476242904573165,-24.173415527672635,-1.2086707763836317,0.040351880581050104,3013.5,1,ok,,DQN\dqn_model_optuna_trial_23
2026-06-07T16:25:24.200995,Optuna,optuna_20260607_155651,23,21,35,671,-1.3932365880191067,-25.566652115691742,-1.2174596245567497,0.040351880581050104,3014.38,1,ok,,DQN\dqn_model_optuna_trial_23
2026-06-07T16:25:26.586431,Optuna,optuna_20260607_155651,23,22,35,671,-0.240036526292323,-25.806688641984064,-1.1730313019083665,0.040351880581050104,3015.26,1,ok,,DQN\dqn_model_optuna_trial_23
2026-06-07T16:25:28.976384,Optuna,optuna_20260607_155651,23,23,35,671,0.35239079376313315,-25.454297848220932,-1.1067086020965622,0.040351880581050104,3016.08,1,ok,,DQN\dqn_model_optuna_trial_23
2026-06-07T16:25:31.348499,Optuna,optuna_20260607_155651,23,24,35,671,-0.291870183802874,-25.746168032023807,-1.0727570013343253,0.040351880581050104,3016.89,1,ok,,DQN\dqn_model_optuna_trial_23
2026-06-07T16:25:33.734653,Optuna,optuna_20260607_155651,23,25,35,671,-1.2197603746504517,-26.96592840667426,-1.0786371362669704,0.040351880581050104,3017.77,1,ok,,DQN\dqn_model_optuna_trial_23
2026-06-07T16:25:36.201907,Optuna,optuna_20260607_155651,23,26,35,671,-0.17391550719802237,-27.13984391387228,-1.0438401505335493,0.040351880581050104,3018.66,1,ok,,DQN\dqn_model_optuna_trial_23
2026-06-07T16:25:38.602360,Optuna,optuna_20260607_155651,23,27,35,671,-1.0126183048693915,-28.15246221874167,-1.0426837858793212,0.040351880581050104,3019.53,1,ok,,DQN\dqn_model_optuna_trial_23
2026-06-07T16:25:41.021843,Optuna,optuna_20260607_155651,23,28,35,671,-0.787581015983458,-28.94004323472513,-1.0335729726687546,0.040351880581050104,3020.41,1,ok,,DQN\dqn_model_optuna_trial_23
2026-06-07T16:25:43.524968,Optuna,optuna_20260607_155651,23,29,35,671,0.3522158852622119,-28.58782734946292,-0.98578714998148,0.040351880581050104,3021.23,1,ok,,DQN\dqn_model_optuna_trial_23
2026-06-07T16:25:46.012817,Optuna,optuna_20260607_155651,23,30,35,671,-0.1017493632697986,-28.68957671273272,-0.9563192237577574,0.040351880581050104,3022.05,1,ok,,DQN\dqn_model_optuna_trial_23
2026-06-07T16:25:48.499549,Optuna,optuna_20260607_155651,23,31,35,671,0.5660555644626348,-28.123521148270086,-0.9072103596216157,0.040351880581050104,3022.99,1,ok,,DQN\dqn_model_optuna_trial_23
2026-06-07T16:25:50.948317,Optuna,optuna_20260607_155651,23,32,35,671,-1.0984410710712462,-29.221962219341332,-0.9131863193544166,0.040351880581050104,3023.86,1,ok,,DQN\dqn_model_optuna_trial_23
2026-06-07T16:25:53.398026,Optuna,optuna_20260607_155651,23,33,35,671,-1.0442287026127723,-30.266190921954106,-0.9171573006652759,0.040351880581050104,3024.74,1,ok,,DQN\dqn_model_optuna_trial_23
2026-06-07T16:25:55.864429,Optuna,optuna_20260607_155651,23,34,35,671,-0.5123757514178288,-30.778566673371934,-0.9052519609815275,0.040351880581050104,3025.62,1,ok,,DQN\dqn_model_optuna_trial_23
2026-06-07T16:25:58.365945,Optuna,optuna_20260607_155651,23,35,35,671,-0.536949650279704,-31.31551632365164,-0.8947290378186182,0.040351880581050104,3026.43,1,ok,,DQN\dqn_model_optuna_trial_23
2026-06-07T16:25:59.888178,Optuna,optuna_20260607_155651,24,1,35,671,-1.5450799930656987,-1.5450799930656987,-1.5450799930656987,0.8385630864752637,2998.02,1,ok,,DQN\dqn_model_optuna_trial_24
2026-06-07T16:26:01.808120,Optuna,optuna_20260607_155651,24,2,35,671,-4.01478739774196,-5.559867390807659,-2.7799336954038294,0.8029357601101293,2998.9,1,ok,,DQN\dqn_model_optuna_trial_24
2026-06-07T16:26:03.721089,Optuna,optuna_20260607_155651,24,3,35,671,-2.2491382005878977,-7.8090055913955565,-2.603001863798519,0.767308433744995,2999.71,1,ok,,DQN\dqn_model_optuna_trial_24
2026-06-07T16:26:05.696433,Optuna,optuna_20260607_155651,24,4,35,671,-1.5983772140852364,-9.407382805480793,-2.3518457013701983,0.7316811073798607,3000.6,1,ok,,DQN\dqn_model_optuna_trial_24
2026-06-07T16:26:07.629666,Optuna,optuna_20260607_155651,24,5,35,671,-2.310547555590551,-11.717930361071344,-2.343586072214269,0.6960537810147264,3001.48,1,ok,,DQN\dqn_model_optuna_trial_24
2026-06-07T16:26:09.583736,Optuna,optuna_20260607_155651,24,6,35,671,-2.734360105382612,-14.452290466453956,-2.408715077742326,0.660426454649592,3002.36,1,ok,,DQN\dqn_model_optuna_trial_24
2026-06-07T16:26:11.564195,Optuna,optuna_20260607_155651,24,7,35,671,-1.7597274399712663,-16.212017906425224,-2.316002558060746,0.6247991282844577,3003.18,1,ok,,DQN\dqn_model_optuna_trial_24
2026-06-07T16:26:13.565739,Optuna,optuna_20260607_155651,24,8,35,671,-1.082656509017838,-17.294674415443062,-2.1618343019303827,0.5891718019193234,3004.06,1,ok,,DQN\dqn_model_optuna_trial_24
2026-06-07T16:26:15.576551,Optuna,optuna_20260607_155651,24,9,35,671,-1.3412629974824268,-18.63593741292549,-2.0706597125472768,0.5535444755541891,3004.87,1,ok,,DQN\dqn_model_optuna_trial_24
2026-06-07T16:26:17.662938,Optuna,optuna_20260607_155651,24,10,35,671,-1.3550950988574981,-19.991032511782986,-1.9991032511782987,0.5179171491890547,3005.75,1,ok,,DQN\dqn_model_optuna_trial_24
2026-06-07T16:26:19.716581,Optuna,optuna_20260607_155651,24,11,35,671,-0.0994187707853702,-20.090451282568356,-1.8264046620516687,0.48228982282390187,3006.64,1,ok,,DQN\dqn_model_optuna_trial_24
2026-06-07T16:26:21.762704,Optuna,optuna_20260607_155651,24,12,35,671,-3.7442396542509715,-23.834690936819328,-1.986224244734944,0.4466624964587303,3007.51,1,ok,,DQN\dqn_model_optuna_trial_24
2026-06-07T16:26:23.322151,Optuna,optuna_20260607_155651,25,1,35,671,-2.5375411127840857,-2.5375411127840857,-2.5375411127840857,0.7755149982169479,2997.97,1,ok,,DQN\dqn_model_optuna_trial_25
2026-06-07T16:26:25.453605,Optuna,optuna_20260607_155651,25,2,35,671,-1.307105648365786,-3.8446467611498716,-1.9223233805749358,0.6893899949492979,2998.89,1,ok,,DQN\dqn_model_optuna_trial_25
2026-06-07T16:26:27.671542,Optuna,optuna_20260607_155651,25,3,35,671,-0.3261644024744975,-4.170811163624369,-1.3902703878747895,0.6032649916816478,2999.76,1,ok,,DQN\dqn_model_optuna_trial_25
2026-06-07T16:26:29.862973,Optuna,optuna_20260607_155651,25,4,35,671,-1.8519473183957318,-6.022758482020101,-1.5056896205050252,0.5171399884139978,3000.58,1,ok,,DQN\dqn_model_optuna_trial_25
2026-06-07T16:26:32.076630,Optuna,optuna_20260607_155651,25,5,35,671,-1.0486453428280746,-7.071403824848176,-1.4142807649696352,0.43101498514634773,3001.46,1,ok,,DQN\dqn_model_optuna_trial_25
2026-06-07T16:26:34.401984,Optuna,optuna_20260607_155651,25,6,35,671,-0.6953479981350735,-7.766751822983249,-1.2944586371638749,0.3448899818786977,3002.34,1,ok,,DQN\dqn_model_optuna_trial_25
2026-06-07T16:26:36.760963,Optuna,optuna_20260607_155651,25,7,35,671,-1.553093339409847,-9.319845162393095,-1.3314064517704423,0.25876497861104764,3003.22,1,ok,,DQN\dqn_model_optuna_trial_25
2026-06-07T16:26:39.024809,Optuna,optuna_20260607_155651,25,8,35,671,-1.6500963411831897,-10.969941503576285,-1.3712426879470356,0.1726399753433976,3004.04,1,ok,,DQN\dqn_model_optuna_trial_25
2026-06-07T16:26:41.298526,Optuna,optuna_20260607_155651,25,9,35,671,0.3877464845785522,-10.582195018997734,-1.1757994465553037,0.08651497207574338,3004.92,1,ok,,DQN\dqn_model_optuna_trial_25
2026-06-07T16:26:43.695767,Optuna,optuna_20260607_155651,25,10,35,671,-0.5648497097859542,-11.147044728783687,-1.1147044728783686,0.056415742308579306,3004.93,1,ok,,DQN\dqn_model_optuna_trial_25
2026-06-07T16:26:46.207305,Optuna,optuna_20260607_155651,25,11,35,671,0.1092070133547367,-11.03783771542895,-1.0034397923117226,0.056415742308579306,3005.75,1,ok,,DQN\dqn_model_optuna_trial_25
2026-06-07T16:26:48.724892,Optuna,optuna_20260607_155651,25,12,35,671,-0.8385219453270681,-11.876359660756018,-0.9896966383963348,0.056415742308579306,3006.62,1,ok,,DQN\dqn_model_optuna_trial_25
2026-06-07T16:26:51.052847,Optuna,optuna_20260607_155651,25,13,35,671,-0.16911776204240975,-12.045477422798427,-0.9265751863691098,0.056415742308579306,3007.5,1,ok,,DQN\dqn_model_optuna_trial_25
2026-06-07T16:26:53.376483,Optuna,optuna_20260607_155651,25,14,35,671,-0.34068113805842953,-12.386158560856856,-0.8847256114897755,0.056415742308579306,3008.32,1,ok,,DQN\dqn_model_optuna_trial_25
2026-06-07T16:26:55.728219,Optuna,optuna_20260607_155651,25,15,35,671,0.5265131315054521,-11.859645429351405,-0.790643028623427,0.056415742308579306,3009.15,1,ok,,DQN\dqn_model_optuna_trial_25
2026-06-07T16:26:58.085796,Optuna,optuna_20260607_155651,25,16,35,671,-0.43694380887488954,-12.296589238226295,-0.7685368273891434,0.056415742308579306,3010.08,1,ok,,DQN\dqn_model_optuna_trial_25
2026-06-07T16:27:00.450952,Optuna,optuna_20260607_155651,25,17,35,671,-1.144771514234379,-13.441360752460675,-0.7906682795565103,0.056415742308579306,3010.9,1,ok,,DQN\dqn_model_optuna_trial_25
2026-06-07T16:27:02.824428,Optuna,optuna_20260607_155651,25,18,35,671,-0.850099150440567,-14.291459902901241,-0.7939699946056246,0.056415742308579306,3011.78,1,ok,,DQN\dqn_model_optuna_trial_25
2026-06-07T16:27:05.188725,Optuna,optuna_20260607_155651,25,19,35,671,-1.93415787373389,-16.225617776635133,-0.8539798829807964,0.056415742308579306,3012.66,1,ok,,DQN\dqn_model_optuna_trial_25
2026-06-07T16:27:07.595764,Optuna,optuna_20260607_155651,25,20,35,671,-0.06621603088768127,-16.291833807522814,-0.8145916903761407,0.056415742308579306,3013.48,1,ok,,DQN\dqn_model_optuna_trial_25
2026-06-07T16:27:09.938305,Optuna,optuna_20260607_155651,25,21,35,671,-1.1289260005778865,-17.4207598081007,-0.8295599908619382,0.056415742308579306,3014.36,1,ok,,DQN\dqn_model_optuna_trial_25
2026-06-07T16:27:12.368944,Optuna,optuna_20260607_155651,25,22,35,671,-1.0303023926788282,-18.45106220077953,-0.8386846454899786,0.056415742308579306,3015.24,1,ok,,DQN\dqn_model_optuna_trial_25
2026-06-07T16:27:14.767910,Optuna,optuna_20260607_155651,25,23,35,671,-1.6496447203516498,-20.100706921131177,-0.8739437791796164,0.056415742308579306,3016.06,1,ok,,DQN\dqn_model_optuna_trial_25
2026-06-07T16:27:17.156299,Optuna,optuna_20260607_155651,25,24,35,671,-1.464391251769992,-21.56509817290117,-0.8985457572042154,0.056415742308579306,3016.93,1,ok,,DQN\dqn_model_optuna_trial_25
2026-06-07T16:27:19.587623,Optuna,optuna_20260607_155651,25,25,35,671,-1.773461176676807,-23.338559349577977,-0.9335423739831191,0.056415742308579306,3017.82,1,ok,,DQN\dqn_model_optuna_trial_25
2026-06-07T16:27:21.987248,Optuna,optuna_20260607_155651,25,26,35,671,-0.6705025264254694,-24.009061876003447,-0.9234254567693634,0.056415742308579306,3018.64,1,ok,,DQN\dqn_model_optuna_trial_25
2026-06-07T16:27:24.426762,Optuna,optuna_20260607_155651,25,27,35,671,-1.0907649350427633,-25.09982681104621,-0.9296232152239337,0.056415742308579306,3019.51,1,ok,,DQN\dqn_model_optuna_trial_25
2026-06-07T16:27:26.852211,Optuna,optuna_20260607_155651,25,28,35,671,-0.6728909200471872,-25.772717731093397,-0.9204542046819071,0.056415742308579306,3020.39,1,ok,,DQN\dqn_model_optuna_trial_25
2026-06-07T16:27:29.269824,Optuna,optuna_20260607_155651,25,29,35,671,-2.638145925514648,-28.410863656608047,-0.9796849536761395,0.056415742308579306,3021.21,1,ok,,DQN\dqn_model_optuna_trial_25
2026-06-07T16:27:31.732614,Optuna,optuna_20260607_155651,25,30,35,671,4.778224197972371,-23.632639458635676,-0.7877546486211892,0.056415742308579306,3022.09,1,ok,,DQN\dqn_model_optuna_trial_25
2026-06-07T16:27:34.168673,Optuna,optuna_20260607_155651,25,31,35,671,-0.49646894303292766,-24.129108401668603,-0.7783583355376968,0.056415742308579306,3022.97,1,ok,,DQN\dqn_model_optuna_trial_25
2026-06-07T16:27:36.683505,Optuna,optuna_20260607_155651,25,32,35,671,-1.0128605647391378,-25.14196896640774,-0.7856865302002419,0.056415742308579306,3023.79,1,ok,,DQN\dqn_model_optuna_trial_25
2026-06-07T16:27:39.139282,Optuna,optuna_20260607_155651,25,33,35,671,-1.5892462463575254,-26.731215212765267,-0.8100368246292505,0.056415742308579306,3024.67,1,ok,,DQN\dqn_model_optuna_trial_25
2026-06-07T16:27:41.588215,Optuna,optuna_20260607_155651,25,34,35,671,0.3837451023017025,-26.347470110463565,-0.7749255914842225,0.056415742308579306,3025.61,1,ok,,DQN\dqn_model_optuna_trial_25
2026-06-07T16:27:44.223785,Optuna,optuna_20260607_155651,25,35,35,671,-1.5651621855019242,-27.91263229596549,-0.7975037798847283,0.056415742308579306,3026.48,1,ok,,DQN\dqn_model_optuna_trial_25
2026-06-07T16:27:45.781588,Optuna,optuna_20260607_155651,26,1,35,671,-2.8123521619106433,-2.8123521619106433,-2.8123521619106433,0.7863402846203882,2998.05,1,ok,,DQN\dqn_model_optuna_trial_26
2026-06-07T16:27:47.910502,Optuna,optuna_20260607_155651,26,2,35,671,3.2286538888419836,0.41630172693134027,0.20815086346567013,0.6535599908340519,2998.94,1,ok,,DQN\dqn_model_optuna_trial_26
2026-06-07T16:27:50.318094,Optuna,optuna_20260607_155651,26,3,35,671,-2.3509164342988407,-1.9346147073675004,-0.6448715691225001,0.5207796970477157,2999.75,1,ok,,DQN\dqn_model_optuna_trial_26
2026-06-07T16:27:52.655696,Optuna,optuna_20260607_155651,26,4,35,671,-2.641003023739169,-4.57561773110667,-1.1439044327766674,0.3879994032613794,3000.57,1,ok,,DQN\dqn_model_optuna_trial_26
2026-06-07T16:27:55.059712,Optuna,optuna_20260607_155651,26,5,35,671,-0.7627087799730344,-5.338326511079704,-1.0676653022159408,0.2552191094750431,3001.45,1,ok,,DQN\dqn_model_optuna_trial_26
2026-06-07T16:27:57.305999,Optuna,optuna_20260607_155651,26,6,35,671,-1.1234479927469083,-6.461774503826613,-1.0769624173044354,0.12243881568872457,3002.33,1,ok,,DQN\dqn_model_optuna_trial_26
2026-06-07T16:27:59.685656,Optuna,optuna_20260607_155651,26,7,35,671,-0.3101913649970641,-6.771965868823677,-0.9674236955462395,0.0597517917309384,3003.21,1,ok,,DQN\dqn_model_optuna_trial_26
2026-06-07T16:28:02.212471,Optuna,optuna_20260607_155651,26,8,35,671,0.34715565036106055,-6.424810218462616,-0.803101277307827,0.0597517917309384,3004.09,1,ok,,DQN\dqn_model_optuna_trial_26
2026-06-07T16:28:04.678604,Optuna,optuna_20260607_155651,26,9,35,671,-1.2314178713322192,-7.656228089794835,-0.850692009977204,0.0597517917309384,3004.91,1,ok,,DQN\dqn_model_optuna_trial_26
2026-06-07T16:28:07.143673,Optuna,optuna_20260607_155651,26,10,35,671,-0.24499350665046885,-7.901221596445304,-0.7901221596445305,0.0597517917309384,3005.73,1,ok,,DQN\dqn_model_optuna_trial_26
2026-06-07T16:28:09.593394,Optuna,optuna_20260607_155651,26,11,35,671,-0.9765207258064972,-8.877742322251802,-0.8070674838410729,0.0597517917309384,3006.61,1,ok,,DQN\dqn_model_optuna_trial_26
2026-06-07T16:28:12.056266,Optuna,optuna_20260607_155651,26,12,35,671,-1.6578754042249888,-10.53561772647679,-0.8779681438730659,0.0597517917309384,3007.48,1,ok,,DQN\dqn_model_optuna_trial_26
2026-06-07T16:28:14.520571,Optuna,optuna_20260607_155651,26,13,35,671,0.45448055694632383,-10.081137169530466,-0.7754720899638821,0.0597517917309384,3008.37,1,ok,,DQN\dqn_model_optuna_trial_26
2026-06-07T16:28:17.013646,Optuna,optuna_20260607_155651,26,14,35,671,0.5704850444938973,-9.510652125036568,-0.6793322946454692,0.0597517917309384,3009.25,1,ok,,DQN\dqn_model_optuna_trial_26
2026-06-07T16:28:19.528927,Optuna,optuna_20260607_155651,26,15,35,671,0.24698888782983502,-9.263663237206734,-0.6175775491471156,0.0597517917309384,3010.12,1,ok,,DQN\dqn_model_optuna_trial_26
2026-06-07T16:28:22.024070,Optuna,optuna_20260607_155651,26,16,35,671,-1.341878714560288,-10.605541951767021,-0.6628463719854388,0.0597517917309384,3010.88,1,ok,,DQN\dqn_model_optuna_trial_26
2026-06-07T16:28:24.568795,Optuna,optuna_20260607_155651,26,17,35,671,-0.5405499505881043,-11.146091902355126,-0.6556524648444192,0.0597517917309384,3011.77,1,ok,,DQN\dqn_model_optuna_trial_26
2026-06-07T16:28:27.093242,Optuna,optuna_20260607_155651,26,18,35,671,-2.559096720660862,-13.705188623015989,-0.7613993679453327,0.0597517917309384,3012.64,1,ok,,DQN\dqn_model_optuna_trial_26
2026-06-07T16:28:29.734400,Optuna,optuna_20260607_155651,26,19,35,671,-0.07261667976203137,-13.77780530277802,-0.7251476475146327,0.0597517917309384,3013.52,1,ok,,DQN\dqn_model_optuna_trial_26
2026-06-07T16:28:32.301495,Optuna,optuna_20260607_155651,26,20,35,671,-0.18862029846780445,-13.966425601245824,-0.6983212800622912,0.0597517917309384,3014.41,1,ok,,DQN\dqn_model_optuna_trial_26
2026-06-07T16:28:34.832402,Optuna,optuna_20260607_155651,26,21,35,671,0.15939529469072372,-13.8070303065551,-0.657477633645481,0.0597517917309384,3015.28,1,ok,,DQN\dqn_model_optuna_trial_26
2026-06-07T16:28:37.368224,Optuna,optuna_20260607_155651,26,22,35,671,-0.4308088160659458,-14.237839122621047,-0.647174505573684,0.0597517917309384,3016.04,1,ok,,DQN\dqn_model_optuna_trial_26
2026-06-07T16:28:39.921892,Optuna,optuna_20260607_155651,26,23,35,671,-1.397622686070863,-15.63546180869191,-0.6798026873344308,0.0597517917309384,3016.92,1,ok,,DQN\dqn_model_optuna_trial_26
2026-06-07T16:28:42.500164,Optuna,optuna_20260607_155651,26,24,35,671,-0.06634208782239323,-15.701803896514303,-0.6542418290214292,0.0597517917309384,3017.8,1,ok,,DQN\dqn_model_optuna_trial_26
2026-06-07T16:28:45.152092,Optuna,optuna_20260607_155651,26,25,35,671,-2.6956955046004913,-18.397499401114793,-0.7358999760445917,0.0597517917309384,3018.68,1,ok,,DQN\dqn_model_optuna_trial_26
2026-06-07T16:28:47.725298,Optuna,optuna_20260607_155651,26,26,35,671,0.0522585935728454,-18.34524080754195,-0.7055861849054595,0.0597517917309384,3019.56,1,ok,,DQN\dqn_model_optuna_trial_26
2026-06-07T16:28:50.308208,Optuna,optuna_20260607_155651,26,27,35,671,-1.365273364474242,-19.71051417201619,-0.730019043408007,0.0597517917309384,3020.44,1,ok,,DQN\dqn_model_optuna_trial_26
2026-06-07T16:28:52.881595,Optuna,optuna_20260607_155651,26,28,35,671,0.4765221367365045,-19.233992035279684,-0.6869282869742744,0.0597517917309384,3021.26,1,ok,,DQN\dqn_model_optuna_trial_26
2026-06-07T16:28:55.477973,Optuna,optuna_20260607_155651,26,29,35,671,-1.08313395459794,-20.317125989877624,-0.7005905513750905,0.0597517917309384,3022.08,1,ok,,DQN\dqn_model_optuna_trial_26
2026-06-07T16:28:58.067654,Optuna,optuna_20260607_155651,26,30,35,671,-1.1388322631483383,-21.455958253025962,-0.7151986084341987,0.0597517917309384,3022.95,1,ok,,DQN\dqn_model_optuna_trial_26
2026-06-07T16:29:00.694263,Optuna,optuna_20260607_155651,26,31,35,671,-0.2576575123844984,-21.71361576541046,-0.7004392182390471,0.0597517917309384,3023.89,1,ok,,DQN\dqn_model_optuna_trial_26
2026-06-07T16:29:03.323658,Optuna,optuna_20260607_155651,26,32,35,671,-2.914255763343623,-24.62787152875408,-0.769620985273565,0.0597517917309384,3024.77,1,ok,,DQN\dqn_model_optuna_trial_26
2026-06-07T16:29:05.964540,Optuna,optuna_20260607_155651,26,33,35,671,-2.582312239031879,-27.21018376778596,-0.8245510232662412,0.0597517917309384,3025.65,1,ok,,DQN\dqn_model_optuna_trial_26
2026-06-07T16:29:08.636795,Optuna,optuna_20260607_155651,26,34,35,671,-1.5011904622797088,-28.71137423006567,-0.8444521832372256,0.0597517917309384,3026.46,1,ok,,DQN\dqn_model_optuna_trial_26
2026-06-07T16:29:11.293729,Optuna,optuna_20260607_155651,26,35,35,671,-1.4782108254134956,-30.189585055479164,-0.8625595730136904,0.0597517917309384,3027.28,1,ok,,DQN\dqn_model_optuna_trial_26
2026-06-07T16:29:11.961057,Optuna,optuna_20260607_155651,27,1,35,671,-1.4813270186140173,-1.4813270186140173,-1.4813270186140173,0.9215995689534852,2999.53,1,ok,,DQN\dqn_model_optuna_trial_27
2026-06-07T16:29:14.562135,Optuna,optuna_20260607_155651,27,2,35,671,-1.8326660643442592,-3.3139930829582767,-1.6569965414791383,0.9094314970005454,3000.42,1,ok,,DQN\dqn_model_optuna_trial_27
2026-06-07T16:29:17.359920,Optuna,optuna_20260607_155651,27,3,35,671,-3.1446637582485666,-6.458656841206843,-2.1528856137356143,0.8972634250476056,3001.3,1,ok,,DQN\dqn_model_optuna_trial_27
2026-06-07T16:29:20.130921,Optuna,optuna_20260607_155651,27,4,35,671,-1.7778772407910475,-8.23653408199789,-2.0591335204994725,0.8850953530946658,3002.18,1,ok,,DQN\dqn_model_optuna_trial_27
2026-06-07T16:29:22.895581,Optuna,optuna_20260607_155651,27,5,35,671,-3.35386436686312,-11.59039844886101,-2.318079689772202,0.872927281141726,3003.0,1,ok,,DQN\dqn_model_optuna_trial_27
2026-06-07T16:29:25.738518,Optuna,optuna_20260607_155651,27,6,35,671,-1.6014493240742929,-13.191847772935303,-2.198641295489217,0.8607592091887862,3003.88,1,ok,,DQN\dqn_model_optuna_trial_27
2026-06-07T16:29:28.776513,Optuna,optuna_20260607_155651,27,7,35,671,-3.1679821590247936,-16.359829931960096,-2.3371185617085852,0.8485911372358464,3004.76,1,ok,,DQN\dqn_model_optuna_trial_27
2026-06-07T16:29:31.605049,Optuna,optuna_20260607_155651,27,8,35,671,-2.8308493399563774,-19.190679271916473,-2.398834908989559,0.8364230652829067,3005.58,1,ok,,DQN\dqn_model_optuna_trial_27
2026-06-07T16:29:34.386780,Optuna,optuna_20260607_155651,27,9,35,671,-1.8008425977954845,-20.991521869711956,-2.332391318856884,0.8242549933299669,3006.45,1,ok,,DQN\dqn_model_optuna_trial_27
2026-06-07T16:29:37.281866,Optuna,optuna_20260607_155651,27,10,35,671,-1.5972540136255227,-22.58877588333748,-2.258877588333748,0.8120869213770271,3007.34,1,ok,,DQN\dqn_model_optuna_trial_27
2026-06-07T16:29:40.108964,Optuna,optuna_20260607_155651,27,11,35,671,-2.340524182605313,-24.929300065942794,-2.2663000059947995,0.7999188494240873,3008.16,1,ok,,DQN\dqn_model_optuna_trial_27
2026-06-07T16:29:43.002738,Optuna,optuna_20260607_155651,27,12,35,671,-3.661903986309589,-28.591204052252383,-2.3826003376876987,0.7877507774711475,3009.03,1,ok,,DQN\dqn_model_optuna_trial_27
2026-06-07T16:29:45.905289,Optuna,optuna_20260607_155651,27,13,35,671,-1.9826326916697632,-30.573836743922147,-2.351833595686319,0.7755827055182077,3009.91,1,ok,,DQN\dqn_model_optuna_trial_27
2026-06-07T16:29:47.234036,Optuna,optuna_20260607_155651,28,1,35,671,-1.51186396249228,-1.51186396249228,-1.51186396249228,0.8167193801706234,2999.59,1,ok,,DQN\dqn_model_optuna_trial_28
2026-06-07T16:29:49.541040,Optuna,optuna_20260607_155651,28,2,35,671,-3.3518312382826885,-4.863695200774968,-2.431847600387484,0.7778645234973902,3000.41,1,ok,,DQN\dqn_model_optuna_trial_28
2026-06-07T16:29:51.922863,Optuna,optuna_20260607_155651,28,3,35,671,-3.221881460228872,-8.08557666100384,-2.6951922203346133,0.739009666824157,3001.41,1,ok,,DQN\dqn_model_optuna_trial_28
2026-06-07T16:29:54.330955,Optuna,optuna_20260607_155651,28,4,35,671,-2.003222708733507,-10.088799369737346,-2.5221998424343366,0.7001548101509238,3002.29,1,ok,,DQN\dqn_model_optuna_trial_28
2026-06-07T16:29:56.770514,Optuna,optuna_20260607_155651,28,5,35,671,-1.442684693537863,-11.53148406327521,-2.306296812655042,0.6612999534776907,3003.17,1,ok,,DQN\dqn_model_optuna_trial_28
2026-06-07T16:29:59.200345,Optuna,optuna_20260607_155651,28,6,35,671,-2.6871713598591533,-14.218655423134363,-2.3697759038557273,0.6224450968044575,3004.05,1,ok,,DQN\dqn_model_optuna_trial_28
2026-06-07T16:30:01.672408,Optuna,optuna_20260607_155651,28,7,35,671,-1.7976393971911953,-16.01629482032556,-2.2880421171893657,0.5835902401312243,3004.87,1,ok,,DQN\dqn_model_optuna_trial_28
2026-06-07T16:30:04.151829,Optuna,optuna_20260607_155651,28,8,35,671,-2.4753857318525014,-18.49168055217806,-2.3114600690222575,0.5447353834579911,3005.69,1,ok,,DQN\dqn_model_optuna_trial_28
2026-06-07T16:30:06.590774,Optuna,optuna_20260607_155651,28,9,35,671,-0.7496737698626308,-19.241354322040692,-2.1379282580045214,0.5058805267847579,3006.56,1,ok,,DQN\dqn_model_optuna_trial_28
2026-06-07T16:30:09.091759,Optuna,optuna_20260607_155651,28,10,35,671,-2.0089873503797513,-21.250341672420443,-2.1250341672420445,0.46702567011152474,3007.45,1,ok,,DQN\dqn_model_optuna_trial_28
2026-06-07T16:30:11.578447,Optuna,optuna_20260607_155651,28,11,35,671,-1.8417053424500989,-23.09204701487054,-2.0992770013518673,0.42817081343829155,3008.33,1,ok,,DQN\dqn_model_optuna_trial_28
2026-06-07T16:30:14.119792,Optuna,optuna_20260607_155651,28,12,35,671,-0.5193695217974957,-23.611416536668038,-1.9676180447223366,0.38931595676505837,3009.2,1,ok,,DQN\dqn_model_optuna_trial_28
2026-06-07T16:30:15.633572,Optuna,optuna_20260607_155651,29,1,35,671,-1.7071757120563098,-1.7071757120563098,-1.7071757120563098,0.8707402765378517,3015.16,1,ok,,DQN\dqn_model_optuna_trial_29
2026-06-07T16:30:17.711790,Optuna,optuna_20260607_155651,29,2,35,671,-5.1042698934133055,-6.811445605469615,-3.4057228027348074,0.8497644079631081,3016.12,1,ok,,DQN\dqn_model_optuna_trial_29
2026-06-07T16:30:19.904174,Optuna,optuna_20260607_155651,29,3,35,671,-1.407766259473295,-8.21921186494291,-2.7397372883143034,0.8287885393883646,3016.96,1,ok,,DQN\dqn_model_optuna_trial_29
2026-06-07T16:30:22.036040,Optuna,optuna_20260607_155651,29,4,35,671,-2.321344327604685,-10.540556192547594,-2.6351390481368986,0.8078126708136211,3017.82,1,ok,,DQN\dqn_model_optuna_trial_29
2026-06-07T16:30:24.211935,Optuna,optuna_20260607_155651,29,5,35,671,-1.0420031918474302,-11.582559384395024,-2.3165118768790047,0.7868368022388775,3018.7,1,ok,,DQN\dqn_model_optuna_trial_29
2026-06-07T16:30:26.397244,Optuna,optuna_20260607_155651,29,6,35,671,-1.7963006890343167,-13.37886007342934,-2.2298100122382234,0.765860933664134,3019.52,1,ok,,DQN\dqn_model_optuna_trial_29
2026-06-07T16:30:28.645805,Optuna,optuna_20260607_155651,29,7,35,671,-1.5157004079702274,-14.894560481399568,-2.1277943544856526,0.7448850650893905,3020.4,1,ok,,DQN\dqn_model_optuna_trial_29
2026-06-07T16:30:30.971526,Optuna,optuna_20260607_155651,29,8,35,671,-2.378800266028017,-17.273360747427585,-2.159170093428448,0.7239091965146469,3021.28,1,ok,,DQN\dqn_model_optuna_trial_29
2026-06-07T16:30:33.232659,Optuna,optuna_20260607_155651,29,9,35,671,-1.8340136301158312,-19.107374377543415,-2.123041597504824,0.7029333279399034,3022.16,1,ok,,DQN\dqn_model_optuna_trial_29
2026-06-07T16:30:34.781992,Optuna,optuna_20260607_155651,30,1,35,671,-2.9857920982353283,-2.9857920982353283,-2.9857920982353283,0.748010176973865,3006.59,1,ok,,DQN\dqn_model_optuna_trial_30
2026-06-07T16:30:36.921684,Optuna,optuna_20260607_155651,30,2,35,671,-2.077669177753695,-5.063461275989024,-2.531730637994512,0.6573544849240379,3007.48,1,ok,,DQN\dqn_model_optuna_trial_30
2026-06-07T16:30:39.116212,Optuna,optuna_20260607_155651,30,3,35,671,-1.7456392742006015,-6.809100550189625,-2.269700183396542,0.5666987928742109,3008.36,1,ok,,DQN\dqn_model_optuna_trial_30
2026-06-07T16:30:41.312737,Optuna,optuna_20260607_155651,30,4,35,671,-1.0139084567179109,-7.823009006907537,-1.9557522517268842,0.4760431008243937,3009.18,1,ok,,DQN\dqn_model_optuna_trial_30
2026-06-07T16:30:43.673092,Optuna,optuna_20260607_155651,30,5,35,671,-0.24313549662976594,-8.066144503537302,-1.6132289007074605,0.3853874087746039,3010.06,1,ok,,DQN\dqn_model_optuna_trial_30
2026-06-07T16:30:45.960850,Optuna,optuna_20260607_155651,30,6,35,671,-0.9913733177427877,-9.05751782128009,-1.5095863035466817,0.29473171672481413,3010.87,1,ok,,DQN\dqn_model_optuna_trial_30
2026-06-07T16:30:48.227841,Optuna,optuna_20260607_155651,30,7,35,671,-2.5037216931065593,-11.56123951438665,-1.6516056449123784,0.20407602467502434,3011.75,1,ok,,DQN\dqn_model_optuna_trial_30
2026-06-07T16:30:50.525032,Optuna,optuna_20260607_155651,30,8,35,671,0.31197604564769693,-11.249263468738953,-1.406157933592369,0.11342033262523454,3012.64,1,ok,,DQN\dqn_model_optuna_trial_30
2026-06-07T16:30:52.833109,Optuna,optuna_20260607_155651,30,9,35,671,-0.5304634549495231,-11.779726923688475,-1.3088585470764973,0.03648343739102174,3013.76,1,ok,,DQN\dqn_model_optuna_trial_30
2026-06-07T16:30:55.134252,Optuna,optuna_20260607_155651,30,10,35,671,-1.029247283377501,-12.808974207065976,-1.2808974207065975,0.03648343739102174,3014.74,1,ok,,DQN\dqn_model_optuna_trial_30
2026-06-07T16:30:57.487088,Optuna,optuna_20260607_155651,30,11,35,671,-1.4339733484871262,-14.242947555553101,-1.294813414141191,0.03648343739102174,3015.67,1,ok,,DQN\dqn_model_optuna_trial_30
2026-06-07T16:30:59.788422,Optuna,optuna_20260607_155651,30,12,35,671,0.2740316444338729,-13.968915911119229,-1.1640763259266025,0.03648343739102174,3016.48,1,ok,,DQN\dqn_model_optuna_trial_30
2026-06-07T16:31:02.099653,Optuna,optuna_20260607_155651,30,13,35,671,-1.634964715882386,-15.603880627001615,-1.200298509769355,0.03648343739102174,3017.36,1,ok,,DQN\dqn_model_optuna_trial_30
2026-06-07T16:31:04.439905,Optuna,optuna_20260607_155651,30,14,35,671,-0.01952545685162844,-15.623406083853244,-1.1159575774180888,0.03648343739102174,3018.25,1,ok,,DQN\dqn_model_optuna_trial_30
2026-06-07T16:31:06.752136,Optuna,optuna_20260607_155651,30,15,35,671,-0.10510602216625015,-15.728512106019494,-1.0485674737346329,0.03648343739102174,3019.12,1,ok,,DQN\dqn_model_optuna_trial_30
2026-06-07T16:31:09.114008,Optuna,optuna_20260607_155651,30,16,35,671,0.20492021072606892,-15.523591895293425,-0.970224493455839,0.03648343739102174,3019.94,1,ok,,DQN\dqn_model_optuna_trial_30
2026-06-07T16:31:11.460640,Optuna,optuna_20260607_155651,30,17,35,671,-1.5620065996081094,-17.085598494901536,-1.0050352055824432,0.03648343739102174,3020.83,1,ok,,DQN\dqn_model_optuna_trial_30
2026-06-07T16:31:13.859986,Optuna,optuna_20260607_155651,30,18,35,671,-1.4688937471183585,-18.554492242019894,-1.0308051245566607,0.03648343739102174,3021.64,1,ok,,DQN\dqn_model_optuna_trial_30
2026-06-07T16:31:16.228120,Optuna,optuna_20260607_155651,30,19,35,671,-2.112079972881855,-20.66657221490175,-1.087714327100092,0.03648343739102174,3022.52,1,ok,,DQN\dqn_model_optuna_trial_30
2026-06-07T16:31:18.616982,Optuna,optuna_20260607_155651,30,20,35,671,-2.652084402270406,-23.318656617172156,-1.1659328308586079,0.03648343739102174,3023.41,1,ok,,DQN\dqn_model_optuna_trial_30
2026-06-07T16:31:21.035941,Optuna,optuna_20260607_155651,30,21,35,671,-1.1843271187284943,-24.50298373590065,-1.1668087493286023,0.03648343739102174,3024.28,1,ok,,DQN\dqn_model_optuna_trial_30
2026-06-07T16:31:23.476355,Optuna,optuna_20260607_155651,30,22,35,671,-0.3451035187326235,-24.848087254633274,-1.1294585115742397,0.03648343739102174,3025.1,1,ok,,DQN\dqn_model_optuna_trial_30
2026-06-07T16:31:25.881870,Optuna,optuna_20260607_155651,30,23,35,671,-1.2732340907869568,-26.12132134542023,-1.135709623713923,0.03648343739102174,3025.98,1,ok,,DQN\dqn_model_optuna_trial_30
2026-06-07T16:31:28.299063,Optuna,optuna_20260607_155651,30,24,35,671,-0.015476763788355712,-26.136798109208588,-1.0890332545503578,0.03648343739102174,3026.8,1,ok,,DQN\dqn_model_optuna_trial_30
2026-06-07T16:31:30.706641,Optuna,optuna_20260607_155651,30,25,35,671,0.49423927527202227,-25.642558833936565,-1.0257023533574625,0.03648343739102174,3027.68,1,ok,,DQN\dqn_model_optuna_trial_30
2026-06-07T16:31:33.166221,Optuna,optuna_20260607_155651,30,26,35,671,-3.1293268986513345,-28.7718857325879,-1.1066109897149192,0.03648343739102174,3028.56,1,ok,,DQN\dqn_model_optuna_trial_30
2026-06-07T16:31:35.603968,Optuna,optuna_20260607_155651,30,27,35,671,-0.23609942660286595,-29.007985159190767,-1.0743698207107693,0.03648343739102174,3029.44,1,ok,,DQN\dqn_model_optuna_trial_30
2026-06-07T16:31:38.038052,Optuna,optuna_20260607_155651,30,28,35,671,-0.9040841036106786,-29.912069262801445,-1.0682881879571944,0.03648343739102174,3030.32,1,ok,,DQN\dqn_model_optuna_trial_30
2026-06-07T16:31:40.514858,Optuna,optuna_20260607_155651,30,29,35,671,-0.33872398458651326,-30.250793247387957,-1.0431308016340675,0.03648343739102174,3031.2,1,ok,,DQN\dqn_model_optuna_trial_30
2026-06-07T16:31:42.973691,Optuna,optuna_20260607_155651,30,30,35,671,-0.8961814094595234,-31.14697465684748,-1.0382324885615826,0.03648343739102174,3032.01,1,ok,,DQN\dqn_model_optuna_trial_30
2026-06-07T16:31:45.570115,Optuna,optuna_20260607_155651,30,31,35,671,-1.5027971642529445,-32.64977182110042,-1.0532184458419491,0.03648343739102174,3022.92,1,ok,,DQN\dqn_model_optuna_trial_30
2026-06-07T16:31:48.034375,Optuna,optuna_20260607_155651,30,32,35,671,0.030312893910065523,-32.61945892719036,-1.0193580914746987,0.03648343739102174,3023.79,1,ok,,DQN\dqn_model_optuna_trial_30
2026-06-07T16:31:50.552252,Optuna,optuna_20260607_155651,30,33,35,671,-2.0665887339309164,-34.68604766112127,-1.0510923533673113,0.03648343739102174,3024.67,1,ok,,DQN\dqn_model_optuna_trial_30
2026-06-07T16:31:53.022030,Optuna,optuna_20260607_155651,30,34,35,671,-3.0500258044037984,-37.73607346552507,-1.1098845136919138,0.03648343739102174,3025.55,1,ok,,DQN\dqn_model_optuna_trial_30
2026-06-07T16:31:55.526214,Optuna,optuna_20260607_155651,30,35,35,671,-0.1675966165268462,-37.90367008205191,-1.0829620023443403,0.03648343739102174,3026.36,1,ok,,DQN\dqn_model_optuna_trial_30
2026-06-07T16:31:57.063647,Optuna,optuna_20260607_155651,31,1,35,671,-1.7791082047625433,-1.7791082047625433,-1.7791082047625433,0.7815418415782933,3032.21,1,ok,,DQN\dqn_model_optuna_trial_31
2026-06-07T16:31:59.023259,Optuna,optuna_20260607_155651,31,2,35,671,-2.8717003487624853,-4.650808553525028,-2.325404276762514,0.7060714034775255,3033.1,1,ok,,DQN\dqn_model_optuna_trial_31
2026-06-07T16:32:01.077775,Optuna,optuna_20260607_155651,31,3,35,671,-2.475795396195685,-7.126603949720713,-2.3755346499069043,0.6306009653767577,3033.97,1,ok,,DQN\dqn_model_optuna_trial_31
2026-06-07T16:32:03.174614,Optuna,optuna_20260607_155651,31,4,35,671,-2.8038079011592667,-9.93041185087998,-2.482602962719995,0.5551305272759899,3034.86,1,ok,,DQN\dqn_model_optuna_trial_31
2026-06-07T16:32:05.250499,Optuna,optuna_20260607_155651,31,5,35,671,-1.7815795055455246,-11.711991356425504,-2.342398271285101,0.479660089175212,3035.68,1,ok,,DQN\dqn_model_optuna_trial_31
2026-06-07T16:32:07.339022,Optuna,optuna_20260607_155651,31,6,35,671,-1.328472543107069,-13.040463899532572,-2.1734106499220953,0.40418965107440696,3036.55,1,ok,,DQN\dqn_model_optuna_trial_31
2026-06-07T16:32:09.458651,Optuna,optuna_20260607_155651,31,7,35,671,-2.0356453761526745,-15.076109275685246,-2.1537298965264635,0.3287192129736019,3037.37,1,ok,,DQN\dqn_model_optuna_trial_31
2026-06-07T16:32:11.568394,Optuna,optuna_20260607_155651,31,8,35,671,-0.6671349433270067,-15.743244219012253,-1.9679055273765316,0.25324877487279684,3038.25,1,ok,,DQN\dqn_model_optuna_trial_31
2026-06-07T16:32:13.085562,Optuna,optuna_20260607_155651,32,1,35,671,-2.727954128712607,-2.727954128712607,-2.727954128712607,0.798344410178712,3003.33,1,ok,,DQN\dqn_model_optuna_trial_32
2026-06-07T16:32:14.982205,Optuna,optuna_20260607_155651,32,2,35,671,-4.166719460332252,-6.894673589044858,-3.447336794522429,0.7179106943695828,3004.21,1,ok,,DQN\dqn_model_optuna_trial_32
2026-06-07T16:32:16.926349,Optuna,optuna_20260607_155651,32,3,35,671,-2.5329201359873252,-9.427593725032184,-3.1425312416773945,0.6374769785604535,3005.09,1,ok,,DQN\dqn_model_optuna_trial_32
2026-06-07T16:32:18.883348,Optuna,optuna_20260607_155651,32,4,35,671,-0.8786711240381496,-10.306264849070333,-2.576566212267583,0.5570432627513242,3005.98,1,ok,,DQN\dqn_model_optuna_trial_32
2026-06-07T16:32:20.852556,Optuna,optuna_20260607_155651,32,5,35,671,-2.5109746184749713,-12.817239467545305,-2.563447893509061,0.47660954694219493,3006.8,1,ok,,DQN\dqn_model_optuna_trial_32
2026-06-07T16:32:22.845839,Optuna,optuna_20260607_155651,32,6,35,671,-0.36972175597566675,-13.18696122352097,-2.1978268705868285,0.39617583113306565,3007.63,1,ok,,DQN\dqn_model_optuna_trial_32
2026-06-07T16:32:24.344998,Optuna,optuna_20260607_155651,33,1,35,671,-2.646045377805752,-2.646045377805752,-2.646045377805752,0.7858412529453085,3007.41,1,ok,,DQN\dqn_model_optuna_trial_33
2026-06-07T16:32:26.187867,Optuna,optuna_20260607_155651,33,2,35,671,-0.8848783720371806,-3.5309237498429327,-1.7654618749214663,0.7413768824447962,3008.3,1,ok,,DQN\dqn_model_optuna_trial_33
2026-06-07T16:32:28.074745,Optuna,optuna_20260607_155651,33,3,35,671,-1.3956271241797826,-4.926550874022715,-1.6421836246742385,0.6969125119442838,3009.12,1,ok,,DQN\dqn_model_optuna_trial_33
2026-06-07T16:32:29.985211,Optuna,optuna_20260607_155651,33,4,35,671,-3.06256333441322,-7.989114208435936,-1.997278552108984,0.6524481414437715,3009.99,1,ok,,DQN\dqn_model_optuna_trial_33
2026-06-07T16:32:31.967180,Optuna,optuna_20260607_155651,33,5,35,671,-2.861522984990801,-10.850637193426737,-2.1701274386853475,0.6079837709432592,3010.88,1,ok,,DQN\dqn_model_optuna_trial_33
2026-06-07T16:32:33.923541,Optuna,optuna_20260607_155651,33,6,35,671,-1.0170518507308506,-11.867689044157586,-1.9779481740262643,0.5635194004427468,3011.75,1,ok,,DQN\dqn_model_optuna_trial_33
2026-06-07T16:32:35.813441,Optuna,optuna_20260607_155651,33,7,35,671,-1.1566741720640703,-13.024363216221657,-1.8606233166030939,0.5190550299422345,3012.63,1,ok,,DQN\dqn_model_optuna_trial_33
2026-06-07T16:32:37.757166,Optuna,optuna_20260607_155651,33,8,35,671,-2.2216522785850117,-15.246015494806668,-1.9057519368508335,0.4745906594417222,3013.45,1,ok,,DQN\dqn_model_optuna_trial_33
2026-06-07T16:32:39.724399,Optuna,optuna_20260607_155651,33,9,35,671,-2.1773015934844864,-17.423317088291157,-1.9359241209212397,0.43012628894120986,3014.33,1,ok,,DQN\dqn_model_optuna_trial_33
2026-06-07T16:32:41.702939,Optuna,optuna_20260607_155651,33,10,35,671,-2.049849620537509,-19.473166708828664,-1.9473166708828664,0.3856619184406975,3015.15,1,ok,,DQN\dqn_model_optuna_trial_33
2026-06-07T16:32:43.340029,Optuna,optuna_20260607_155651,34,1,35,671,-1.121033490796518,-1.121033490796518,-1.121033490796518,0.7349925353579788,2997.07,1,ok,,DQN\dqn_model_optuna_trial_34
2026-06-07T16:32:45.550927,Optuna,optuna_20260607_155651,34,2,35,671,-2.6526047669661876,-3.7736382577627055,-1.8868191288813527,0.6396415181214585,2997.95,1,ok,,DQN\dqn_model_optuna_trial_34
2026-06-07T16:32:47.701984,Optuna,optuna_20260607_155651,34,3,35,671,-1.4371674970614285,-5.210805754824134,-1.7369352516080447,0.5442905008849382,2999.82,1,ok,,DQN\dqn_model_optuna_trial_34
2026-06-07T16:32:49.826269,Optuna,optuna_20260607_155651,34,4,35,671,-4.012542691667741,-9.223348446491876,-2.305837111622969,0.44893948364843794,3000.71,1,ok,,DQN\dqn_model_optuna_trial_34
2026-06-07T16:32:52.032303,Optuna,optuna_20260607_155651,34,5,35,671,-1.0479209850359037,-10.271269431527779,-2.0542538863055557,0.3535884664119549,3001.59,1,ok,,DQN\dqn_model_optuna_trial_34
2026-06-07T16:32:54.247189,Optuna,optuna_20260607_155651,34,6,35,671,-1.8257757406162327,-12.097045172144012,-2.0161741953573356,0.25823744917547187,3002.4,1,ok,,DQN\dqn_model_optuna_trial_34
2026-06-07T16:32:56.445751,Optuna,optuna_20260607_155651,34,7,35,671,-0.6949622950776404,-12.792007467221653,-1.8274296381745219,0.16288643193898883,3003.22,1,ok,,DQN\dqn_model_optuna_trial_34
2026-06-07T16:32:58.713951,Optuna,optuna_20260607_155651,34,8,35,671,-1.879896897197239,-14.671904364418893,-1.8339880455523616,0.06753541470250579,3004.11,1,ok,,DQN\dqn_model_optuna_trial_34
2026-06-07T16:33:00.948313,Optuna,optuna_20260607_155651,34,9,35,671,0.3837464242262083,-14.288157940192685,-1.5875731044658539,0.03145359787129688,3004.98,1,ok,,DQN\dqn_model_optuna_trial_34
2026-06-07T16:33:03.286655,Optuna,optuna_20260607_155651,34,10,35,671,-0.770232861811251,-15.058390802003936,-1.5058390802003936,0.03145359787129688,3005.82,1,ok,,DQN\dqn_model_optuna_trial_34
2026-06-07T16:33:05.560619,Optuna,optuna_20260607_155651,34,11,35,671,0.33331216562747545,-14.72507863637646,-1.3386435123978602,0.03145359787129688,3006.75,1,ok,,DQN\dqn_model_optuna_trial_34
2026-06-07T16:33:07.901796,Optuna,optuna_20260607_155651,34,12,35,671,-0.38176032100692836,-15.106838957383388,-1.2589032464486156,0.03145359787129688,3007.62,1,ok,,DQN\dqn_model_optuna_trial_34
2026-06-07T16:33:10.443406,Optuna,optuna_20260607_155651,34,13,35,671,-0.8151821499822252,-15.922021107365614,-1.2247708544127396,0.03145359787129688,3008.38,1,ok,,DQN\dqn_model_optuna_trial_34
2026-06-07T16:33:12.924125,Optuna,optuna_20260607_155651,34,14,35,671,-0.798906669985238,-16.720927777350852,-1.1943519840964893,0.03145359787129688,3009.26,1,ok,,DQN\dqn_model_optuna_trial_34
2026-06-07T16:33:15.356145,Optuna,optuna_20260607_155651,34,15,35,671,-0.4221784806900491,-17.143106258040902,-1.1428737505360602,0.03145359787129688,3010.14,1,ok,,DQN\dqn_model_optuna_trial_34
2026-06-07T16:33:17.765728,Optuna,optuna_20260607_155651,34,16,35,671,0.491359186748129,-16.651747071292775,-1.0407341919557984,0.03145359787129688,3011.32,1,ok,,DQN\dqn_model_optuna_trial_34
2026-06-07T16:33:20.304535,Optuna,optuna_20260607_155651,34,17,35,671,-2.36583802941653,-19.017585100709304,-1.118681476512312,0.03145359787129688,3012.2,1,ok,,DQN\dqn_model_optuna_trial_34
2026-06-07T16:33:22.884938,Optuna,optuna_20260607_155651,34,18,35,671,-0.9664996265818425,-19.984084727291147,-1.1102269292939526,0.03145359787129688,3013.07,1,ok,,DQN\dqn_model_optuna_trial_34
2026-06-07T16:33:25.504885,Optuna,optuna_20260607_155651,34,19,35,671,-1.1697852733797314,-21.153870000670878,-1.1133615789826778,0.03145359787129688,3013.83,1,ok,,DQN\dqn_model_optuna_trial_34
2026-06-07T16:33:28.193174,Optuna,optuna_20260607_155651,34,20,35,671,-1.7581208750641328,-22.91199087573501,-1.1455995437867506,0.03145359787129688,3014.71,1,ok,,DQN\dqn_model_optuna_trial_34
2026-06-07T16:33:30.811817,Optuna,optuna_20260607_155651,34,21,35,671,0.4366612135043833,-22.475329662230628,-1.0702537934395537,0.03145359787129688,3015.59,1,ok,,DQN\dqn_model_optuna_trial_34
2026-06-07T16:33:33.519235,Optuna,optuna_20260607_155651,34,22,35,671,-1.062245264310851,-23.537574926541478,-1.069889769388249,0.03145359787129688,3016.47,1,ok,,DQN\dqn_model_optuna_trial_34
2026-06-07T16:33:36.167461,Optuna,optuna_20260607_155651,34,23,35,671,0.062281013356586826,-23.475293913184892,-1.0206649527471692,0.03145359787129688,3017.36,1,ok,,DQN\dqn_model_optuna_trial_34
2026-06-07T16:33:38.854298,Optuna,optuna_20260607_155651,34,24,35,671,-1.1254554101403331,-24.600749323325225,-1.0250312218052178,0.03145359787129688,3018.18,1,ok,,DQN\dqn_model_optuna_trial_34
2026-06-07T16:33:41.554472,Optuna,optuna_20260607_155651,34,25,35,671,-0.45102077796044465,-25.05177010128567,-1.0020708040514268,0.03145359787129688,3018.99,1,ok,,DQN\dqn_model_optuna_trial_34
2026-06-07T16:33:44.307498,Optuna,optuna_20260607_155651,34,26,35,671,-0.9770957997035508,-26.02886590098922,-1.0011102269611238,0.03145359787129688,3019.87,1,ok,,DQN\dqn_model_optuna_trial_34
2026-06-07T16:33:46.988780,Optuna,optuna_20260607_155651,34,27,35,671,-0.09616971257838013,-26.1250356135676,-0.9675939116136149,0.03145359787129688,3020.75,1,ok,,DQN\dqn_model_optuna_trial_34
2026-06-07T16:33:49.679929,Optuna,optuna_20260607_155651,34,28,35,671,-1.5996325780759955,-27.724668191643595,-0.9901667211301284,0.03145359787129688,3021.63,1,ok,,DQN\dqn_model_optuna_trial_34
2026-06-07T16:33:52.412076,Optuna,optuna_20260607_155651,34,29,35,671,-0.30383181591405023,-28.028500007557646,-0.9665000002606084,0.03145359787129688,3022.51,1,ok,,DQN\dqn_model_optuna_trial_34
2026-06-07T16:33:55.099320,Optuna,optuna_20260607_155651,34,30,35,671,-1.3947637098659538,-29.423263717423602,-0.9807754572474534,0.03145359787129688,3023.39,1,ok,,DQN\dqn_model_optuna_trial_34
2026-06-07T16:33:57.823891,Optuna,optuna_20260607_155651,34,31,35,671,-0.23829822767477002,-29.66156194509837,-0.956824578874141,0.03145359787129688,3024.21,1,ok,,DQN\dqn_model_optuna_trial_34
2026-06-07T16:34:00.390222,Optuna,optuna_20260607_155651,34,32,35,671,-0.3371015283088241,-29.998663473407195,-0.9374582335439748,0.03145359787129688,3025.02,1,ok,,DQN\dqn_model_optuna_trial_34
2026-06-07T16:34:03.022353,Optuna,optuna_20260607_155651,34,33,35,671,-0.5804330646359042,-30.5790965380431,-0.9266392890316091,0.03145359787129688,3025.9,1,ok,,DQN\dqn_model_optuna_trial_34
2026-06-07T16:34:05.778405,Optuna,optuna_20260607_155651,34,34,35,671,-1.9049099716638314,-32.48400650970693,-0.9554119561678509,0.03145359787129688,3026.79,1,ok,,DQN\dqn_model_optuna_trial_34
2026-06-07T16:34:08.323616,Optuna,optuna_20260607_155651,34,35,35,671,-0.4331805583448526,-32.91718706805178,-0.9404910590871938,0.03145359787129688,3027.66,1,ok,,DQN\dqn_model_optuna_trial_34
2026-06-07T16:34:09.358536,Optuna,optuna_20260607_155651,35,1,35,671,-1.5258417824700015,-1.5258417824700015,-1.5258417824700015,0.8325878898524569,3034.84,1,ok,,DQN\dqn_model_optuna_trial_35
2026-06-07T16:34:11.764627,Optuna,optuna_20260607_155651,35,2,35,671,-1.1237776370771961,-2.6496194195471974,-1.3248097097735987,0.8041415604171716,3036.08,1,ok,,DQN\dqn_model_optuna_trial_35
2026-06-07T16:34:14.228715,Optuna,optuna_20260607_155651,35,3,35,671,-2.133299340992809,-4.7829187605400065,-1.5943062535133354,0.7756952309818862,3036.98,1,ok,,DQN\dqn_model_optuna_trial_35
2026-06-07T16:34:16.776356,Optuna,optuna_20260607_155651,35,4,35,671,-2.929061073318069,-7.711979833858075,-1.9279949584645188,0.7472489015466008,3037.86,1,ok,,DQN\dqn_model_optuna_trial_35
2026-06-07T16:34:19.290001,Optuna,optuna_20260607_155651,35,5,35,671,-1.2048748510493632,-8.916854684907438,-1.7833709369814876,0.7188025721113155,3038.74,1,ok,,DQN\dqn_model_optuna_trial_35
2026-06-07T16:34:21.781050,Optuna,optuna_20260607_155651,35,6,35,671,-2.768491353684476,-11.685346038591915,-1.9475576730986524,0.6903562426760301,3039.55,1,ok,,DQN\dqn_model_optuna_trial_35
2026-06-07T16:34:24.276915,Optuna,optuna_20260607_155651,35,7,35,671,-1.527195281216915,-13.21254131980883,-1.8875059028298329,0.6619099132407448,3040.43,1,ok,,DQN\dqn_model_optuna_trial_35
2026-06-07T16:34:26.997876,Optuna,optuna_20260607_155651,35,8,35,671,-2.018955702893841,-15.231497022702671,-1.9039371278378339,0.6334635838054594,3041.32,1,ok,,DQN\dqn_model_optuna_trial_35
2026-06-07T16:34:29.638741,Optuna,optuna_20260607_155651,35,9,35,671,-2.8054575353719713,-18.03695455807464,-2.0041060620082933,0.6050172543701741,3042.19,1,ok,,DQN\dqn_model_optuna_trial_35
2026-06-07T16:34:32.236329,Optuna,optuna_20260607_155651,35,10,35,671,-2.5627531167894397,-20.59970767486408,-2.059970767486408,0.5765709249348887,3043.07,1,ok,,DQN\dqn_model_optuna_trial_35
2026-06-07T16:34:34.896770,Optuna,optuna_20260607_155651,35,11,35,671,-2.3864728366931307,-22.98618051155721,-2.0896527737779285,0.5481245954996034,3043.89,1,ok,,DQN\dqn_model_optuna_trial_35
2026-06-07T16:34:37.482487,Optuna,optuna_20260607_155651,35,12,35,671,-1.039652605687038,-24.02583311724425,-2.0021527597703543,0.519678266064318,3044.71,1,ok,,DQN\dqn_model_optuna_trial_35
2026-06-07T16:34:40.096276,Optuna,optuna_20260607_155651,35,13,35,671,-0.4632610389542775,-24.48909415619853,-1.883776473553733,0.49123193662903264,3045.59,1,ok,,DQN\dqn_model_optuna_trial_35
2026-06-07T16:34:42.705185,Optuna,optuna_20260607_155651,35,14,35,671,-3.8080249938456894,-28.297119150044217,-2.0212227964317298,0.4627856071937473,3046.47,1,ok,,DQN\dqn_model_optuna_trial_35
2026-06-07T16:34:45.471226,Optuna,optuna_20260607_155651,35,15,35,671,-1.097662177593696,-29.394781327637915,-1.9596520885091944,0.43433927775846193,3047.32,1,ok,,DQN\dqn_model_optuna_trial_35
2026-06-07T16:34:48.135604,Optuna,optuna_20260607_155651,35,16,35,671,0.008345676873083806,-29.38643565076483,-1.836652228172802,0.4058929483231766,3048.23,1,ok,,DQN\dqn_model_optuna_trial_35
2026-06-07T16:34:50.786791,Optuna,optuna_20260607_155651,35,17,35,671,-0.8747643210498606,-30.26119997181469,-1.7800705865773347,0.3774466188878912,3049.05,1,ok,,DQN\dqn_model_optuna_trial_35
2026-06-07T16:34:51.831525,Optuna,optuna_20260607_155651,36,1,35,671,-2.9181417796150066,-2.9181417796150066,-2.9181417796150066,0.8440435661169204,2996.8,1,ok,,DQN\dqn_model_optuna_trial_36
2026-06-07T16:34:54.256844,Optuna,optuna_20260607_155651,36,2,35,671,-2.5120521585436997,-5.430193938158706,-2.715096969079353,0.7838307596642938,2997.62,1,ok,,DQN\dqn_model_optuna_trial_36
2026-06-07T16:34:56.763294,Optuna,optuna_20260607_155651,36,3,35,671,-1.4223557564527631,-6.8525496946114695,-2.2841832315371566,0.7236179532116672,2998.49,1,ok,,DQN\dqn_model_optuna_trial_36
2026-06-07T16:34:59.314367,Optuna,optuna_20260607_155651,36,4,35,671,-1.31832761929653,-8.170877313907999,-2.0427193284769998,0.6634051467590406,2999.31,1,ok,,DQN\dqn_model_optuna_trial_36
2026-06-07T16:35:01.819487,Optuna,optuna_20260607_155651,36,5,35,671,-1.4443869296593121,-9.615264243567312,-1.9230528487134624,0.603192340306414,3000.2,1,ok,,DQN\dqn_model_optuna_trial_36
2026-06-07T16:35:04.462622,Optuna,optuna_20260607_155651,36,6,35,671,-2.5140538758912023,-12.129318119458514,-2.0215530199097524,0.5429795338537874,3001.07,1,ok,,DQN\dqn_model_optuna_trial_36
2026-06-07T16:35:06.994231,Optuna,optuna_20260607_155651,36,7,35,671,-0.27118716081792804,-12.400505280276441,-1.771500754325206,0.48276672740115006,3001.95,1,ok,,DQN\dqn_model_optuna_trial_36
2026-06-07T16:35:09.536738,Optuna,optuna_20260607_155651,36,8,35,671,-1.1919200391911016,-13.592425319467543,-1.6990531649334428,0.4225539209484862,3002.77,1,ok,,DQN\dqn_model_optuna_trial_36
2026-06-07T16:35:12.105868,Optuna,optuna_20260607_155651,36,9,35,671,-0.07368197300621626,-13.66610729247376,-1.5184563658304178,0.36234111449582235,3003.65,1,ok,,DQN\dqn_model_optuna_trial_36
2026-06-07T16:35:14.717929,Optuna,optuna_20260607_155651,36,10,35,671,-0.8415709162162668,-14.507678208690026,-1.4507678208690025,0.3021283080431585,3004.47,1,ok,,DQN\dqn_model_optuna_trial_36
2026-06-07T16:35:17.330713,Optuna,optuna_20260607_155651,36,11,35,671,-3.0077184810832964,-17.515396689773322,-1.5923087899793928,0.24191550159049463,3005.35,1,ok,,DQN\dqn_model_optuna_trial_36
2026-06-07T16:35:19.951250,Optuna,optuna_20260607_155651,36,12,35,671,-2.008984861598828,-19.52438155137215,-1.6270317959476792,0.18170269513783077,3006.23,1,ok,,DQN\dqn_model_optuna_trial_36
2026-06-07T16:35:22.614688,Optuna,optuna_20260607_155651,36,13,35,671,-0.47855340721204764,-20.0029349585842,-1.5386873045064768,0.12148988868516747,3007.11,1,ok,,DQN\dqn_model_optuna_trial_36
2026-06-07T16:35:24.166739,Optuna,optuna_20260607_155651,37,1,35,671,-2.8101080847811777,-2.8101080847811777,-2.8101080847811777,0.7883341703862409,3012.99,1,ok,,DQN\dqn_model_optuna_trial_37
2026-06-07T16:35:26.278857,Optuna,optuna_20260607_155651,37,2,35,671,-1.833239173254688,-4.643347258035866,-2.321673629017933,0.773275309796057,3013.86,1,ok,,DQN\dqn_model_optuna_trial_37
2026-06-07T16:35:28.463277,Optuna,optuna_20260607_155651,37,3,35,671,-2.550639519341667,-7.193986777377533,-2.3979955924591776,0.758216449205873,3014.68,1,ok,,DQN\dqn_model_optuna_trial_37
2026-06-07T16:35:30.619700,Optuna,optuna_20260607_155651,37,4,35,671,-1.5553457404859345,-8.749332517863467,-2.1873331294658667,0.7431575886156891,3015.55,1,ok,,DQN\dqn_model_optuna_trial_37
2026-06-07T16:35:32.843832,Optuna,optuna_20260607_155651,37,5,35,671,-1.0057337682164351,-9.755066286079902,-1.9510132572159804,0.7280987280255052,3016.7,1,ok,,DQN\dqn_model_optuna_trial_37
2026-06-07T16:35:35.067275,Optuna,optuna_20260607_155651,37,6,35,671,-1.331849238507535,-11.086915524587438,-1.8478192540979064,0.7130398674353213,3017.58,1,ok,,DQN\dqn_model_optuna_trial_37
2026-06-07T16:35:37.268875,Optuna,optuna_20260607_155651,37,7,35,671,-2.1750692214134815,-13.26198474600092,-1.8945692494287028,0.6979810068451374,3018.46,1,ok,,DQN\dqn_model_optuna_trial_37
2026-06-07T16:35:38.590800,Optuna,optuna_20260607_155651,38,1,35,671,-2.2725074505168315,-2.2725074505168315,-2.2725074505168315,0.8374265187808432,3001.62,1,ok,,DQN\dqn_model_optuna_trial_38
2026-06-07T16:35:40.648308,Optuna,optuna_20260607_155651,38,2,35,671,-2.735246226962217,-5.007753677479048,-2.503876838739524,0.7719056896187084,3002.51,1,ok,,DQN\dqn_model_optuna_trial_38
2026-06-07T16:35:42.697960,Optuna,optuna_20260607_155651,38,3,35,671,-1.3892641913758723,-6.39701786885492,-2.1323392896183067,0.7063848604565737,3003.38,1,ok,,DQN\dqn_model_optuna_trial_38
2026-06-07T16:35:44.895112,Optuna,optuna_20260607_155651,38,4,35,671,-2.3729110422452715,-8.769928911100191,-2.1924822277750478,0.6408640312944389,3004.2,1,ok,,DQN\dqn_model_optuna_trial_38
2026-06-07T16:35:46.978426,Optuna,optuna_20260607_155651,38,5,35,671,-1.552187659802303,-10.322116570902494,-2.064423314180499,0.5753432021323042,3005.09,1,ok,,DQN\dqn_model_optuna_trial_38
2026-06-07T16:35:49.083738,Optuna,optuna_20260607_155651,38,6,35,671,0.07198745860023971,-10.250129112302254,-1.7083548520503757,0.5098223729701694,3005.9,1,ok,,DQN\dqn_model_optuna_trial_38
2026-06-07T16:35:51.161756,Optuna,optuna_20260607_155651,38,7,35,671,-1.7279563769085857,-11.978085489210839,-1.7111550698872626,0.44430154380800296,3006.78,1,ok,,DQN\dqn_model_optuna_trial_38
2026-06-07T16:35:53.305731,Optuna,optuna_20260607_155651,38,8,35,671,-2.495605257503536,-14.473690746714375,-1.809211343339297,0.37878071464583096,3007.66,1,ok,,DQN\dqn_model_optuna_trial_38
2026-06-07T16:35:55.432969,Optuna,optuna_20260607_155651,38,9,35,671,-2.229878166730162,-16.70356891344454,-1.8559521014938376,0.31325988548365896,3008.54,1,ok,,DQN\dqn_model_optuna_trial_38
2026-06-07T16:35:56.444101,Optuna,optuna_20260607_155651,39,1,35,671,-2.3572420463232056,-2.3572420463232056,-2.3572420463232056,0.9066550815913469,3011.92,1,ok,,DQN\dqn_model_optuna_trial_39
2026-06-07T16:35:58.781207,Optuna,optuna_20260607_155651,39,2,35,671,-1.6204135801011352,-3.977655626424341,-1.9888278132121704,0.8995255959901395,3012.8,1,ok,,DQN\dqn_model_optuna_trial_39
2026-06-07T16:36:01.110543,Optuna,optuna_20260607_155651,39,3,35,671,-2.919687552359822,-6.897343178784163,-2.2991143929280544,0.8923961103889321,3013.62,1,ok,,DQN\dqn_model_optuna_trial_39
2026-06-07T16:36:03.453052,Optuna,optuna_20260607_155651,39,4,35,671,-1.054438994616434,-7.951782173400597,-1.9879455433501492,0.8852666247877247,3014.56,1,ok,,DQN\dqn_model_optuna_trial_39
2026-06-07T16:36:05.837535,Optuna,optuna_20260607_155651,39,5,35,671,-1.53475060965229,-9.486532783052887,-1.8973065566105773,0.8781371391865173,3015.57,1,ok,,DQN\dqn_model_optuna_trial_39
2026-06-07T16:36:08.322784,Optuna,optuna_20260607_155651,39,6,35,671,-1.1710740073262338,-10.65760679037912,-1.77626779839652,0.8710076535853098,3016.45,1,ok,,DQN\dqn_model_optuna_trial_39
2026-06-07T16:36:10.754234,Optuna,optuna_20260607_155651,39,7,35,671,-1.7304093476662987,-12.388016138045419,-1.7697165911493455,0.8638781679841024,3017.33,1,ok,,DQN\dqn_model_optuna_trial_39
2026-06-07T16:36:13.184607,Optuna,optuna_20260607_155651,39,8,35,671,-2.069004053370529,-14.457020191415948,-1.8071275239269935,0.856748682382895,3018.15,1,ok,,DQN\dqn_model_optuna_trial_39
2026-06-07T16:36:13.856963,Optuna,optuna_20260607_155651,40,1,35,671,-2.4872915656225367,-2.4872915656225367,-2.4872915656225367,0.8309429899856178,3002.57,1,ok,,DQN\dqn_model_optuna_trial_40
2026-06-07T16:36:16.395861,Optuna,optuna_20260607_155651,40,2,35,671,-2.5266878326206905,-5.013979398243228,-2.506989699121614,0.7275486507477672,3004.57,1,ok,,DQN\dqn_model_optuna_trial_40
2026-06-07T16:36:19.095077,Optuna,optuna_20260607_155651,40,3,35,671,-1.9054720909985217,-6.91945148924175,-2.30648382974725,0.6241543115099166,3005.57,1,ok,,DQN\dqn_model_optuna_trial_40
2026-06-07T16:36:21.734310,Optuna,optuna_20260607_155651,40,4,35,671,4.0013104573773814,-2.9181410318643684,-0.7295352579660921,0.520759972272066,3006.46,1,ok,,DQN\dqn_model_optuna_trial_40
2026-06-07T16:36:24.535268,Optuna,optuna_20260607_155651,40,5,35,671,-3.328374089074168,-6.246515120938536,-1.2493030241877072,0.4173656330342453,3007.34,1,ok,,DQN\dqn_model_optuna_trial_40
2026-06-07T16:36:27.316302,Optuna,optuna_20260607_155651,40,6,35,671,-2.582671778767913,-8.82918689970645,-1.471531149951075,0.31397129379643196,3008.15,1,ok,,DQN\dqn_model_optuna_trial_40
2026-06-07T16:36:30.129334,Optuna,optuna_20260607_155651,40,7,35,671,-0.40731795183147196,-9.236504851537921,-1.3195006930768458,0.21057695455861153,3009.04,1,ok,,DQN\dqn_model_optuna_trial_40
2026-06-07T16:36:32.953943,Optuna,optuna_20260607_155651,40,8,35,671,-1.1229139356615414,-10.359418787199463,-1.2949273483999328,0.10718261532078119,3009.92,1,ok,,DQN\dqn_model_optuna_trial_40
2026-06-07T16:36:35.965538,Optuna,optuna_20260607_155651,40,9,35,671,0.42523333475236025,-9.934185452447103,-1.1037983836052336,0.02621366455257703,3010.73,1,ok,,DQN\dqn_model_optuna_trial_40
2026-06-07T16:36:38.831270,Optuna,optuna_20260607_155651,40,10,35,671,-0.7866120606827709,-10.720797513129874,-1.0720797513129874,0.02621366455257703,3011.61,1,ok,,DQN\dqn_model_optuna_trial_40
2026-06-07T16:36:41.682349,Optuna,optuna_20260607_155651,40,11,35,671,6.851430422673824,-3.86936709045605,-0.35176064458691364,0.02621366455257703,3012.5,1,ok,,DQN\dqn_model_optuna_trial_40
2026-06-07T16:36:44.666455,Optuna,optuna_20260607_155651,40,12,35,671,-0.02032193514117606,-3.8896890255972263,-0.3241407521331022,0.02621366455257703,3013.31,1,ok,,DQN\dqn_model_optuna_trial_40
2026-06-07T16:36:47.585867,Optuna,optuna_20260607_155651,40,13,35,671,-0.30178574298154603,-4.1914747685787725,-0.32242113604452094,0.02621366455257703,3014.19,1,ok,,DQN\dqn_model_optuna_trial_40
2026-06-07T16:36:50.501623,Optuna,optuna_20260607_155651,40,14,35,671,-0.5109720117536967,-4.702446780332469,-0.3358890557380335,0.02621366455257703,3015.07,1,ok,,DQN\dqn_model_optuna_trial_40
2026-06-07T16:36:53.438759,Optuna,optuna_20260607_155651,40,15,35,671,-2.6383406029183454,-7.340787383250815,-0.48938582555005433,0.02621366455257703,3015.89,1,ok,,DQN\dqn_model_optuna_trial_40
2026-06-07T16:36:56.354705,Optuna,optuna_20260607_155651,40,16,35,671,-1.0017886328948324,-8.342576016145648,-0.521411001009103,0.02621366455257703,3016.77,1,ok,,DQN\dqn_model_optuna_trial_40
2026-06-07T16:36:59.331178,Optuna,optuna_20260607_155651,40,17,35,671,-0.2348495286047533,-8.577425544750401,-0.5045544438088472,0.02621366455257703,3017.65,1,ok,,DQN\dqn_model_optuna_trial_40
2026-06-07T16:37:02.242435,Optuna,optuna_20260607_155651,40,18,35,671,0.4692218429660031,-8.108203701784397,-0.4504557612102443,0.02621366455257703,3018.46,1,ok,,DQN\dqn_model_optuna_trial_40
2026-06-07T16:37:05.263621,Optuna,optuna_20260607_155651,40,19,35,671,0.17180831159145143,-7.936395390192946,-0.4177050205364708,0.02621366455257703,3019.35,1,ok,,DQN\dqn_model_optuna_trial_40
2026-06-07T16:37:08.240559,Optuna,optuna_20260607_155651,40,20,35,671,-0.8321774504069166,-8.768572840599862,-0.4384286420299931,0.02621366455257703,3020.23,1,ok,,DQN\dqn_model_optuna_trial_40
2026-06-07T16:37:11.214083,Optuna,optuna_20260607_155651,40,21,35,671,-1.5133105020149933,-10.281883342614856,-0.4896134925054693,0.02621366455257703,3021.04,1,ok,,DQN\dqn_model_optuna_trial_40
2026-06-07T16:37:14.229139,Optuna,optuna_20260607_155651,40,22,35,671,0.39368081058089627,-9.88820253203396,-0.4494637514560891,0.02621366455257703,3021.93,1,ok,,DQN\dqn_model_optuna_trial_40
2026-06-07T16:37:17.227699,Optuna,optuna_20260607_155651,40,23,35,671,-1.395327926953734,-11.283530458987693,-0.4905882808255519,0.02621366455257703,3022.81,1,ok,,DQN\dqn_model_optuna_trial_40
2026-06-07T16:37:20.283822,Optuna,optuna_20260607_155651,40,24,35,671,0.18919481372957228,-11.09433564525812,-0.46226398521908835,0.02621366455257703,3023.68,1,ok,,DQN\dqn_model_optuna_trial_40
2026-06-07T16:37:23.318364,Optuna,optuna_20260607_155651,40,25,35,671,0.17718665398086342,-10.917148991277257,-0.43668595965109025,0.02621366455257703,3024.56,1,ok,,DQN\dqn_model_optuna_trial_40
2026-06-07T16:37:26.336030,Optuna,optuna_20260607_155651,40,26,35,671,-0.06565627494111852,-10.982805266218376,-0.42241558716224525,0.02621366455257703,3025.44,1,ok,,DQN\dqn_model_optuna_trial_40
2026-06-07T16:37:29.339821,Optuna,optuna_20260607_155651,40,27,35,671,-0.9319283952387581,-11.914733661457134,-0.4412864319058198,0.02621366455257703,3026.25,1,ok,,DQN\dqn_model_optuna_trial_40
2026-06-07T16:37:32.387962,Optuna,optuna_20260607_155651,40,28,35,671,0.1938606720731455,-11.720872989383988,-0.41860260676371386,0.02621366455257703,3027.13,1,ok,,DQN\dqn_model_optuna_trial_40
2026-06-07T16:37:35.412937,Optuna,optuna_20260607_155651,40,29,35,671,-0.1548389955192846,-11.875711984903273,-0.40950730982425076,0.02621366455257703,3028.01,1,ok,,DQN\dqn_model_optuna_trial_40
2026-06-07T16:37:38.483605,Optuna,optuna_20260607_155651,40,30,35,671,-0.4092752032276402,-12.284987188130913,-0.40949957293769707,0.02621366455257703,3028.89,1,ok,,DQN\dqn_model_optuna_trial_40
2026-06-07T16:37:41.513409,Optuna,optuna_20260607_155651,40,31,35,671,-0.49454775827905423,-12.779534946409967,-0.4122430627874183,0.02621366455257703,3029.7,1,ok,,DQN\dqn_model_optuna_trial_40
2026-06-07T16:37:44.712404,Optuna,optuna_20260607_155651,40,32,35,671,-0.07941201790523035,-12.858946964315198,-0.40184209263484993,0.02621366455257703,3030.58,1,ok,,DQN\dqn_model_optuna_trial_40
2026-06-07T16:37:47.846591,Optuna,optuna_20260607_155651,40,33,35,671,0.3351165290459457,-12.523830435269252,-0.37951001318997735,0.02621366455257703,3031.46,1,ok,,DQN\dqn_model_optuna_trial_40
2026-06-07T16:37:50.938506,Optuna,optuna_20260607_155651,40,34,35,671,0.0520523145137831,-12.471778120755468,-0.36681700355163144,0.02621366455257703,3032.27,1,ok,,DQN\dqn_model_optuna_trial_40
2026-06-07T16:37:54.071724,Optuna,optuna_20260607_155651,40,35,35,671,-0.4790861622542435,-12.950864283009711,-0.37002469380027747,0.02621366455257703,3033.15,1,ok,,DQN\dqn_model_optuna_trial_40
2026-06-07T16:37:54.726948,Optuna,optuna_20260607_155651,41,1,35,671,-2.2378895252722533,-2.2378895252722533,-2.2378895252722533,0.8303899210305865,3003.93,1,ok,,DQN\dqn_model_optuna_trial_41
2026-06-07T16:37:57.237474,Optuna,optuna_20260607_155651,41,2,35,671,-1.7008616939684296,-3.938751219240683,-1.9693756096203414,0.7267909986690276,3004.87,1,ok,,DQN\dqn_model_optuna_trial_41
2026-06-07T16:37:59.964432,Optuna,optuna_20260607_155651,41,3,35,671,-1.7597651578846847,-5.698516377125367,-1.899505459041789,0.6231920763074688,3005.74,1,ok,,DQN\dqn_model_optuna_trial_41
2026-06-07T16:38:02.582338,Optuna,optuna_20260607_155651,41,4,35,671,1.5569548526260217,-4.141561524499346,-1.0353903811248364,0.5195931539459099,3006.62,1,ok,,DQN\dqn_model_optuna_trial_41
2026-06-07T16:38:05.334005,Optuna,optuna_20260607_155651,41,5,35,671,-0.40588472505023876,-4.547446249549584,-0.9094892499099169,0.41599423158438126,3007.51,1,ok,,DQN\dqn_model_optuna_trial_41
2026-06-07T16:38:08.095922,Optuna,optuna_20260607_155651,41,6,35,671,-1.5601991020879364,-6.107645351637521,-1.0179408919395867,0.31239530922285963,3008.32,1,ok,,DQN\dqn_model_optuna_trial_41
2026-06-07T16:38:10.852178,Optuna,optuna_20260607_155651,41,7,35,671,5.959374894658306,-0.1482704569792146,-0.021181493854173512,0.208796386861338,3009.2,1,ok,,DQN\dqn_model_optuna_trial_41
2026-06-07T16:38:13.715822,Optuna,optuna_20260607_155651,41,8,35,671,-0.31540982567412834,-0.46368028265334293,-0.05796003533166787,0.10519746449981637,3010.02,1,ok,,DQN\dqn_model_optuna_trial_41
2026-06-07T16:38:16.532201,Optuna,optuna_20260607_155651,41,9,35,671,0.2931201660035573,-0.17056011664978565,-0.018951124072198407,0.02606279521464759,3010.9,1,ok,,DQN\dqn_model_optuna_trial_41
2026-06-07T16:38:19.404423,Optuna,optuna_20260607_155651,41,10,35,671,-1.0287030386819294,-1.199263155331715,-0.1199263155331715,0.02606279521464759,3011.73,1,ok,,DQN\dqn_model_optuna_trial_41
2026-06-07T16:38:22.297562,Optuna,optuna_20260607_155651,41,11,35,671,-1.4670085806637005,-2.666271735995416,-0.2423883396359469,0.02606279521464759,3012.66,1,ok,,DQN\dqn_model_optuna_trial_41
2026-06-07T16:38:25.171377,Optuna,optuna_20260607_155651,41,12,35,671,-0.14204973493833067,-2.8083214709337465,-0.23402678924447887,0.02606279521464759,3013.48,1,ok,,DQN\dqn_model_optuna_trial_41
2026-06-07T16:38:28.001840,Optuna,optuna_20260607_155651,41,13,35,671,-0.9158169466342514,-3.724138417567998,-0.28647218596676904,0.02606279521464759,3014.36,1,ok,,DQN\dqn_model_optuna_trial_41
2026-06-07T16:38:30.921375,Optuna,optuna_20260607_155651,41,14,35,671,-0.6251548447423597,-4.349293262310358,-0.3106638044507398,0.02606279521464759,3015.24,1,ok,,DQN\dqn_model_optuna_trial_41
2026-06-07T16:38:33.844733,Optuna,optuna_20260607_155651,41,15,35,671,0.41961434152421007,-3.9296789207861478,-0.26197859471907653,0.02606279521464759,3016.05,1,ok,,DQN\dqn_model_optuna_trial_41
2026-06-07T16:38:36.935404,Optuna,optuna_20260607_155651,41,16,35,671,0.37588472305780407,-3.553794197728344,-0.2221121373580215,0.02606279521464759,3016.94,1,ok,,DQN\dqn_model_optuna_trial_41
2026-06-07T16:38:39.888664,Optuna,optuna_20260607_155651,41,17,35,671,-1.000959639538256,-4.5547538372666,-0.2679266963098,0.02606279521464759,3017.82,1,ok,,DQN\dqn_model_optuna_trial_41
2026-06-07T16:38:42.901608,Optuna,optuna_20260607_155651,41,18,35,671,0.31342293114208014,-4.24133090612452,-0.23562949478469555,0.02606279521464759,3018.63,1,ok,,DQN\dqn_model_optuna_trial_41
2026-06-07T16:38:45.923320,Optuna,optuna_20260607_155651,41,19,35,671,-1.2482799570003835,-5.489610863124904,-0.2889268875328897,0.02606279521464759,3019.52,1,ok,,DQN\dqn_model_optuna_trial_41
2026-06-07T16:38:48.907758,Optuna,optuna_20260607_155651,41,20,35,671,-1.7086777288126564,-7.19828859193756,-0.359914429596878,0.02606279521464759,3020.4,1,ok,,DQN\dqn_model_optuna_trial_41
2026-06-07T16:38:51.880219,Optuna,optuna_20260607_155651,41,21,35,671,-3.1191881045690812,-10.317476696506642,-0.4913084141193639,0.02606279521464759,3021.21,1,ok,,DQN\dqn_model_optuna_trial_41
2026-06-07T16:38:54.900631,Optuna,optuna_20260607_155651,41,22,35,671,-0.7193823948467359,-11.036859091353378,-0.5016754132433353,0.02606279521464759,3022.09,1,ok,,DQN\dqn_model_optuna_trial_41
2026-06-07T16:38:57.885096,Optuna,optuna_20260607_155651,41,23,35,671,-1.2295025321835253,-12.266361623536904,-0.533320070588561,0.02606279521464759,3022.98,1,ok,,DQN\dqn_model_optuna_trial_41
2026-06-07T16:39:00.904739,Optuna,optuna_20260607_155651,41,24,35,671,-0.2982870717603171,-12.56464869529722,-0.5235270289707176,0.02606279521464759,3023.79,1,ok,,DQN\dqn_model_optuna_trial_41
2026-06-07T16:39:03.897015,Optuna,optuna_20260607_155651,41,25,35,671,-1.0874431988516853,-13.652091894148906,-0.5460836757659563,0.02606279521464759,3024.67,1,ok,,DQN\dqn_model_optuna_trial_41
2026-06-07T16:39:06.911080,Optuna,optuna_20260607_155651,41,26,35,671,0.4487398049584455,-13.20335208919046,-0.5078212341996331,0.02606279521464759,3025.61,1,ok,,DQN\dqn_model_optuna_trial_41
2026-06-07T16:39:09.948109,Optuna,optuna_20260607_155651,41,27,35,671,-1.079891228106255,-14.283243317296716,-0.5290090117517302,0.02606279521464759,3026.43,1,ok,,DQN\dqn_model_optuna_trial_41
2026-06-07T16:39:13.004957,Optuna,optuna_20260607_155651,41,28,35,671,-0.9308954224979485,-15.214138739794665,-0.5433620978498095,0.02606279521464759,3027.3,1,ok,,DQN\dqn_model_optuna_trial_41
2026-06-07T16:39:16.069907,Optuna,optuna_20260607_155651,41,29,35,671,-0.20288117783343335,-15.417019917628098,-0.5316213764699345,0.02606279521464759,3028.18,1,ok,,DQN\dqn_model_optuna_trial_41
2026-06-07T16:39:19.176373,Optuna,optuna_20260607_155651,41,30,35,671,-0.1633731882793173,-15.580393105907415,-0.5193464368635805,0.02606279521464759,3029.0,1,ok,,DQN\dqn_model_optuna_trial_41
2026-06-07T16:39:22.261381,Optuna,optuna_20260607_155651,41,31,35,671,-1.0615281868719832,-16.641921292779397,-0.5368361707348193,0.02606279521464759,3029.88,1,ok,,DQN\dqn_model_optuna_trial_41
2026-06-07T16:39:25.740735,Optuna,optuna_20260607_155651,41,32,35,671,-1.0752915807978864,-17.717212873577285,-0.5536629022992902,0.02606279521464759,3030.75,1,ok,,DQN\dqn_model_optuna_trial_41
2026-06-07T16:39:29.270599,Optuna,optuna_20260607_155651,41,33,35,671,-2.0405720041685083,-19.75778487774579,-0.5987207538710846,0.02606279521464759,3031.57,1,ok,,DQN\dqn_model_optuna_trial_41
2026-06-07T16:39:32.667290,Optuna,optuna_20260607_155651,41,34,35,671,-0.4710216715400245,-20.228806549285817,-0.5949648985084064,0.02606279521464759,3032.45,1,ok,,DQN\dqn_model_optuna_trial_41
2026-06-07T16:39:36.016426,Optuna,optuna_20260607_155651,41,35,35,671,-1.496770795762694,-21.72557734504851,-0.6207307812871002,0.02606279521464759,3033.32,1,ok,,DQN\dqn_model_optuna_trial_41
2026-06-07T16:39:36.766221,Optuna,optuna_20260607_155651,42,1,35,671,-1.581145694037353,-1.581145694037353,-1.581145694037353,0.8316244922583832,3004.09,1,ok,,DQN\dqn_model_optuna_trial_42
2026-06-07T16:39:39.749959,Optuna,optuna_20260607_155651,42,2,35,671,-2.204973638959581,-3.7861193329969343,-1.8930596664984671,0.7215145701250357,3004.84,1,ok,,DQN\dqn_model_optuna_trial_42
2026-06-07T16:39:42.516427,Optuna,optuna_20260607_155651,42,3,35,671,-1.6051582786615017,-5.391277611658436,-1.7970925372194788,0.6114046479916883,3005.72,1,ok,,DQN\dqn_model_optuna_trial_42
2026-06-07T16:39:45.436339,Optuna,optuna_20260607_155651,42,4,35,671,-1.9493234681038405,-7.340601079762277,-1.8351502699405693,0.5012947258583408,3006.6,1,ok,,DQN\dqn_model_optuna_trial_42
2026-06-07T16:39:48.325453,Optuna,optuna_20260607_155651,42,5,35,671,-1.5405578476210031,-8.88115892738328,-1.776231785476656,0.3911848037249933,3007.48,1,ok,,DQN\dqn_model_optuna_trial_42
2026-06-07T16:39:51.451802,Optuna,optuna_20260607_155651,42,6,35,671,-1.535412810551633,-10.416571737934913,-1.7360952896558188,0.28107488159164584,3008.36,1,ok,,DQN\dqn_model_optuna_trial_42
2026-06-07T16:39:54.682532,Optuna,optuna_20260607_155651,42,7,35,671,-2.017544109606711,-12.434115847541623,-1.7763022639345176,0.17096495945831175,3009.24,1,ok,,DQN\dqn_model_optuna_trial_42
2026-06-07T16:39:57.791324,Optuna,optuna_20260607_155651,42,8,35,671,-1.8426378658236104,-14.276753713365233,-1.7845942141706541,0.06085503732497755,3010.12,1,ok,,DQN\dqn_model_optuna_trial_42
2026-06-07T16:40:00.888163,Optuna,optuna_20260607_155651,42,9,35,671,0.2981187822381533,-13.978634931127079,-1.5531816590141199,0.027967563452759546,3010.88,1,ok,,DQN\dqn_model_optuna_trial_42
2026-06-07T16:40:04.068380,Optuna,optuna_20260607_155651,42,10,35,671,0.16735456700294807,-13.811280364124132,-1.3811280364124132,0.027967563452759546,3011.76,1,ok,,DQN\dqn_model_optuna_trial_42
2026-06-07T16:40:06.991417,Optuna,optuna_20260607_155651,42,11,35,671,-0.013622166103075971,-13.824902530227208,-1.2568093209297462,0.027967563452759546,3012.64,1,ok,,DQN\dqn_model_optuna_trial_42
2026-06-07T16:40:10.008802,Optuna,optuna_20260607_155651,42,12,35,671,-0.1906714102991292,-14.015573940526338,-1.1679644950438615,0.027967563452759546,3013.52,1,ok,,DQN\dqn_model_optuna_trial_42
2026-06-07T16:40:13.035986,Optuna,optuna_20260607_155651,42,13,35,671,-1.1116683259085112,-15.127242266434848,-1.1636340204949884,0.027967563452759546,3014.4,1,ok,,DQN\dqn_model_optuna_trial_42
2026-06-07T16:40:16.220458,Optuna,optuna_20260607_155651,42,14,35,671,0.4849048886003536,-14.642337377834494,-1.0458812412738925,0.027967563452759546,3015.28,1,ok,,DQN\dqn_model_optuna_trial_42
2026-06-07T16:40:19.337465,Optuna,optuna_20260607_155651,42,15,35,671,0.6044927518799512,-14.037844625954543,-0.9358563083969695,0.027967563452759546,3016.03,1,ok,,DQN\dqn_model_optuna_trial_42
2026-06-07T16:40:22.455049,Optuna,optuna_20260607_155651,42,16,35,671,-0.3303771449224098,-14.368221770876954,-0.8980138606798096,0.027967563452759546,3016.91,1,ok,,DQN\dqn_model_optuna_trial_42
2026-06-07T16:40:25.643185,Optuna,optuna_20260607_155651,42,17,35,671,-0.05696637224773429,-14.425188143124688,-0.8485404790073345,0.027967563452759546,3017.8,1,ok,,DQN\dqn_model_optuna_trial_42
2026-06-07T16:40:28.887970,Optuna,optuna_20260607_155651,42,18,35,671,2.2087699516581183,-12.21641819146657,-0.6786898995259205,0.027967563452759546,3018.67,1,ok,,DQN\dqn_model_optuna_trial_42
2026-06-07T16:40:32.027192,Optuna,optuna_20260607_155651,42,19,35,671,-0.20992583296547698,-12.426344024432046,-0.654018106549055,0.027967563452759546,3019.55,1,ok,,DQN\dqn_model_optuna_trial_42
2026-06-07T16:40:35.295634,Optuna,optuna_20260607_155651,42,20,35,671,1.1441402347762326,-11.282203789655814,-0.5641101894827907,0.027967563452759546,3020.44,1,ok,,DQN\dqn_model_optuna_trial_42
2026-06-07T16:40:38.585677,Optuna,optuna_20260607_155651,42,21,35,671,-1.9067066339299088,-13.188910423585723,-0.628043353504082,0.027967563452759546,3021.19,1,ok,,DQN\dqn_model_optuna_trial_42
2026-06-07T16:40:41.719179,Optuna,optuna_20260607_155651,42,22,35,671,-0.1107639494140092,-13.299674372999732,-0.6045306533181697,0.027967563452759546,3022.07,1,ok,,DQN\dqn_model_optuna_trial_42
2026-06-07T16:40:44.985812,Optuna,optuna_20260607_155651,42,23,35,671,-1.059715475239194,-14.359389848238926,-0.6243212977495185,0.027967563452759546,3022.95,1,ok,,DQN\dqn_model_optuna_trial_42
2026-06-07T16:40:48.254804,Optuna,optuna_20260607_155651,42,24,35,671,-2.5809707509238735,-16.9403605991628,-0.70584835829845,0.027967563452759546,3023.83,1,ok,,DQN\dqn_model_optuna_trial_42
2026-06-07T16:40:51.566554,Optuna,optuna_20260607_155651,42,25,35,671,-0.2190839875508595,-17.15944458671366,-0.6863777834685465,0.027967563452759546,3024.71,1,ok,,DQN\dqn_model_optuna_trial_42
2026-06-07T16:40:55.035671,Optuna,optuna_20260607_155651,42,26,35,671,0.5399122133651556,-16.619532373348505,-0.6392127835903272,0.027967563452759546,3025.59,1,ok,,DQN\dqn_model_optuna_trial_42
2026-06-07T16:40:58.491622,Optuna,optuna_20260607_155651,42,27,35,671,-1.0303779923439884,-17.649910365692495,-0.6537003839145369,0.027967563452759546,3026.34,1,ok,,DQN\dqn_model_optuna_trial_42
2026-06-07T16:41:02.006471,Optuna,optuna_20260607_155651,42,28,35,671,-1.4113057627109376,-19.061216128403434,-0.6807577188715512,0.027967563452759546,3027.23,1,ok,,DQN\dqn_model_optuna_trial_42
2026-06-07T16:41:05.396421,Optuna,optuna_20260607_155651,42,29,35,671,-0.3168804954923929,-19.378096623895825,-0.6682102284102008,0.027967563452759546,3028.11,1,ok,,DQN\dqn_model_optuna_trial_42
2026-06-07T16:41:08.804706,Optuna,optuna_20260607_155651,42,30,35,671,0.12038233063939134,-19.257714293256434,-0.6419238097752145,0.027967563452759546,3028.98,1,ok,,DQN\dqn_model_optuna_trial_42
2026-06-07T16:41:12.291307,Optuna,optuna_20260607_155651,42,31,35,671,0.16757697199066612,-19.090137321265768,-0.6158108813311538,0.027967563452759546,3029.87,1,ok,,DQN\dqn_model_optuna_trial_42
2026-06-07T16:41:15.740084,Optuna,optuna_20260607_155651,42,32,35,671,-0.9521700346708679,-20.042307355936636,-0.6263221048730199,0.027967563452759546,3030.74,1,ok,,DQN\dqn_model_optuna_trial_42
2026-06-07T16:41:19.278351,Optuna,optuna_20260607_155651,42,33,35,671,-1.2637545859651076,-21.306061941901742,-0.6456382406636891,0.027967563452759546,3031.62,1,ok,,DQN\dqn_model_optuna_trial_42
2026-06-07T16:41:22.814862,Optuna,optuna_20260607_155651,42,34,35,671,-0.2314670414533306,-21.537528983355074,-0.633456734804561,0.027967563452759546,3032.38,1,ok,,DQN\dqn_model_optuna_trial_42
2026-06-07T16:41:26.227252,Optuna,optuna_20260607_155651,42,35,35,671,-0.2268329328359211,-21.764361916190996,-0.6218389118911714,0.027967563452759546,3033.26,1,ok,,DQN\dqn_model_optuna_trial_42
2026-06-07T16:41:26.971605,Optuna,optuna_20260607_155651,43,1,35,671,-1.6926822682366793,-1.6926822682366793,-1.6926822682366793,0.8247254924293449,3004.09,1,ok,,DQN\dqn_model_optuna_trial_43
2026-06-07T16:41:29.859997,Optuna,optuna_20260607_155651,43,2,35,671,-1.8424994037338283,-3.5351816719705074,-1.7675908359852537,0.7158451281259385,3004.85,1,ok,,DQN\dqn_model_optuna_trial_43
2026-06-07T16:41:32.747765,Optuna,optuna_20260607_155651,43,3,35,671,-0.7716506992567683,-4.306832371227276,-1.4356107904090918,0.6069647638225321,3005.72,1,ok,,DQN\dqn_model_optuna_trial_43
2026-06-07T16:41:35.821179,Optuna,optuna_20260607_155651,43,4,35,671,-0.8403205927691441,-5.14715296399642,-1.286788240999105,0.498084399519125,3006.61,1,ok,,DQN\dqn_model_optuna_trial_43
2026-06-07T16:41:38.813003,Optuna,optuna_20260607_155651,43,5,35,671,-0.15302957846921317,-5.300182542465633,-1.0600365084931265,0.3892040352156813,3007.49,1,ok,,DQN\dqn_model_optuna_trial_43
2026-06-07T16:41:41.896501,Optuna,optuna_20260607_155651,43,6,35,671,-1.3744804173717844,-6.674662959837417,-1.1124438266395695,0.28032367091223764,3008.36,1,ok,,DQN\dqn_model_optuna_trial_43
2026-06-07T16:41:45.144695,Optuna,optuna_20260607_155651,43,7,35,671,-0.896395325213314,-7.571058285050731,-1.0815797550072472,0.17144330660880744,3009.25,1,ok,,DQN\dqn_model_optuna_trial_43
2026-06-07T16:41:48.281486,Optuna,optuna_20260607_155651,43,8,35,671,-1.567384232017614,-9.138442517068345,-1.1423053146335431,0.06256294230537705,3010.07,1,ok,,DQN\dqn_model_optuna_trial_43
2026-06-07T16:41:51.403334,Optuna,optuna_20260607_155651,43,9,35,671,0.4454094921183056,-8.69303302495004,-0.9658925583277822,0.035488354038182464,3010.88,1,ok,,DQN\dqn_model_optuna_trial_43
2026-06-07T16:41:54.488984,Optuna,optuna_20260607_155651,43,10,35,671,-0.10099719953893518,-8.794030224488976,-0.8794030224488976,0.035488354038182464,3011.76,1,ok,,DQN\dqn_model_optuna_trial_43
2026-06-07T16:41:57.641785,Optuna,optuna_20260607_155651,43,11,35,671,0.15223269665715025,-8.641797527831827,-0.7856179570756207,0.035488354038182464,3012.64,1,ok,,DQN\dqn_model_optuna_trial_43
2026-06-07T16:42:00.835827,Optuna,optuna_20260607_155651,43,12,35,671,0.41540619141890145,-8.226391336412926,-0.6855326113677438,0.035488354038182464,3013.52,1,ok,,DQN\dqn_model_optuna_trial_43
2026-06-07T16:42:04.010169,Optuna,optuna_20260607_155651,43,13,35,671,-1.6160515213016136,-9.84244285771454,-0.7571109890549645,0.035488354038182464,3014.4,1,ok,,DQN\dqn_model_optuna_trial_43
2026-06-07T16:42:07.247754,Optuna,optuna_20260607_155651,43,14,35,671,-0.43186014171986886,-10.274302999434408,-0.7338787856738863,0.035488354038182464,3015.29,1,ok,,DQN\dqn_model_optuna_trial_43
2026-06-07T16:42:10.470422,Optuna,optuna_20260607_155651,43,15,35,671,1.4550660326457787,-8.81923696678863,-0.587949131119242,0.035488354038182464,3016.04,1,ok,,DQN\dqn_model_optuna_trial_43
2026-06-07T16:42:13.747834,Optuna,optuna_20260607_155651,43,16,35,671,-1.6381775214326777,-10.457414488221307,-0.6535884055138317,0.035488354038182464,3016.92,1,ok,,DQN\dqn_model_optuna_trial_43
2026-06-07T16:42:17.244691,Optuna,optuna_20260607_155651,43,17,35,671,-1.4701372975487337,-11.92755178577004,-0.7016206932805906,0.035488354038182464,3017.8,1,ok,,DQN\dqn_model_optuna_trial_43
2026-06-07T16:42:20.631493,Optuna,optuna_20260607_155651,43,18,35,671,1.5604297876724789,-10.367121998097561,-0.5759512221165312,0.035488354038182464,3018.68,1,ok,,DQN\dqn_model_optuna_trial_43
2026-06-07T16:42:24.389980,Optuna,optuna_20260607_155651,43,19,35,671,-0.09227957994530435,-10.459401578042865,-0.5504948198969929,0.035488354038182464,3019.56,1,ok,,DQN\dqn_model_optuna_trial_43
2026-06-07T16:42:28.170468,Optuna,optuna_20260607_155651,43,20,35,671,0.37238030508910724,-10.087021272953757,-0.5043510636476879,0.035488354038182464,3020.44,1,ok,,DQN\dqn_model_optuna_trial_43
2026-06-07T16:42:31.577069,Optuna,optuna_20260607_155651,43,21,35,671,-0.1720513238010815,-10.259072596754839,-0.4885272665121352,0.035488354038182464,3021.19,1,ok,,DQN\dqn_model_optuna_trial_43
2026-06-07T16:42:34.961472,Optuna,optuna_20260607_155651,43,22,35,671,0.017678375081011242,-10.241394221673827,-0.46551791916699214,0.035488354038182464,3022.07,1,ok,,DQN\dqn_model_optuna_trial_43
2026-06-07T16:42:38.495779,Optuna,optuna_20260607_155651,43,23,35,671,-1.1288410155583892,-11.370235237232217,-0.4943580537927051,0.035488354038182464,3022.96,1,ok,,DQN\dqn_model_optuna_trial_43
2026-06-07T16:42:41.921275,Optuna,optuna_20260607_155651,43,24,35,671,-2.0658930624794416,-13.436128299711658,-0.5598386791546525,0.035488354038182464,3023.83,1,ok,,DQN\dqn_model_optuna_trial_43
2026-06-07T16:42:45.615252,Optuna,optuna_20260607_155651,43,25,35,671,-0.38167805711511527,-13.817806356826773,-0.5527122542730709,0.035488354038182464,3024.71,1,ok,,DQN\dqn_model_optuna_trial_43
2026-06-07T16:42:49.135230,Optuna,optuna_20260607_155651,43,26,35,671,-0.7579854596127464,-14.57579181643952,-0.5606073775553662,0.035488354038182464,3025.6,1,ok,,DQN\dqn_model_optuna_trial_43
2026-06-07T16:42:52.325008,Optuna,optuna_20260607_155651,43,27,35,671,-1.6504032004467595,-16.22619501688628,-0.6009701858106029,0.035488354038182464,3026.35,1,ok,,DQN\dqn_model_optuna_trial_43
2026-06-07T16:42:55.595267,Optuna,optuna_20260607_155651,43,28,35,671,0.549138894295485,-15.677056122590795,-0.5598948615210998,0.035488354038182464,3027.23,1,ok,,DQN\dqn_model_optuna_trial_43
2026-06-07T16:42:59.073979,Optuna,optuna_20260607_155651,43,29,35,671,-1.0359367747790382,-16.712992897369833,-0.5763100999093046,0.035488354038182464,3028.17,1,ok,,DQN\dqn_model_optuna_trial_43
2026-06-07T16:43:02.539253,Optuna,optuna_20260607_155651,43,30,35,671,-1.8593920697677098,-18.572384967137545,-0.6190794989045848,0.035488354038182464,3029.05,1,ok,,DQN\dqn_model_optuna_trial_43
2026-06-07T16:43:06.044798,Optuna,optuna_20260607_155651,43,31,35,671,-0.9560330825375492,-19.528418049675093,-0.6299489693443578,0.035488354038182464,3029.93,1,ok,,DQN\dqn_model_optuna_trial_43
2026-06-07T16:43:09.366309,Optuna,optuna_20260607_155651,43,32,35,671,0.0854505909474138,-19.44296745872768,-0.60759273308524,0.035488354038182464,3030.8,1,ok,,DQN\dqn_model_optuna_trial_43
2026-06-07T16:43:12.690990,Optuna,optuna_20260607_155651,43,33,35,671,-0.15394530939138976,-19.59691276811907,-0.5938458414581536,0.035488354038182464,3031.62,1,ok,,DQN\dqn_model_optuna_trial_43
2026-06-07T16:43:16.363361,Optuna,optuna_20260607_155651,43,34,35,671,-1.6045276735444485,-21.201440441663518,-0.6235717776959858,0.035488354038182464,3032.43,1,ok,,DQN\dqn_model_optuna_trial_43
2026-06-07T16:43:19.648085,Optuna,optuna_20260607_155651,43,35,35,671,0.4842429163971794,-20.71719752526634,-0.5919199292933239,0.035488354038182464,3033.31,1,ok,,DQN\dqn_model_optuna_trial_43
2026-06-07T16:43:20.326847,Optuna,optuna_20260607_155651,44,1,35,671,-1.3614517921915048,-1.3614517921915048,-1.3614517921915048,0.8350518308049644,3004.25,1,ok,,DQN\dqn_model_optuna_trial_44
2026-06-07T16:43:23.021592,Optuna,optuna_20260607_155651,44,2,35,671,-1.0582074432788287,-2.4196592354703332,-1.2098296177351666,0.7217421293589407,3005.07,1,ok,,DQN\dqn_model_optuna_trial_44
2026-06-07T16:43:25.881334,Optuna,optuna_20260607_155651,44,3,35,671,-0.7468976463270232,-3.1665568817973564,-1.0555189605991189,0.608432427912917,3005.95,1,ok,,DQN\dqn_model_optuna_trial_44
2026-06-07T16:43:28.845406,Optuna,optuna_20260607_155651,44,4,35,671,-0.4047163943954571,-3.5712732761928137,-0.8928183190482034,0.49512272646689487,3006.77,1,ok,,DQN\dqn_model_optuna_trial_44
2026-06-07T16:43:31.837140,Optuna,optuna_20260607_155651,44,5,35,671,-0.2799606734751028,-3.8512339496679164,-0.7702467899335833,0.3818130250209084,3007.65,1,ok,,DQN\dqn_model_optuna_trial_44
2026-06-07T16:43:34.979314,Optuna,optuna_20260607_155651,44,6,35,671,-1.444906939751876,-5.296140889419792,-0.882690148236632,0.26850332357492196,3008.52,1,ok,,DQN\dqn_model_optuna_trial_44
2026-06-07T16:43:38.053150,Optuna,optuna_20260607_155651,44,7,35,671,-0.6868758203476844,-5.983016709767477,-0.8547166728239253,0.1551936221289355,3009.41,1,ok,,DQN\dqn_model_optuna_trial_44
2026-06-07T16:43:41.161967,Optuna,optuna_20260607_155651,44,8,35,671,-1.347321294490704,-7.330338004258181,-0.9162922505322726,0.04188392068294306,3010.23,1,ok,,DQN\dqn_model_optuna_trial_44
2026-06-07T16:43:44.282859,Optuna,optuna_20260607_155651,44,9,35,671,-0.22027915207231097,-7.550617156330492,-0.838957461814499,0.027509076015681186,3011.1,1,ok,,DQN\dqn_model_optuna_trial_44
2026-06-07T16:43:47.293705,Optuna,optuna_20260607_155651,44,10,35,671,-0.8357306453545733,-8.386347801685066,-0.8386347801685066,0.027509076015681186,3011.92,1,ok,,DQN\dqn_model_optuna_trial_44
2026-06-07T16:43:50.219985,Optuna,optuna_20260607_155651,44,11,35,671,-1.437247665360295,-9.823595467045362,-0.8930541333677602,0.027509076015681186,3012.8,1,ok,,DQN\dqn_model_optuna_trial_44
2026-06-07T16:43:53.302333,Optuna,optuna_20260607_155651,44,12,35,671,0.5015113874908507,-9.32208407955451,-0.7768403399628759,0.027509076015681186,3013.68,1,ok,,DQN\dqn_model_optuna_trial_44
2026-06-07T16:43:56.240426,Optuna,optuna_20260607_155651,44,13,35,671,0.19372816646525418,-9.128355913089257,-0.702181224083789,0.027509076015681186,3014.56,1,ok,,DQN\dqn_model_optuna_trial_44
2026-06-07T16:43:59.339864,Optuna,optuna_20260607_155651,44,14,35,671,0.7892050119860446,-8.339150901103212,-0.5956536357930865,0.027509076015681186,3015.38,1,ok,,DQN\dqn_model_optuna_trial_44
2026-06-07T16:44:02.385722,Optuna,optuna_20260607_155651,44,15,35,671,-0.9573894725133055,-9.296540373616518,-0.6197693582411011,0.027509076015681186,3016.26,1,ok,,DQN\dqn_model_optuna_trial_44
2026-06-07T16:44:05.432035,Optuna,optuna_20260607_155651,44,16,35,671,-1.0288016195168797,-10.325341993133398,-0.6453338745708374,0.027509076015681186,3017.08,1,ok,,DQN\dqn_model_optuna_trial_44
2026-06-07T16:44:08.480037,Optuna,optuna_20260607_155651,44,17,35,671,-1.0034351004496018,-11.328777093583,-0.6663986525637059,0.027509076015681186,3017.96,1,ok,,DQN\dqn_model_optuna_trial_44
2026-06-07T16:44:11.538966,Optuna,optuna_20260607_155651,44,18,35,671,-1.2635818009702986,-12.592358894553298,-0.6995754941418499,0.027509076015681186,3018.84,1,ok,,DQN\dqn_model_optuna_trial_44
2026-06-07T16:44:14.587771,Optuna,optuna_20260607_155651,44,19,35,671,0.12398134147098677,-12.46837755308231,-0.6562303975306479,0.027509076015681186,3019.72,1,ok,,DQN\dqn_model_optuna_trial_44
2026-06-07T16:44:17.833340,Optuna,optuna_20260607_155651,44,20,35,671,0.5852685336350977,-11.883109019447213,-0.5941554509723607,0.027509076015681186,3020.54,1,ok,,DQN\dqn_model_optuna_trial_44
2026-06-07T16:44:21.122403,Optuna,optuna_20260607_155651,44,21,35,671,0.13595411417667755,-11.747154905270536,-0.5593883288224065,0.027509076015681186,3021.41,1,ok,,DQN\dqn_model_optuna_trial_44
2026-06-07T16:44:24.248063,Optuna,optuna_20260607_155651,44,22,35,671,-1.4435913698114065,-13.190746275081942,-0.5995793761400883,0.027509076015681186,3022.3,1,ok,,DQN\dqn_model_optuna_trial_44
2026-06-07T16:44:27.634315,Optuna,optuna_20260607_155651,44,23,35,671,-0.19370465608625806,-13.3844509311682,-0.5819326491812261,0.027509076015681186,3023.12,1,ok,,DQN\dqn_model_optuna_trial_44
2026-06-07T16:44:30.852128,Optuna,optuna_20260607_155651,44,24,35,671,-0.0642151205410365,-13.448666051709235,-0.5603610854878848,0.027509076015681186,3023.99,1,ok,,DQN\dqn_model_optuna_trial_44
2026-06-07T16:44:34.011093,Optuna,optuna_20260607_155651,44,25,35,671,-1.8089580987268785,-15.257624150436113,-0.6103049660174446,0.027509076015681186,3024.88,1,ok,,DQN\dqn_model_optuna_trial_44
2026-06-07T16:44:37.097168,Optuna,optuna_20260607_155651,44,26,35,671,-0.7810615861424602,-16.038685736578575,-0.6168725283299452,0.027509076015681186,3025.76,1,ok,,DQN\dqn_model_optuna_trial_44
2026-06-07T16:44:40.454704,Optuna,optuna_20260607_155651,44,27,35,671,-1.0525167755818214,-17.091202512160397,-0.6330075004503851,0.027509076015681186,3026.57,1,ok,,DQN\dqn_model_optuna_trial_44
2026-06-07T16:44:43.625123,Optuna,optuna_20260607_155651,44,28,35,671,-1.7842800024118988,-18.875482514572294,-0.674124375520439,0.027509076015681186,3027.51,1,ok,,DQN\dqn_model_optuna_trial_44
2026-06-07T16:44:47.110995,Optuna,optuna_20260607_155651,44,29,35,671,-1.0086102353900412,-19.884092749962335,-0.6856583706883563,0.027509076015681186,3028.33,1,ok,,DQN\dqn_model_optuna_trial_44
2026-06-07T16:44:50.374135,Optuna,optuna_20260607_155651,44,30,35,671,-0.7336173796943468,-20.617710129656682,-0.6872570043218894,0.027509076015681186,3029.2,1,ok,,DQN\dqn_model_optuna_trial_44
2026-06-07T16:44:53.630203,Optuna,optuna_20260607_155651,44,31,35,671,-0.10912024620550166,-20.726830375862185,-0.6686074314794254,0.027509076015681186,3030.08,1,ok,,DQN\dqn_model_optuna_trial_44
2026-06-07T16:44:56.858131,Optuna,optuna_20260607_155651,44,32,35,671,-0.9543799901734374,-21.68121036603562,-0.6775378239386132,0.027509076015681186,3030.96,1,ok,,DQN\dqn_model_optuna_trial_44
2026-06-07T16:45:00.377584,Optuna,optuna_20260607_155651,44,33,35,671,-1.394402274598435,-23.075612640634056,-0.6992609891101229,0.027509076015681186,3031.77,1,ok,,DQN\dqn_model_optuna_trial_44
2026-06-07T16:45:03.804696,Optuna,optuna_20260607_155651,44,34,35,671,0.19095460151545196,-22.884658039118605,-0.6730781776211354,0.027509076015681186,3032.65,1,ok,,DQN\dqn_model_optuna_trial_44
2026-06-07T16:45:07.059735,Optuna,optuna_20260607_155651,44,35,35,671,0.4833004724179144,-22.40135756670069,-0.6400387876200196,0.027509076015681186,3033.46,1,ok,,DQN\dqn_model_optuna_trial_44
2026-06-07T16:45:07.745372,Optuna,optuna_20260607_155651,45,1,35,671,-2.6207771118359267,-2.6207771118359267,-2.6207771118359267,0.8529350372606439,3004.19,1,ok,,DQN\dqn_model_optuna_trial_45
2026-06-07T16:45:10.515128,Optuna,optuna_20260607_155651,45,2,35,671,-2.140673209690562,-4.761450321526489,-2.3807251607632445,0.8476663911322961,3005.07,1,ok,,DQN\dqn_model_optuna_trial_45
2026-06-07T16:45:13.452799,Optuna,optuna_20260607_155651,45,3,35,671,-1.8900109790820785,-6.651461300608568,-2.2171537668695227,0.8423977450039484,3005.95,1,ok,,DQN\dqn_model_optuna_trial_45
2026-06-07T16:45:16.313465,Optuna,optuna_20260607_155651,45,4,35,671,-1.6537424045324691,-8.305203705141036,-2.076300926285259,0.8371290988756006,3006.83,1,ok,,DQN\dqn_model_optuna_trial_45
2026-06-07T16:45:19.084621,Optuna,optuna_20260607_155651,45,5,35,671,-2.300700016066096,-10.605903721207131,-2.121180744241426,0.8318604527472528,3007.71,1,ok,,DQN\dqn_model_optuna_trial_45
2026-06-07T16:45:21.996756,Optuna,optuna_20260607_155651,45,6,35,671,-2.641537637639602,-13.247441358846732,-2.207906893141122,0.8265918066189051,3008.46,1,ok,,DQN\dqn_model_optuna_trial_45
2026-06-07T16:45:22.681844,Optuna,optuna_20260607_155651,46,1,35,671,-3.914906378310399,-3.914906378310399,-3.914906378310399,0.8577338323663117,3004.92,1,ok,,DQN\dqn_model_optuna_trial_46
2026-06-07T16:45:25.391583,Optuna,optuna_20260607_155651,46,2,35,671,-2.202466649039214,-6.117373027349613,-3.0586865136748065,0.8568236229691135,3005.84,1,ok,,DQN\dqn_model_optuna_trial_46
2026-06-07T16:45:28.232817,Optuna,optuna_20260607_155651,46,3,35,671,-1.8158663471014895,-7.9332393744511025,-2.644413124817034,0.8559134135719153,3006.71,1,ok,,DQN\dqn_model_optuna_trial_46
2026-06-07T16:45:30.980095,Optuna,optuna_20260607_155651,46,4,35,671,-1.9143075532896114,-9.847546927740714,-2.4618867319351785,0.8550032041747171,3007.53,1,ok,,DQN\dqn_model_optuna_trial_46
2026-06-07T16:45:33.827698,Optuna,optuna_20260607_155651,46,5,35,671,-1.6418093390607555,-11.489356266801469,-2.297871253360294,0.8540929947775189,3008.41,1,ok,,DQN\dqn_model_optuna_trial_46
2026-06-07T16:45:36.667682,Optuna,optuna_20260607_155651,46,6,35,671,-2.1151719905185735,-13.604528257320043,-2.2674213762200073,0.8531827853803207,3009.29,1,ok,,DQN\dqn_model_optuna_trial_46
2026-06-07T16:45:37.413921,Optuna,optuna_20260607_155651,47,1,35,671,-2.186440523631528,-2.186440523631528,-2.186440523631528,0.8348702051587279,3011.56,1,ok,,DQN\dqn_model_optuna_trial_47
2026-06-07T16:45:40.476931,Optuna,optuna_20260607_155651,47,2,35,671,-2.025810875882562,-4.21225139951409,-2.106125699757045,0.7223149748396404,3012.45,1,ok,,DQN\dqn_model_optuna_trial_47
2026-06-07T16:45:43.631163,Optuna,optuna_20260607_155651,47,3,35,671,-1.511191994285888,-5.723443393799977,-1.9078144645999924,0.6097597445205528,3013.32,1,ok,,DQN\dqn_model_optuna_trial_47
2026-06-07T16:45:46.916045,Optuna,optuna_20260607_155651,47,4,35,671,-0.6763270446107401,-6.399770438410718,-1.5999426096026794,0.49720451420146433,3014.21,1,ok,,DQN\dqn_model_optuna_trial_47
2026-06-07T16:45:49.975289,Optuna,optuna_20260607_155651,47,5,35,671,-1.1424841180243637,-7.542254556435081,-1.5084509112870161,0.38464928388233954,3015.09,1,ok,,DQN\dqn_model_optuna_trial_47
2026-06-07T16:45:53.164254,Optuna,optuna_20260607_155651,47,6,35,671,-3.582695213346423,-11.124949769781503,-1.854158294963584,0.27209405356321475,3016.28,1,ok,,DQN\dqn_model_optuna_trial_47
2026-06-07T16:45:56.159448,Optuna,optuna_20260607_155651,47,7,35,671,0.6148044521032484,-10.510145317678255,-1.5014493310968935,0.15953882324410495,3017.1,1,ok,,DQN\dqn_model_optuna_trial_47
2026-06-07T16:45:59.269567,Optuna,optuna_20260607_155651,47,8,35,671,-0.528607945724325,-11.03875326340258,-1.3798441579253224,0.04698359292499232,3017.98,1,ok,,DQN\dqn_model_optuna_trial_47
2026-06-07T16:46:02.262243,Optuna,optuna_20260607_155651,47,9,35,671,-1.323629275235724,-12.362382538638304,-1.3735980598487005,0.040834218496425406,3018.86,1,ok,,DQN\dqn_model_optuna_trial_47
2026-06-07T16:46:05.557098,Optuna,optuna_20260607_155651,47,10,35,671,0.002001585527631228,-12.360380953110672,-1.2360380953110672,0.040834218496425406,3019.69,1,ok,,DQN\dqn_model_optuna_trial_47
2026-06-07T16:46:09.043497,Optuna,optuna_20260607_155651,47,11,35,671,4.639148651397706,-7.721232301712966,-0.7019302092466333,0.040834218496425406,3020.62,1,ok,,DQN\dqn_model_optuna_trial_47
2026-06-07T16:46:12.279568,Optuna,optuna_20260607_155651,47,12,35,671,-1.038413538013244,-8.759645839726211,-0.7299704866438509,0.040834218496425406,3021.43,1,ok,,DQN\dqn_model_optuna_trial_47
2026-06-07T16:46:15.407667,Optuna,optuna_20260607_155651,47,13,35,671,-0.8003745420267231,-9.560020381752935,-0.7353861832117642,0.040834218496425406,3022.25,1,ok,,DQN\dqn_model_optuna_trial_47
2026-06-07T16:46:18.607115,Optuna,optuna_20260607_155651,47,14,35,671,0.22995978754714605,-9.330060594205788,-0.6664328995861277,0.040834218496425406,3023.26,1,ok,,DQN\dqn_model_optuna_trial_47
2026-06-07T16:46:21.755988,Optuna,optuna_20260607_155651,47,15,35,671,-0.05599036377908742,-9.386050957984876,-0.625736730532325,0.040834218496425406,3024.14,1,ok,,DQN\dqn_model_optuna_trial_47
2026-06-07T16:46:24.926791,Optuna,optuna_20260607_155651,47,16,35,671,-1.42409292515162,-10.810143883136496,-0.675633992696031,0.040834218496425406,3025.02,1,ok,,DQN\dqn_model_optuna_trial_47
2026-06-07T16:46:28.165277,Optuna,optuna_20260607_155651,47,17,35,671,-0.9287864803215542,-11.73893036345805,-0.6905253154975323,0.040834218496425406,3025.9,1,ok,,DQN\dqn_model_optuna_trial_47
2026-06-07T16:46:31.297642,Optuna,optuna_20260607_155651,47,18,35,671,-1.5050682550537702,-13.243998618511819,-0.7357777010284344,0.040834218496425406,3026.71,1,ok,,DQN\dqn_model_optuna_trial_47
2026-06-07T16:46:34.577032,Optuna,optuna_20260607_155651,47,19,35,671,-1.1982870159332448,-14.442285634445064,-0.7601202965497402,0.040834218496425406,3027.54,1,ok,,DQN\dqn_model_optuna_trial_47
2026-06-07T16:46:37.832087,Optuna,optuna_20260607_155651,47,20,35,671,0.5789646334484906,-13.863321000996573,-0.6931660500498287,0.040834218496425406,3028.42,1,ok,,DQN\dqn_model_optuna_trial_47
2026-06-07T16:46:41.209177,Optuna,optuna_20260607_155651,47,21,35,671,-1.6949665016037625,-15.558287502600335,-0.7408708334571588,0.040834218496425406,3029.29,1,ok,,DQN\dqn_model_optuna_trial_47
2026-06-07T16:46:44.599940,Optuna,optuna_20260607_155651,47,22,35,671,-0.5898526770817465,-16.14814017968208,-0.734006371803731,0.040834218496425406,3030.18,1,ok,,DQN\dqn_model_optuna_trial_47
2026-06-07T16:46:47.932631,Optuna,optuna_20260607_155651,47,23,35,671,-0.08924251423099519,-16.237382693913077,-0.7059731606049163,0.040834218496425406,3031.06,1,ok,,DQN\dqn_model_optuna_trial_47
2026-06-07T16:46:51.155092,Optuna,optuna_20260607_155651,47,24,35,671,-1.3042541359492261,-17.541636829862302,-0.7309015345775959,0.040834218496425406,3031.87,1,ok,,DQN\dqn_model_optuna_trial_47
2026-06-07T16:46:54.258664,Optuna,optuna_20260607_155651,47,25,35,671,-0.9695024043923277,-18.511139234254628,-0.7404455693701851,0.040834218496425406,3032.69,1,ok,,DQN\dqn_model_optuna_trial_47
2026-06-07T16:46:57.416080,Optuna,optuna_20260607_155651,47,26,35,671,-0.2736802981449218,-18.78481953239955,-0.7224930589384442,0.040834218496425406,3033.57,1,ok,,DQN\dqn_model_optuna_trial_47
2026-06-07T16:47:00.783219,Optuna,optuna_20260607_155651,47,27,35,671,-0.738514773497373,-19.52333430589692,-0.72308645577396,0.040834218496425406,3034.45,1,ok,,DQN\dqn_model_optuna_trial_47
2026-06-07T16:47:04.143190,Optuna,optuna_20260607_155651,47,28,35,671,-1.1041507767135847,-20.627485082610505,-0.736695895807518,0.040834218496425406,3035.39,1,ok,,DQN\dqn_model_optuna_trial_47
2026-06-07T16:47:07.618915,Optuna,optuna_20260607_155651,47,29,35,671,0.24535412110877863,-20.382130961501726,-0.7028321021207492,0.040834218496425406,3036.27,1,ok,,DQN\dqn_model_optuna_trial_47
2026-06-07T16:47:11.079301,Optuna,optuna_20260607_155651,47,30,35,671,-0.14869277938854866,-20.530823740890273,-0.6843607913630091,0.040834218496425406,3037.08,1,ok,,DQN\dqn_model_optuna_trial_47
2026-06-07T16:47:14.499476,Optuna,optuna_20260607_155651,47,31,35,671,-0.07624373503751224,-20.607067475927785,-0.6647441121267027,0.040834218496425406,3037.96,1,ok,,DQN\dqn_model_optuna_trial_47
2026-06-07T16:47:17.732989,Optuna,optuna_20260607_155651,47,32,35,671,-0.2613076414311022,-20.868375117358887,-0.6521367224174652,0.040834218496425406,3038.77,1,ok,,DQN\dqn_model_optuna_trial_47
2026-06-07T16:47:20.986011,Optuna,optuna_20260607_155651,47,33,35,671,-1.3840474761982828,-22.25242259355717,-0.6743158361683991,0.040834218496425406,3039.65,1,ok,,DQN\dqn_model_optuna_trial_47
2026-06-07T16:47:24.371333,Optuna,optuna_20260607_155651,47,34,35,671,-1.0305134283884618,-23.282936021945634,-0.6847922359395775,0.040834218496425406,3040.53,1,ok,,DQN\dqn_model_optuna_trial_47
2026-06-07T16:47:27.751281,Optuna,optuna_20260607_155651,47,35,35,671,-1.62323884651324,-24.906174868458873,-0.711604996241682,0.040834218496425406,3041.41,1,ok,,DQN\dqn_model_optuna_trial_47
2026-06-07T16:47:28.510690,Optuna,optuna_20260607_155651,48,1,35,671,-3.329565336239302,-3.329565336239302,-3.329565336239302,0.8608179410446702,3012.14,1,ok,,DQN\dqn_model_optuna_trial_48
2026-06-07T16:47:31.228917,Optuna,optuna_20260607_155651,48,2,35,671,-2.559953035666558,-5.88951837190586,-2.94475918595293,0.7301807147174348,3012.96,1,ok,,DQN\dqn_model_optuna_trial_48
2026-06-07T16:47:34.206189,Optuna,optuna_20260607_155651,48,3,35,671,-1.5372486190468766,-7.4267669909527365,-2.4755889969842455,0.5995434883901994,3013.77,1,ok,,DQN\dqn_model_optuna_trial_48
2026-06-07T16:47:37.309475,Optuna,optuna_20260607_155651,48,4,35,671,-2.079349149549896,-9.506116140502632,-2.376529035125658,0.46890626206296404,3014.65,1,ok,,DQN\dqn_model_optuna_trial_48
2026-06-07T16:47:40.377267,Optuna,optuna_20260607_155651,48,5,35,671,-0.6275616118773322,-10.133677752379965,-2.026735550475993,0.33826903573572864,3015.54,1,ok,,DQN\dqn_model_optuna_trial_48
2026-06-07T16:47:43.393578,Optuna,optuna_20260607_155651,48,6,35,671,-0.516338073882451,-10.650015826262416,-1.7750026377104027,0.2076318094084993,3016.41,1,ok,,DQN\dqn_model_optuna_trial_48
2026-06-07T16:47:46.625695,Optuna,optuna_20260607_155651,48,7,35,671,-1.0539419681630064,-11.703957794425422,-1.6719939706322031,0.07699458308128251,3017.29,1,ok,,DQN\dqn_model_optuna_trial_48
2026-06-07T16:47:49.636849,Optuna,optuna_20260607_155651,48,8,35,671,-0.18652090360940374,-11.890478698034826,-1.4863098372543533,0.0194063114940169,3018.18,1,ok,,DQN\dqn_model_optuna_trial_48
2026-06-07T16:47:52.692157,Optuna,optuna_20260607_155651,48,9,35,671,-1.2958221134987926,-13.186300811533618,-1.4651445346148464,0.0194063114940169,3018.93,1,ok,,DQN\dqn_model_optuna_trial_48
2026-06-07T16:47:55.689804,Optuna,optuna_20260607_155651,48,10,35,671,6.211910776468887,-6.974390035064731,-0.6974390035064731,0.0194063114940169,3019.81,1,ok,,DQN\dqn_model_optuna_trial_48
2026-06-07T16:47:59.470986,Optuna,optuna_20260607_155651,48,11,35,671,-0.4257996597103254,-7.400189694775056,-0.6727445177068233,0.0194063114940169,3020.69,1,ok,,DQN\dqn_model_optuna_trial_48
2026-06-07T16:48:03.149906,Optuna,optuna_20260607_155651,48,12,35,671,0.5827487456118909,-6.817440949163165,-0.5681200790969304,0.0194063114940169,3021.57,1,ok,,DQN\dqn_model_optuna_trial_48
2026-06-07T16:48:06.531772,Optuna,optuna_20260607_155651,48,13,35,671,-1.3862154396554438,-8.20365638881861,-0.6310504914475854,0.0194063114940169,3022.45,1,ok,,DQN\dqn_model_optuna_trial_48
2026-06-07T16:48:10.250908,Optuna,optuna_20260607_155651,48,14,35,671,-1.5992297710907095,-9.802886159909319,-0.700206154279237,0.0194063114940169,3023.33,1,ok,,DQN\dqn_model_optuna_trial_48
2026-06-07T16:48:13.862475,Optuna,optuna_20260607_155651,48,15,35,671,0.47776909421473934,-9.32511706569458,-0.6216744710463052,0.0194063114940169,3024.14,1,ok,,DQN\dqn_model_optuna_trial_48
2026-06-07T16:48:16.927822,Optuna,optuna_20260607_155651,48,16,35,671,-0.46213597781398835,-9.787253043508567,-0.6117033152192854,0.0194063114940169,3024.96,1,ok,,DQN\dqn_model_optuna_trial_48
2026-06-07T16:48:20.013005,Optuna,optuna_20260607_155651,48,17,35,671,-0.13091904320326078,-9.918172086711827,-0.5834218874536369,0.0194063114940169,3025.85,1,ok,,DQN\dqn_model_optuna_trial_48
2026-06-07T16:48:23.134836,Optuna,optuna_20260607_155651,48,18,35,671,-0.2250502132373726,-10.1432222999492,-0.5635123499971777,0.0194063114940169,3026.72,1,ok,,DQN\dqn_model_optuna_trial_48
2026-06-07T16:48:26.176683,Optuna,optuna_20260607_155651,48,19,35,671,-0.5481995222855139,-10.691421822234714,-0.5627064116965639,0.0194063114940169,3027.61,1,ok,,DQN\dqn_model_optuna_trial_48
2026-06-07T16:48:29.274430,Optuna,optuna_20260607_155651,48,20,35,671,0.1532355108909001,-10.538186311343814,-0.5269093155671907,0.0194063114940169,3028.49,1,ok,,DQN\dqn_model_optuna_trial_48
2026-06-07T16:48:32.431476,Optuna,optuna_20260607_155651,48,21,35,671,-1.0384174068816452,-11.57660371822546,-0.5512668437250219,0.0194063114940169,3029.3,1,ok,,DQN\dqn_model_optuna_trial_48
2026-06-07T16:48:35.486553,Optuna,optuna_20260607_155651,48,22,35,671,-0.07126810935634471,-11.647871827581804,-0.5294487194355365,0.0194063114940169,3030.12,1,ok,,DQN\dqn_model_optuna_trial_48
2026-06-07T16:48:38.725309,Optuna,optuna_20260607_155651,48,23,35,671,-1.59763930806283,-13.245511135644634,-0.5758917885062884,0.0194063114940169,3031.0,1,ok,,DQN\dqn_model_optuna_trial_48
2026-06-07T16:48:42.037303,Optuna,optuna_20260607_155651,48,24,35,671,0.5134510881841324,-12.732060047460502,-0.5305025019775209,0.0194063114940169,3031.88,1,ok,,DQN\dqn_model_optuna_trial_48
2026-06-07T16:48:45.594302,Optuna,optuna_20260607_155651,48,25,35,671,-0.38439049378957674,-13.116450541250078,-0.5246580216500031,0.0194063114940169,3032.82,1,ok,,DQN\dqn_model_optuna_trial_48
2026-06-07T16:48:48.810868,Optuna,optuna_20260607_155651,48,26,35,671,6.00599035416796,-7.1104601870821185,-0.27347923796469686,0.0194063114940169,3033.7,1,ok,,DQN\dqn_model_optuna_trial_48
2026-06-07T16:48:52.161444,Optuna,optuna_20260607_155651,48,27,35,671,-1.4443985042585545,-8.554858691340673,-0.3168466181978027,0.0194063114940169,3034.51,1,ok,,DQN\dqn_model_optuna_trial_48
2026-06-07T16:48:55.438191,Optuna,optuna_20260607_155651,48,28,35,671,-0.397261524739679,-8.952120216080353,-0.3197185791457269,0.0194063114940169,3035.39,1,ok,,DQN\dqn_model_optuna_trial_48
2026-06-07T16:48:58.833619,Optuna,optuna_20260607_155651,48,29,35,671,-0.34893254886980285,-9.301052764950155,-0.3207259574120743,0.0194063114940169,3036.26,1,ok,,DQN\dqn_model_optuna_trial_48
2026-06-07T16:49:02.134824,Optuna,optuna_20260607_155651,48,30,35,671,0.6160372268678116,-8.685015538082343,-0.2895005179360781,0.0194063114940169,3037.14,1,ok,,DQN\dqn_model_optuna_trial_48
2026-06-07T16:49:05.581934,Optuna,optuna_20260607_155651,48,31,35,671,2.7198778793808525,-5.96513765870149,-0.19242379544198354,0.0194063114940169,3038.01,1,ok,,DQN\dqn_model_optuna_trial_48
2026-06-07T16:49:09.038474,Optuna,optuna_20260607_155651,48,32,35,671,-0.00625974165264823,-5.971397400354139,-0.18660616876106684,0.0194063114940169,3038.89,1,ok,,DQN\dqn_model_optuna_trial_48
2026-06-07T16:49:12.427969,Optuna,optuna_20260607_155651,48,33,35,671,-1.1860580495477642,-7.157455449901903,-0.21689258939096676,0.0194063114940169,3039.76,1,ok,,DQN\dqn_model_optuna_trial_48
2026-06-07T16:49:15.888690,Optuna,optuna_20260607_155651,48,34,35,671,-0.04140232574239348,-7.198857775644297,-0.21173111104836168,0.0194063114940169,3040.51,1,ok,,DQN\dqn_model_optuna_trial_48
2026-06-07T16:49:19.269304,Optuna,optuna_20260607_155651,48,35,35,671,0.0417616535111221,-7.157096122133175,-0.2044884606323764,0.0194063114940169,3041.39,1,ok,,DQN\dqn_model_optuna_trial_48
2026-06-07T16:49:19.984379,Optuna,optuna_20260607_155651,49,1,35,671,-1.9474103162762353,-1.9474103162762353,-1.9474103162762353,0.8772342074901505,3012.09,1,ok,,DQN\dqn_model_optuna_trial_49
2026-06-07T16:49:22.679459,Optuna,optuna_20260607_155651,49,2,35,671,-2.409871497597537,-4.357281813873772,-2.178640906936886,0.8339202571079699,3012.97,1,ok,,DQN\dqn_model_optuna_trial_49
2026-06-07T16:49:25.435429,Optuna,optuna_20260607_155651,49,3,35,671,-3.8353949648954244,-8.192676778769197,-2.7308922595897323,0.7906063067257894,3013.85,1,ok,,DQN\dqn_model_optuna_trial_49
2026-06-07T16:49:28.390303,Optuna,optuna_20260607_155651,49,4,35,671,-3.3826364425134274,-11.575313221282624,-2.893828305320656,0.7472923563436088,3014.73,1,ok,,DQN\dqn_model_optuna_trial_49
2026-06-07T16:49:31.109316,Optuna,optuna_20260607_155651,49,5,35,671,-1.4028097689039012,-12.978122990186526,-2.595624598037305,0.7039784059614282,3015.55,1,ok,,DQN\dqn_model_optuna_trial_49
2026-06-07T16:49:33.849217,Optuna,optuna_20260607_155651,49,6,35,671,-1.6483049185084047,-14.62642790869493,-2.4377379847824883,0.6606644555792477,3016.36,1,ok,,DQN\dqn_model_optuna_trial_49
2026-06-07T16:49:34.544169,Optuna,optuna_20260607_155651,50,1,35,671,-1.1804630483807563,-1.1804630483807563,-1.1804630483807563,0.9134439506617232,3008.91,1,ok,,DQN\dqn_model_optuna_trial_50
2026-06-07T16:49:37.284522,Optuna,optuna_20260607_155651,50,2,35,671,-1.9901914622607748,-3.170654510641531,-1.5853272553207656,0.9117802903538692,3009.74,1,ok,,DQN\dqn_model_optuna_trial_50
2026-06-07T16:49:40.237826,Optuna,optuna_20260607_155651,50,3,35,671,-2.7479157029899475,-5.918570213631479,-1.9728567378771595,0.9101166300460152,3010.68,1,ok,,DQN\dqn_model_optuna_trial_50
2026-06-07T16:49:43.128970,Optuna,optuna_20260607_155651,50,4,35,671,-1.67390663216064,-7.592476845792119,-1.8981192114480296,0.9084529697381611,3011.5,1,ok,,DQN\dqn_model_optuna_trial_50
2026-06-07T16:49:46.099240,Optuna,optuna_20260607_155651,50,5,35,671,-3.5030412417379435,-11.095518087530062,-2.219103617506012,0.9067893094303071,3012.38,1,ok,,DQN\dqn_model_optuna_trial_50
2026-06-07T16:49:49.020805,Optuna,optuna_20260607_155651,50,6,35,671,-3.6996322381390483,-14.795150325669109,-2.4658583876115183,0.9051256491224531,3013.25,1,ok,,DQN\dqn_model_optuna_trial_50
2026-06-07T16:49:51.940494,Optuna,optuna_20260607_155651,50,7,35,671,-1.7417416451985896,-16.5368919708677,-2.3624131386953855,0.903461988814599,3014.14,1,ok,,DQN\dqn_model_optuna_trial_50
2026-06-07T16:49:54.862767,Optuna,optuna_20260607_155651,50,8,35,671,-1.7492311175069315,-18.28612308837463,-2.2857653860468288,0.901798328506745,3014.96,1,ok,,DQN\dqn_model_optuna_trial_50
2026-06-07T16:49:57.814701,Optuna,optuna_20260607_155651,50,9,35,671,-1.2891880631824604,-19.57531115155709,-2.1750345723952322,0.900134668198891,3015.83,1,ok,,DQN\dqn_model_optuna_trial_50
2026-06-07T16:50:00.707397,Optuna,optuna_20260607_155651,50,10,35,671,-3.0275554718904183,-22.60286662344751,-2.2602866623447513,0.898471007891037,3016.65,1,ok,,DQN\dqn_model_optuna_trial_50
2026-06-07T16:50:03.664836,Optuna,optuna_20260607_155651,50,11,35,671,-1.255821542927783,-23.858688166375295,-2.168971651488663,0.8968073475831829,3017.54,1,ok,,DQN\dqn_model_optuna_trial_50
2026-06-07T16:50:06.679453,Optuna,optuna_20260607_155651,50,12,35,671,-3.6079450585186312,-27.466633224893926,-2.288886102074494,0.8951436872753289,3018.41,1,ok,,DQN\dqn_model_optuna_trial_50
2026-06-07T16:50:09.756414,Optuna,optuna_20260607_155651,50,13,35,671,-1.6578279017612048,-29.12446112665513,-2.2403431635888564,0.8934800269674749,3019.29,1,ok,,DQN\dqn_model_optuna_trial_50
2026-06-07T16:50:12.595436,Optuna,optuna_20260607_155651,50,14,35,671,-2.890560247949476,-32.01502137460461,-2.286787241043186,0.8918163666596208,3020.18,1,ok,,DQN\dqn_model_optuna_trial_50
2026-06-07T16:50:15.432624,Optuna,optuna_20260607_155651,50,15,35,671,-2.38963054425699,-34.404651918861596,-2.2936434612574397,0.8901527063517668,3021.05,1,ok,,DQN\dqn_model_optuna_trial_50
2026-06-07T16:50:18.370279,Optuna,optuna_20260607_155651,50,16,35,671,-1.9947575367989274,-36.399409455660525,-2.274963090978783,0.8884890460439128,3021.87,1,ok,,DQN\dqn_model_optuna_trial_50
2026-06-07T16:50:19.094552,Optuna,optuna_20260607_155651,51,1,35,671,-2.970894836808227,-2.970894836808227,-2.970894836808227,0.8755668437857592,3022.84,1,ok,,DQN\dqn_model_optuna_trial_51
2026-06-07T16:50:21.785455,Optuna,optuna_20260607_155651,51,2,35,671,-3.4334593311723207,-6.404354167980548,-3.202177083990274,0.7698113499611471,3023.75,1,ok,,DQN\dqn_model_optuna_trial_51
2026-06-07T16:50:24.604600,Optuna,optuna_20260607_155651,51,3,35,671,-0.40973694774630787,-6.814091115726856,-2.2713637052422855,0.664055856136535,3024.62,1,ok,,DQN\dqn_model_optuna_trial_51
2026-06-07T16:50:27.421467,Optuna,optuna_20260607_155651,51,4,35,671,-2.8163164670621117,-9.630407582788967,-2.407601895697242,0.5583003623119228,3025.51,1,ok,,DQN\dqn_model_optuna_trial_51
2026-06-07T16:50:30.273061,Optuna,optuna_20260607_155651,51,5,35,671,-1.1108388544162417,-10.74124643720521,-2.148249287441042,0.45254486848732745,3026.33,1,ok,,DQN\dqn_model_optuna_trial_51
2026-06-07T16:50:33.295330,Optuna,optuna_20260607_155651,51,6,35,671,-1.4174581211651323,-12.158704558370342,-2.0264507597283905,0.34678937466275256,3027.2,1,ok,,DQN\dqn_model_optuna_trial_51
2026-06-07T16:50:34.143477,Optuna,optuna_20260607_155651,52,1,35,671,-0.6748283158945014,-0.6748283158945014,-0.6748283158945014,0.8258992369343373,3009.08,1,ok,,DQN\dqn_model_optuna_trial_52
2026-06-07T16:50:36.732245,Optuna,optuna_20260607_155651,52,2,35,671,-2.091878707150673,-2.7667070230451745,-1.3833535115225872,0.7264494090980227,3010.4,1,ok,,DQN\dqn_model_optuna_trial_52
2026-06-07T16:50:39.564542,Optuna,optuna_20260607_155651,52,3,35,671,-1.6068630262012005,-4.373570049246375,-1.457856683082125,0.6269995812617081,3011.28,1,ok,,DQN\dqn_model_optuna_trial_52
2026-06-07T16:50:42.605071,Optuna,optuna_20260607_155651,52,4,35,671,-2.506498452753751,-6.880068502000126,-1.7200171255000316,0.5275497534253935,3012.1,1,ok,,DQN\dqn_model_optuna_trial_52
2026-06-07T16:50:45.778255,Optuna,optuna_20260607_155651,52,5,35,671,-2.226209299301323,-9.106277801301449,-1.8212555602602898,0.42809992558907883,3012.98,1,ok,,DQN\dqn_model_optuna_trial_52
2026-06-07T16:50:48.763656,Optuna,optuna_20260607_155651,52,6,35,671,-1.6880005048449522,-10.794278306146401,-1.7990463843577336,0.3286500977527642,3013.86,1,ok,,DQN\dqn_model_optuna_trial_52
2026-06-07T16:50:51.536001,Optuna,optuna_20260607_155651,52,7,35,671,-1.8214962437267066,-12.615774549873107,-1.8022535071247296,0.22920026991644568,3014.74,1,ok,,DQN\dqn_model_optuna_trial_52
2026-06-07T16:50:54.264453,Optuna,optuna_20260607_155651,52,8,35,671,-0.3580963947988734,-12.973870944671981,-1.6217338680839977,0.12975044208011244,3015.56,1,ok,,DQN\dqn_model_optuna_trial_52
2026-06-07T16:50:56.949998,Optuna,optuna_20260607_155651,52,9,35,671,0.4312982578412747,-12.542572686830706,-1.393619187425634,0.030300614243779195,3016.43,1,ok,,DQN\dqn_model_optuna_trial_52
2026-06-07T16:50:59.660562,Optuna,optuna_20260607_155651,52,10,35,671,0.2812616799911844,-12.261311006839522,-1.2261311006839521,0.028940552217324618,3017.25,1,ok,,DQN\dqn_model_optuna_trial_52
2026-06-07T16:51:02.525372,Optuna,optuna_20260607_155651,52,11,35,671,-1.0067242181284002,-13.268035224967923,-1.2061850204516293,0.028940552217324618,3018.14,1,ok,,DQN\dqn_model_optuna_trial_52
2026-06-07T16:51:05.378164,Optuna,optuna_20260607_155651,52,12,35,671,-1.567450848314388,-14.835486073282311,-1.2362905061068592,0.028940552217324618,3019.01,1,ok,,DQN\dqn_model_optuna_trial_52
2026-06-07T16:51:08.161768,Optuna,optuna_20260607_155651,52,13,35,671,-0.3302143109873602,-15.165700384269671,-1.1665923372515132,0.028940552217324618,3019.89,1,ok,,DQN\dqn_model_optuna_trial_52
2026-06-07T16:51:11.003644,Optuna,optuna_20260607_155651,52,14,35,671,-1.4996532566586953,-16.665353640928366,-1.1903824029234547,0.028940552217324618,3020.71,1,ok,,DQN\dqn_model_optuna_trial_52
2026-06-07T16:51:13.827965,Optuna,optuna_20260607_155651,52,15,35,671,-1.2471014346029898,-17.912455075531355,-1.1941636717020903,0.028940552217324618,3021.59,1,ok,,DQN\dqn_model_optuna_trial_52
2026-06-07T16:51:16.703029,Optuna,optuna_20260607_155651,52,16,35,671,0.5100644543493543,-17.402390621182,-1.087649413823875,0.028940552217324618,3022.41,1,ok,,DQN\dqn_model_optuna_trial_52
2026-06-07T16:51:19.677132,Optuna,optuna_20260607_155651,52,17,35,671,-1.8936348226960977,-19.296025443878097,-1.1350603202281233,0.028940552217324618,3023.29,1,ok,,DQN\dqn_model_optuna_trial_52
2026-06-07T16:51:22.608306,Optuna,optuna_20260607_155651,52,18,35,671,-0.23173812966217922,-19.527763573540277,-1.084875754085571,0.028940552217324618,3024.17,1,ok,,DQN\dqn_model_optuna_trial_52
2026-06-07T16:51:25.494865,Optuna,optuna_20260607_155651,52,19,35,671,-1.0151732428767528,-20.54293681641703,-1.081207200864054,0.028940552217324618,3025.05,1,ok,,DQN\dqn_model_optuna_trial_52
2026-06-07T16:51:28.427551,Optuna,optuna_20260607_155651,52,20,35,671,-0.07124017047683825,-20.614176986893867,-1.0307088493446934,0.028940552217324618,3025.87,1,ok,,DQN\dqn_model_optuna_trial_52
2026-06-07T16:51:31.578133,Optuna,optuna_20260607_155651,52,21,35,671,-1.4129841115184303,-22.027161098412297,-1.0489124332577284,0.028940552217324618,3026.75,1,ok,,DQN\dqn_model_optuna_trial_52
2026-06-07T16:51:34.740681,Optuna,optuna_20260607_155651,52,22,35,671,-0.17528532124053456,-22.20244641965283,-1.0092021099842194,0.028940552217324618,3027.63,1,ok,,DQN\dqn_model_optuna_trial_52
2026-06-07T16:51:38.232813,Optuna,optuna_20260607_155651,52,23,35,671,-1.552159034275129,-23.754605453927958,-1.0328089327794765,0.028940552217324618,3028.45,1,ok,,DQN\dqn_model_optuna_trial_52
2026-06-07T16:51:41.887508,Optuna,optuna_20260607_155651,52,24,35,671,-0.7626018655234335,-24.51720731945139,-1.0215503049771413,0.028940552217324618,3029.32,1,ok,,DQN\dqn_model_optuna_trial_52
2026-06-07T16:51:45.411154,Optuna,optuna_20260607_155651,52,25,35,671,0.4923182594152217,-24.02488906003617,-0.9609955624014468,0.028940552217324618,3030.27,1,ok,,DQN\dqn_model_optuna_trial_52
2026-06-07T16:51:48.982899,Optuna,optuna_20260607_155651,52,26,35,671,-1.7560750027290173,-25.780964062765186,-0.9915755408755841,0.028940552217324618,3031.14,1,ok,,DQN\dqn_model_optuna_trial_52
2026-06-07T16:51:52.437039,Optuna,optuna_20260607_155651,52,27,35,671,0.5496416920900448,-25.23132237067514,-0.9344934211361163,0.028940552217324618,3032.02,1,ok,,DQN\dqn_model_optuna_trial_52
2026-06-07T16:51:55.665697,Optuna,optuna_20260607_155651,52,28,35,671,-0.40944569814351156,-25.64076806881865,-0.9157417167435232,0.028940552217324618,3032.89,1,ok,,DQN\dqn_model_optuna_trial_52
2026-06-07T16:51:59.159180,Optuna,optuna_20260607_155651,52,29,35,671,-1.0396685277605595,-26.680436596579213,-0.9200150550544556,0.028940552217324618,3033.7,1,ok,,DQN\dqn_model_optuna_trial_52
2026-06-07T16:52:02.361490,Optuna,optuna_20260607_155651,52,30,35,671,-0.4426253302453046,-27.12306192682452,-0.904102064227484,0.028940552217324618,3034.58,1,ok,,DQN\dqn_model_optuna_trial_52
2026-06-07T16:52:05.707835,Optuna,optuna_20260607_155651,52,31,35,671,-2.7500827504983865,-29.873144677322905,-0.9636498283007389,0.028940552217324618,3035.45,1,ok,,DQN\dqn_model_optuna_trial_52
2026-06-07T16:52:09.049884,Optuna,optuna_20260607_155651,52,32,35,671,0.13489455778590448,-29.738250119537,-0.9293203162355312,0.028940552217324618,3036.27,1,ok,,DQN\dqn_model_optuna_trial_52
2026-06-07T16:52:12.625714,Optuna,optuna_20260607_155651,52,33,35,671,-0.13660112734284557,-29.874851246879846,-0.9052985226327226,0.028940552217324618,3037.14,1,ok,,DQN\dqn_model_optuna_trial_52
2026-06-07T16:52:15.910086,Optuna,optuna_20260607_155651,52,34,35,671,-0.27451416329615136,-30.149365410175996,-0.8867460414757646,0.028940552217324618,3038.02,1,ok,,DQN\dqn_model_optuna_trial_52
2026-06-07T16:52:19.283593,Optuna,optuna_20260607_155651,52,35,35,671,-0.3183198881062911,-30.467685298282287,-0.8705052942366368,0.028940552217324618,3038.83,1,ok,,DQN\dqn_model_optuna_trial_52
2026-06-07T16:52:20.068160,Optuna,optuna_20260607_155651,53,1,35,671,-1.5977802966257253,-1.5977802966257253,-1.5977802966257253,0.8279677483686136,3009.51,1,ok,,DQN\dqn_model_optuna_trial_53
2026-06-07T16:52:22.913517,Optuna,optuna_20260607_155651,53,2,35,671,-2.1322439759491916,-3.7300242725749166,-1.8650121362874583,0.696708105694669,3010.39,1,ok,,DQN\dqn_model_optuna_trial_53
2026-06-07T16:52:25.906683,Optuna,optuna_20260607_155651,53,3,35,671,-1.868418924911952,-5.598443197486869,-1.866147732495623,0.5654484630207244,3011.27,1,ok,,DQN\dqn_model_optuna_trial_53
2026-06-07T16:52:29.051191,Optuna,optuna_20260607_155651,53,4,35,671,-2.8554327305299925,-8.453875928016862,-2.1134689820042154,0.43418882034679845,3012.15,1,ok,,DQN\dqn_model_optuna_trial_53
2026-06-07T16:52:32.723347,Optuna,optuna_20260607_155651,53,5,35,671,-0.7291748891579117,-9.183050817174774,-1.8366101634349548,0.30292917767289107,3012.97,1,ok,,DQN\dqn_model_optuna_trial_53
2026-06-07T16:52:36.496459,Optuna,optuna_20260607_155651,53,6,35,671,-1.4036900622548536,-10.586740879429627,-1.7644568132382712,0.17166953499898369,3013.84,1,ok,,DQN\dqn_model_optuna_trial_53
2026-06-07T16:52:39.741296,Optuna,optuna_20260607_155651,53,7,35,671,0.3090053689318586,-10.277735510497768,-1.4682479300711098,0.0404098923250763,3014.73,1,ok,,DQN\dqn_model_optuna_trial_53
2026-06-07T16:52:42.877380,Optuna,optuna_20260607_155651,53,8,35,671,-1.1129225770450415,-11.39065808754281,-1.4238322609428513,0.036557312693329125,3015.55,1,ok,,DQN\dqn_model_optuna_trial_53
2026-06-07T16:52:46.049364,Optuna,optuna_20260607_155651,53,9,35,671,-1.4363780692837758,-12.827036156826587,-1.4252262396473985,0.036557312693329125,3016.42,1,ok,,DQN\dqn_model_optuna_trial_53
2026-06-07T16:52:49.376067,Optuna,optuna_20260607_155651,53,10,35,671,-0.15334490034899706,-12.980381057175585,-1.2980381057175585,0.036557312693329125,3017.3,1,ok,,DQN\dqn_model_optuna_trial_53
2026-06-07T16:52:52.617678,Optuna,optuna_20260607_155651,53,11,35,671,-2.9182880647977307,-15.898669121973315,-1.4453335565430285,0.036557312693329125,3018.12,1,ok,,DQN\dqn_model_optuna_trial_53
2026-06-07T16:52:55.859701,Optuna,optuna_20260607_155651,53,12,35,671,-1.152979305823299,-17.051648427796614,-1.4209707023163844,0.036557312693329125,3019.01,1,ok,,DQN\dqn_model_optuna_trial_53
2026-06-07T16:52:56.711086,Optuna,optuna_20260607_155651,54,1,35,671,-2.896408029973272,-2.896408029973272,-2.896408029973272,0.8211189219567425,3009.53,1,ok,,DQN\dqn_model_optuna_trial_54
2026-06-07T16:52:59.750858,Optuna,optuna_20260607_155651,54,2,35,671,-2.0431819767966184,-4.93959000676989,-2.469795003384945,0.7537792481408491,3010.41,1,ok,,DQN\dqn_model_optuna_trial_54
2026-06-07T16:53:03.095919,Optuna,optuna_20260607_155651,54,3,35,671,-0.9188190026776691,-5.858409009447559,-1.9528030031491863,0.6864395743249556,3011.29,1,ok,,DQN\dqn_model_optuna_trial_54
2026-06-07T16:53:06.212340,Optuna,optuna_20260607_155651,54,4,35,671,-2.6089849736746458,-8.467393983122205,-2.1168484957805513,0.6190999005090622,3012.17,1,ok,,DQN\dqn_model_optuna_trial_54
2026-06-07T16:53:09.345310,Optuna,optuna_20260607_155651,54,5,35,671,-2.1502821843661892,-10.617676167488394,-2.123535233497679,0.5517602266931687,3013.05,1,ok,,DQN\dqn_model_optuna_trial_54
2026-06-07T16:53:12.479558,Optuna,optuna_20260607_155651,54,6,35,671,-1.5691692232874157,-12.18684539077581,-2.031140898462635,0.48442055287727526,3013.93,1,ok,,DQN\dqn_model_optuna_trial_54
2026-06-07T16:53:13.259136,Optuna,optuna_20260607_155651,55,1,35,671,-1.3262607259074854,-1.3262607259074854,-1.3262607259074854,0.8742814307759744,3015.46,1,ok,,DQN\dqn_model_optuna_trial_55
2026-06-07T16:53:15.959065,Optuna,optuna_20260607_155651,55,2,35,671,-1.688026737120362,-3.0142874630278476,-1.5071437315139238,0.8269538706458555,3016.34,1,ok,,DQN\dqn_model_optuna_trial_55
2026-06-07T16:53:18.953726,Optuna,optuna_20260607_155651,55,3,35,671,-3.006165819966778,-6.020453282994625,-2.0068177609982083,0.7796263105157365,3017.21,1,ok,,DQN\dqn_model_optuna_trial_55
2026-06-07T16:53:21.844181,Optuna,optuna_20260607_155651,55,4,35,671,-1.4224260483726148,-7.44287933136724,-1.86071983284181,0.7322987503856175,3018.1,1,ok,,DQN\dqn_model_optuna_trial_55
2026-06-07T16:53:24.681908,Optuna,optuna_20260607_155651,55,5,35,671,-2.284847621942068,-9.727726953309308,-1.9455453906618616,0.6849711902554986,3018.98,1,ok,,DQN\dqn_model_optuna_trial_55
2026-06-07T16:53:27.620515,Optuna,optuna_20260607_155651,55,6,35,671,-0.7474843543686099,-10.475211307677917,-1.7458685512796528,0.6376436301253796,3019.86,1,ok,,DQN\dqn_model_optuna_trial_55
2026-06-07T16:53:30.574912,Optuna,optuna_20260607_155651,55,7,35,671,-0.5575157499948525,-11.03272705767277,-1.5761038653818242,0.5903160699952607,3020.68,1,ok,,DQN\dqn_model_optuna_trial_55
2026-06-07T16:53:33.559008,Optuna,optuna_20260607_155651,55,8,35,671,-2.2678486630310695,-13.300575720703838,-1.6625719650879798,0.5429885098651417,3021.5,1,ok,,DQN\dqn_model_optuna_trial_55
2026-06-07T16:53:36.381116,Optuna,optuna_20260607_155651,55,9,35,671,-1.0804225767283544,-14.380998297432193,-1.5978886997146882,0.4956609497350193,3022.37,1,ok,,DQN\dqn_model_optuna_trial_55
2026-06-07T16:53:39.384101,Optuna,optuna_20260607_155651,55,10,35,671,-2.1364428975489314,-16.517441194981124,-1.6517441194981124,0.4483333896048631,3023.25,1,ok,,DQN\dqn_model_optuna_trial_55
2026-06-07T16:53:42.277320,Optuna,optuna_20260607_155651,55,11,35,671,-0.15024301239170654,-16.66768420737283,-1.5152440188520755,0.40100582947470687,3024.14,1,ok,,DQN\dqn_model_optuna_trial_55
2026-06-07T16:53:45.320928,Optuna,optuna_20260607_155651,55,12,35,671,0.5809590673814282,-16.0867251399914,-1.3405604283326167,0.35367826934455066,3025.01,1,ok,,DQN\dqn_model_optuna_trial_55
2026-06-07T16:53:46.059343,Optuna,optuna_20260607_155651,56,1,35,671,-2.079475986397961,-2.079475986397961,-2.079475986397961,0.8462406591389192,3010.36,1,ok,,DQN\dqn_model_optuna_trial_56
2026-06-07T16:53:48.987330,Optuna,optuna_20260607_155651,56,2,35,671,-1.0331092262980597,-3.112585212696021,-1.5562926063480105,0.7130737171225914,3011.24,1,ok,,DQN\dqn_model_optuna_trial_56
2026-06-07T16:53:51.694709,Optuna,optuna_20260607_155651,56,3,35,671,-2.378801064721508,-5.491386277417529,-1.8304620924725097,0.5799067751062635,3012.14,1,ok,,DQN\dqn_model_optuna_trial_56
2026-06-07T16:53:54.669233,Optuna,optuna_20260607_155651,56,4,35,671,-0.7865439089000906,-6.27793018631762,-1.569482546579405,0.44673983308995063,3012.96,1,ok,,DQN\dqn_model_optuna_trial_56
2026-06-07T16:53:57.423748,Optuna,optuna_20260607_155651,56,5,35,671,-1.8164039339746634,-8.094334120292283,-1.6188668240584565,0.31357289107366004,3013.84,1,ok,,DQN\dqn_model_optuna_trial_56
2026-06-07T16:54:00.368265,Optuna,optuna_20260607_155651,56,6,35,671,-1.560590789041761,-9.654924909334044,-1.609154151555674,0.1804059490573597,3014.65,1,ok,,DQN\dqn_model_optuna_trial_56
2026-06-07T16:54:03.150147,Optuna,optuna_20260607_155651,56,7,35,671,-2.0036394400641653,-11.658564349398208,-1.6655091927711727,0.1436492944879103,3015.54,1,ok,,DQN\dqn_model_optuna_trial_56
2026-06-07T16:54:06.196123,Optuna,optuna_20260607_155651,56,8,35,671,-0.4521975331806332,-12.110761882578842,-1.5138452353223553,0.1436492944879103,3016.42,1,ok,,DQN\dqn_model_optuna_trial_56
2026-06-07T16:54:09.075046,Optuna,optuna_20260607_155651,56,9,35,671,-1.0688723187651168,-13.179634201343958,-1.4644038001493287,0.1436492944879103,3017.29,1,ok,,DQN\dqn_model_optuna_trial_56
2026-06-07T16:54:12.037609,Optuna,optuna_20260607_155651,56,10,35,671,-0.3652927483795935,-13.544926949723552,-1.3544926949723552,0.1436492944879103,3018.12,1,ok,,DQN\dqn_model_optuna_trial_56
2026-06-07T16:54:15.039180,Optuna,optuna_20260607_155651,56,11,35,671,-1.5374383014556472,-15.0823652511792,-1.3711241137435637,0.1436492944879103,3019.0,1,ok,,DQN\dqn_model_optuna_trial_56
2026-06-07T16:54:17.904654,Optuna,optuna_20260607_155651,56,12,35,671,-1.4788714105727987,-16.561236661751998,-1.3801030551459998,0.1436492944879103,3019.81,1,ok,,DQN\dqn_model_optuna_trial_56
2026-06-07T16:54:18.602270,Optuna,optuna_20260607_155651,57,1,35,671,-1.8811894553620772,-1.8811894553620772,-1.8811894553620772,0.8246961329569731,3020.73,1,ok,,DQN\dqn_model_optuna_trial_57
2026-06-07T16:54:21.504835,Optuna,optuna_20260607_155651,57,2,35,671,-1.4812418116068564,-3.3624312669689336,-1.6812156334844668,0.7159015395048918,3021.59,1,ok,,DQN\dqn_model_optuna_trial_57
2026-06-07T16:54:24.538183,Optuna,optuna_20260607_155651,57,3,35,671,-1.2903889362462275,-4.652820203215161,-1.550940067738387,0.6071069460528105,3022.46,1,ok,,DQN\dqn_model_optuna_trial_57
2026-06-07T16:54:27.628739,Optuna,optuna_20260607_155651,57,4,35,671,-0.9451589165421463,-5.597979119757308,-1.399494779939327,0.49831235260072976,3023.28,1,ok,,DQN\dqn_model_optuna_trial_57
2026-06-07T16:54:30.997728,Optuna,optuna_20260607_155651,57,5,35,671,-1.988010905917148,-7.585990025674455,-1.517198005134891,0.3895177591486857,3024.16,1,ok,,DQN\dqn_model_optuna_trial_57
2026-06-07T16:54:34.108215,Optuna,optuna_20260607_155651,57,6,35,671,-0.7440028473821545,-8.329992873056609,-1.3883321455094348,0.28072316569664163,3025.04,1,ok,,DQN\dqn_model_optuna_trial_57
2026-06-07T16:54:37.225233,Optuna,optuna_20260607_155651,57,7,35,671,-1.6548978135643426,-9.984890686620952,-1.4264129552315645,0.1719285722445842,3025.92,1,ok,,DQN\dqn_model_optuna_trial_57
2026-06-07T16:54:40.388483,Optuna,optuna_20260607_155651,57,8,35,671,-0.9934585814036236,-10.978349268024576,-1.372293658503072,0.0631339787925268,3026.74,1,ok,,DQN\dqn_model_optuna_trial_57
2026-06-07T16:54:43.335456,Optuna,optuna_20260607_155651,57,9,35,671,-0.0022331135647700364,-10.980582381589347,-1.220064709065483,0.04452196178431522,3027.62,1,ok,,DQN\dqn_model_optuna_trial_57
2026-06-07T16:54:46.518995,Optuna,optuna_20260607_155651,57,10,35,671,0.3341925846225647,-10.646389796966782,-1.0646389796966782,0.04452196178431522,3028.44,1,ok,,DQN\dqn_model_optuna_trial_57
2026-06-07T16:54:49.756538,Optuna,optuna_20260607_155651,57,11,35,671,-0.9195546524116732,-11.565944449378454,-1.0514494953980413,0.04452196178431522,3029.32,1,ok,,DQN\dqn_model_optuna_trial_57
2026-06-07T16:54:52.881387,Optuna,optuna_20260607_155651,57,12,35,671,-0.08860472497070733,-11.654549174349162,-0.9712124311957635,0.04452196178431522,3030.2,1,ok,,DQN\dqn_model_optuna_trial_57
2026-06-07T16:54:56.079659,Optuna,optuna_20260607_155651,57,13,35,671,-1.536321603271646,-13.190870777620809,-1.014682367509293,0.04452196178431522,3031.08,1,ok,,DQN\dqn_model_optuna_trial_57
2026-06-07T16:54:59.157193,Optuna,optuna_20260607_155651,57,14,35,671,-1.4199594003286033,-14.610830177949412,-1.0436307269963865,0.04452196178431522,3031.96,1,ok,,DQN\dqn_model_optuna_trial_57
2026-06-07T16:55:02.323795,Optuna,optuna_20260607_155651,57,15,35,671,-1.5419771761100813,-16.152807354059494,-1.0768538236039662,0.04452196178431522,3032.72,1,ok,,DQN\dqn_model_optuna_trial_57
2026-06-07T16:55:05.446941,Optuna,optuna_20260607_155651,57,16,35,671,-0.24300784493413646,-16.39581519899363,-1.024738449937102,0.04452196178431522,3033.59,1,ok,,DQN\dqn_model_optuna_trial_57
2026-06-07T16:55:08.659198,Optuna,optuna_20260607_155651,57,17,35,671,-0.06977982506817831,-16.46559502406181,-0.9685644131801064,0.04452196178431522,3034.48,1,ok,,DQN\dqn_model_optuna_trial_57
2026-06-07T16:55:11.891836,Optuna,optuna_20260607_155651,57,18,35,671,5.293100339394395,-11.172494684667413,-0.6206941491481897,0.04452196178431522,3035.35,1,ok,,DQN\dqn_model_optuna_trial_57
2026-06-07T16:55:14.959200,Optuna,optuna_20260607_155651,57,19,35,671,-0.9414890932200582,-12.113983777887471,-0.6375780935730248,0.04452196178431522,3036.23,1,ok,,DQN\dqn_model_optuna_trial_57
2026-06-07T16:55:18.234900,Optuna,optuna_20260607_155651,57,20,35,671,-0.8841563400079847,-12.998140117895456,-0.6499070058947728,0.04452196178431522,3037.12,1,ok,,DQN\dqn_model_optuna_trial_57
2026-06-07T16:55:21.516729,Optuna,optuna_20260607_155651,57,21,35,671,0.22476774442705563,-12.773372373468401,-0.6082558273080191,0.04452196178431522,3037.93,1,ok,,DQN\dqn_model_optuna_trial_57
2026-06-07T16:55:24.652265,Optuna,optuna_20260607_155651,57,22,35,671,-1.6982237425966609,-14.471596116065061,-0.6577998234575028,0.04452196178431522,3038.81,1,ok,,DQN\dqn_model_optuna_trial_57
2026-06-07T16:55:27.923185,Optuna,optuna_20260607_155651,57,23,35,671,-0.08483419855015621,-14.556430314615218,-0.6328882745484877,0.04452196178431522,3039.63,1,ok,,DQN\dqn_model_optuna_trial_57
2026-06-07T16:55:31.167822,Optuna,optuna_20260607_155651,57,24,35,671,0.3273094666882488,-14.22912084792697,-0.5928800353302904,0.04452196178431522,3040.51,1,ok,,DQN\dqn_model_optuna_trial_57
2026-06-07T16:55:34.359317,Optuna,optuna_20260607_155651,57,25,35,671,-0.0842188742775824,-14.313339722204551,-0.5725335888881821,0.04452196178431522,3041.39,1,ok,,DQN\dqn_model_optuna_trial_57
2026-06-07T16:55:37.719077,Optuna,optuna_20260607_155651,57,26,35,671,-1.031757476297192,-15.345097198501744,-0.5901960460962209,0.04452196178431522,3042.27,1,ok,,DQN\dqn_model_optuna_trial_57
2026-06-07T16:55:40.981164,Optuna,optuna_20260607_155651,57,27,35,671,-0.21538611975571945,-15.560483318257463,-0.5763141969724986,0.04452196178431522,3043.09,1,ok,,DQN\dqn_model_optuna_trial_57
2026-06-07T16:55:44.327830,Optuna,optuna_20260607_155651,57,28,35,671,-0.5547949276037086,-16.11527824586117,-0.575545651637899,0.04452196178431522,3043.97,1,ok,,DQN\dqn_model_optuna_trial_57
2026-06-07T16:55:47.698558,Optuna,optuna_20260607_155651,57,29,35,671,-1.4338640546841201,-17.54914230054529,-0.6051428379498376,0.04452196178431522,3044.79,1,ok,,DQN\dqn_model_optuna_trial_57
2026-06-07T16:55:50.975893,Optuna,optuna_20260607_155651,57,30,35,671,-0.19108587919426845,-17.74022817973956,-0.591340939324652,0.04452196178431522,3045.66,1,ok,,DQN\dqn_model_optuna_trial_57
2026-06-07T16:55:54.272483,Optuna,optuna_20260607_155651,57,31,35,671,0.13566344815105683,-17.604564731588503,-0.5678891848899518,0.04452196178431522,3046.55,1,ok,,DQN\dqn_model_optuna_trial_57
2026-06-07T16:55:57.684630,Optuna,optuna_20260607_155651,57,32,35,671,-0.3800744851680268,-17.98463921675653,-0.5620199755236416,0.04452196178431522,3047.42,1,ok,,DQN\dqn_model_optuna_trial_57
2026-06-07T16:56:00.908456,Optuna,optuna_20260607_155651,57,33,35,671,-1.6858023103122424,-19.670441527068775,-0.5960739856687507,0.04452196178431522,3048.24,1,ok,,DQN\dqn_model_optuna_trial_57
2026-06-07T16:56:04.316025,Optuna,optuna_20260607_155651,57,34,35,671,-0.06413629349361046,-19.734577820562386,-0.5804287594283055,0.04452196178431522,3049.12,1,ok,,DQN\dqn_model_optuna_trial_57
2026-06-07T16:56:07.786010,Optuna,optuna_20260607_155651,57,35,35,671,-1.038032560990575,-20.772610381552962,-0.593503153758656,0.04452196178431522,3049.94,1,ok,,DQN\dqn_model_optuna_trial_57
2026-06-07T16:56:08.466710,Optuna,optuna_20260607_155651,58,1,35,671,-2.7460342671674445,-2.7460342671674445,-2.7460342671674445,0.8170532357350238,3020.71,1,ok,,DQN\dqn_model_optuna_trial_58
2026-06-07T16:56:11.177966,Optuna,optuna_20260607_155651,58,2,35,671,-1.0932502150923311,-3.8392844822597754,-1.9196422411298877,0.7900206945205573,3021.59,1,ok,,DQN\dqn_model_optuna_trial_58
2026-06-07T16:56:14.238464,Optuna,optuna_20260607_155651,58,3,35,671,-1.876473267064198,-5.7157577493239735,-1.9052525831079912,0.7629881533060909,3022.41,1,ok,,DQN\dqn_model_optuna_trial_58
2026-06-07T16:56:17.132640,Optuna,optuna_20260607_155651,58,4,35,671,-1.9742568710607444,-7.6900146203847175,-1.9225036550961794,0.7359556120916245,3023.34,1,ok,,DQN\dqn_model_optuna_trial_58
2026-06-07T16:56:20.175824,Optuna,optuna_20260607_155651,58,5,35,671,-2.7922163737165553,-10.482230994101272,-2.0964461988202543,0.7089230708771581,3024.16,1,ok,,DQN\dqn_model_optuna_trial_58
2026-06-07T16:56:23.259448,Optuna,optuna_20260607_155651,58,6,35,671,-2.155611426392346,-12.637842420493618,-2.1063070700822695,0.6818905296626917,3025.04,1,ok,,DQN\dqn_model_optuna_trial_58
2026-06-07T16:56:23.948278,Optuna,optuna_20260607_155651,59,1,35,671,-2.1175496622739156,-2.1175496622739156,-2.1175496622739156,0.83796929994831,3010.43,1,ok,,DQN\dqn_model_optuna_trial_59
2026-06-07T16:56:26.605918,Optuna,optuna_20260607_155651,59,2,35,671,-2.9874471629123254,-5.104996825186241,-2.5524984125931205,0.7834887254584946,3011.31,1,ok,,DQN\dqn_model_optuna_trial_59
2026-06-07T16:56:29.616417,Optuna,optuna_20260607_155651,59,3,35,671,-1.7195713868517186,-6.82456821203796,-2.27485607067932,0.7290081509686791,3012.06,1,ok,,DQN\dqn_model_optuna_trial_59
2026-06-07T16:56:32.586624,Optuna,optuna_20260607_155651,59,4,35,671,-2.9823857719384144,-9.806953983976374,-2.4517384959940935,0.6745275764788636,3012.95,1,ok,,DQN\dqn_model_optuna_trial_59
2026-06-07T16:56:35.536408,Optuna,optuna_20260607_155651,59,5,35,671,-1.2755660573710441,-11.082520041347419,-2.216504008269484,0.6200470019890482,3013.83,1,ok,,DQN\dqn_model_optuna_trial_59
2026-06-07T16:56:38.605206,Optuna,optuna_20260607_155651,59,6,35,671,-2.1489162695281983,-13.231436310875617,-2.205239385145936,0.5655664274992327,3014.7,1,ok,,DQN\dqn_model_optuna_trial_59
2026-06-07T16:56:39.320643,Optuna,optuna_20260607_155651,60,1,35,671,-0.5848687332391088,-0.5848687332391088,-0.5848687332391088,0.799082915207916,3015.59,1,ok,,DQN\dqn_model_optuna_trial_60
2026-06-07T16:56:41.992538,Optuna,optuna_20260607_155651,60,2,35,671,-2.0699109481604157,-2.6547796813995244,-1.3273898406997622,0.7302467188034204,3016.52,1,ok,,DQN\dqn_model_optuna_trial_60
2026-06-07T16:56:45.011429,Optuna,optuna_20260607_155651,60,3,35,671,-3.590182558325021,-6.244962239724545,-2.0816540799081817,0.6614105223989248,3017.33,1,ok,,DQN\dqn_model_optuna_trial_60
2026-06-07T16:56:47.846237,Optuna,optuna_20260607_155651,60,4,35,671,-0.677815250501703,-6.922777490226248,-1.730694372556562,0.5925743259944293,3018.21,1,ok,,DQN\dqn_model_optuna_trial_60
2026-06-07T16:56:50.868918,Optuna,optuna_20260607_155651,60,5,35,671,-0.8172761123428168,-7.7400536025690645,-1.548010720513813,0.5237381295899337,3019.09,1,ok,,DQN\dqn_model_optuna_trial_60
2026-06-07T16:56:53.876033,Optuna,optuna_20260607_155651,60,6,35,671,-1.5686567605277946,-9.308710363096859,-1.5514517271828099,0.45490193318543815,3019.97,1,ok,,DQN\dqn_model_optuna_trial_60
2026-06-07T16:56:56.672663,Optuna,optuna_20260607_155651,60,7,35,671,-1.7751370627597876,-11.083847425856646,-1.5834067751223782,0.3860657367809426,3020.85,1,ok,,DQN\dqn_model_optuna_trial_60
2026-06-07T16:56:59.603426,Optuna,optuna_20260607_155651,60,8,35,671,-0.920950921057661,-12.004798346914308,-1.5005997933642885,0.317229540376447,3021.67,1,ok,,DQN\dqn_model_optuna_trial_60
2026-06-07T16:57:02.472718,Optuna,optuna_20260607_155651,60,9,35,671,-0.9388634504179978,-12.943661797332306,-1.438184644148034,0.24839334397195145,3022.48,1,ok,,DQN\dqn_model_optuna_trial_60
2026-06-07T16:57:05.575885,Optuna,optuna_20260607_155651,60,10,35,671,0.13529827353636112,-12.808363523795945,-1.2808363523795945,0.1795571475674559,3023.37,1,ok,,DQN\dqn_model_optuna_trial_60
2026-06-07T16:57:08.568477,Optuna,optuna_20260607_155651,60,11,35,671,-0.30013044902583513,-13.10849397282178,-1.1916812702565254,0.11072095116295838,3024.25,1,ok,,DQN\dqn_model_optuna_trial_60
2026-06-07T16:57:11.579571,Optuna,optuna_20260607_155651,60,12,35,671,-1.104287245626283,-14.212781218448063,-1.184398434870672,0.06505428718889396,3025.12,1,ok,,DQN\dqn_model_optuna_trial_60
2026-06-07T16:57:14.638343,Optuna,optuna_20260607_155651,60,13,35,671,-1.207217481472825,-15.419998699920887,-1.1861537461477605,0.06505428718889396,3026.01,1,ok,,DQN\dqn_model_optuna_trial_60
2026-06-07T16:57:17.585478,Optuna,optuna_20260607_155651,60,14,35,671,-0.4480969258406538,-15.86809562576154,-1.13343540184011,0.06505428718889396,3026.83,1,ok,,DQN\dqn_model_optuna_trial_60
2026-06-07T16:57:20.708795,Optuna,optuna_20260607_155651,60,15,35,671,-1.5968217461472172,-17.464917371908758,-1.1643278247939173,0.06505428718889396,3027.64,1,ok,,DQN\dqn_model_optuna_trial_60
2026-06-07T16:57:23.673322,Optuna,optuna_20260607_155651,60,16,35,671,0.28581020830435017,-17.179107163604407,-1.0736941977252754,0.06505428718889396,3028.52,1,ok,,DQN\dqn_model_optuna_trial_60
2026-06-07T16:57:26.804028,Optuna,optuna_20260607_155651,60,17,35,671,-0.21235295220812098,-17.391460115812528,-1.023027065636031,0.06505428718889396,3029.41,1,ok,,DQN\dqn_model_optuna_trial_60
2026-06-07T16:57:29.990534,Optuna,optuna_20260607_155651,60,18,35,671,-0.9873615191300162,-18.378821634942543,-1.021045646385697,0.06505428718889396,3030.28,1,ok,,DQN\dqn_model_optuna_trial_60
2026-06-07T16:57:32.969267,Optuna,optuna_20260607_155651,60,19,35,671,-0.8498475211500082,-19.22866915609255,-1.0120352187417132,0.06505428718889396,3031.16,1,ok,,DQN\dqn_model_optuna_trial_60
2026-06-07T16:57:36.144353,Optuna,optuna_20260607_155651,60,20,35,671,-1.7173801785905516,-20.946049334683103,-1.047302466734155,0.06505428718889396,3031.98,1,ok,,DQN\dqn_model_optuna_trial_60
2026-06-07T16:57:39.236503,Optuna,optuna_20260607_155651,60,21,35,671,-1.474718970061431,-22.420768304744534,-1.0676556335592635,0.06505428718889396,3032.86,1,ok,,DQN\dqn_model_optuna_trial_60
2026-06-07T16:57:42.286952,Optuna,optuna_20260607_155651,60,22,35,671,0.43231065571161154,-21.988457649032924,-0.9994753476833147,0.06505428718889396,3033.68,1,ok,,DQN\dqn_model_optuna_trial_60
2026-06-07T16:57:45.571511,Optuna,optuna_20260607_155651,60,23,35,671,-0.9446528622613897,-22.933110511294313,-0.9970917613606223,0.06505428718889396,3034.56,1,ok,,DQN\dqn_model_optuna_trial_60
2026-06-07T16:57:48.585817,Optuna,optuna_20260607_155651,60,24,35,671,-1.1460810095010525,-24.079191520795366,-1.003299646699807,0.06505428718889396,3035.44,1,ok,,DQN\dqn_model_optuna_trial_60
2026-06-07T16:57:51.831814,Optuna,optuna_20260607_155651,60,25,35,671,-0.8115584641329363,-24.890749984928302,-0.995629999397132,0.06505428718889396,3036.32,1,ok,,DQN\dqn_model_optuna_trial_60
2026-06-07T16:57:54.990011,Optuna,optuna_20260607_155651,60,26,35,671,-0.8877214113480912,-25.778471396276395,-0.9914796690875536,0.06505428718889396,3037.14,1,ok,,DQN\dqn_model_optuna_trial_60
2026-06-07T16:57:58.179829,Optuna,optuna_20260607_155651,60,27,35,671,-0.20419033068739367,-25.982661726963787,-0.9623208047023625,0.06505428718889396,3038.02,1,ok,,DQN\dqn_model_optuna_trial_60
2026-06-07T16:58:01.422019,Optuna,optuna_20260607_155651,60,28,35,671,0.7086398872127049,-25.274021839751082,-0.9026436371339672,0.06505428718889396,3038.84,1,ok,,DQN\dqn_model_optuna_trial_60
2026-06-07T16:58:04.541077,Optuna,optuna_20260607_155651,60,29,35,671,-1.2522162157545598,-26.526238055505644,-0.9146978639829533,0.06505428718889396,3039.78,1,ok,,DQN\dqn_model_optuna_trial_60
2026-06-07T16:58:07.805061,Optuna,optuna_20260607_155651,60,30,35,671,0.3282134791590871,-26.19802457634656,-0.8732674858782186,0.06505428718889396,3040.65,1,ok,,DQN\dqn_model_optuna_trial_60
2026-06-07T16:58:11.097591,Optuna,optuna_20260607_155651,60,31,35,671,-1.7638479594462673,-27.961872535792825,-0.9019958882513814,0.06505428718889396,3041.53,1,ok,,DQN\dqn_model_optuna_trial_60
2026-06-07T16:58:14.291193,Optuna,optuna_20260607_155651,60,32,35,671,-1.1981697554172028,-29.16004229121003,-0.9112513216003134,0.06505428718889396,3042.34,1,ok,,DQN\dqn_model_optuna_trial_60
2026-06-07T16:58:17.561989,Optuna,optuna_20260607_155651,60,33,35,671,0.4188907586928986,-28.74115153251713,-0.8709439858338524,0.06505428718889396,3043.22,1,ok,,DQN\dqn_model_optuna_trial_60
2026-06-07T16:58:20.856050,Optuna,optuna_20260607_155651,60,34,35,671,0.39696791361594974,-28.34418361890118,-0.8336524593794464,0.06505428718889396,3044.1,1,ok,,DQN\dqn_model_optuna_trial_60
2026-06-07T16:58:24.100016,Optuna,optuna_20260607_155651,60,35,35,671,0.29907639935854885,-28.045107219542633,-0.8012887777012181,0.06505428718889396,3044.97,1,ok,,DQN\dqn_model_optuna_trial_60
