timestamp,scope,run_name,trial,episode,episodes_total,steps,episode_reward,total_reward,avg_reward,epsilon,memory_rss_mb,done,status,error,checkpoint_file
2026-06-07T11:03:09.011513,Optuna,optuna_20260607_110306,0,1,35,671,1.7747830165573706,1.7747830165573706,1.7747830165573706,0.9391575812653435,478.1,1,ok,,DQN\dqn_model_optuna_trial_0
2026-06-07T11:03:10.551807,Optuna,optuna_20260607_110306,0,2,35,671,3.234173900246485,5.0089569168038555,2.5044784584019277,0.8777759454052858,479.51,1,ok,,DQN\dqn_model_optuna_trial_0
2026-06-07T11:03:12.125381,Optuna,optuna_20260607_110306,0,3,35,671,11.168587851218984,16.17754476802284,5.39251492267428,0.8163943095452281,480.46,1,ok,,DQN\dqn_model_optuna_trial_0
2026-06-07T11:03:13.709788,Optuna,optuna_20260607_110306,0,4,35,671,7.966134201644641,24.143678969667484,6.035919742416871,0.7550126736851703,481.3,1,ok,,DQN\dqn_model_optuna_trial_0
2026-06-07T11:03:15.233882,Optuna,optuna_20260607_110306,0,5,35,671,-2.789617241151392,21.354061728516093,4.270812345703218,0.6936310378251126,482.19,1,ok,,DQN\dqn_model_optuna_trial_0
2026-06-07T11:03:16.896369,Optuna,optuna_20260607_110306,0,6,35,671,12.613057383057034,33.967119111573126,5.661186518595521,0.6322494019650549,483.14,1,ok,,DQN\dqn_model_optuna_trial_0
2026-06-07T11:03:18.492599,Optuna,optuna_20260607_110306,0,7,35,671,3.9523707701144417,37.91948988168757,5.417069983098224,0.5708677661049971,484.02,1,ok,,DQN\dqn_model_optuna_trial_0
2026-06-07T11:03:20.130383,Optuna,optuna_20260607_110306,0,8,35,671,8.81095980617456,46.73044968786213,5.841306210982766,0.5094861302449394,484.96,1,ok,,DQN\dqn_model_optuna_trial_0
2026-06-07T11:03:21.771960,Optuna,optuna_20260607_110306,0,9,35,671,14.832939296307957,61.56338898417008,6.840376553796676,0.44810449438488165,485.78,1,ok,,DQN\dqn_model_optuna_trial_0
2026-06-07T11:03:23.445531,Optuna,optuna_20260607_110306,0,10,35,671,10.409437629340733,71.97282661351082,7.197282661351082,0.3867228585248239,486.67,1,ok,,DQN\dqn_model_optuna_trial_0
2026-06-07T11:03:25.113114,Optuna,optuna_20260607_110306,0,11,35,671,25.16583464000942,97.13866125352024,8.830787386683658,0.32534122266476617,487.55,1,ok,,DQN\dqn_model_optuna_trial_0
2026-06-07T11:03:26.797715,Optuna,optuna_20260607_110306,0,12,35,671,19.58190927856132,116.72057053208155,9.726714211006795,0.26395958680470843,488.43,1,ok,,DQN\dqn_model_optuna_trial_0
2026-06-07T11:03:28.485116,Optuna,optuna_20260607_110306,0,13,35,671,33.71919300237659,150.43976353445814,11.572289502650627,0.2025779509446651,489.25,1,ok,,DQN\dqn_model_optuna_trial_0
2026-06-07T11:03:30.238916,Optuna,optuna_20260607_110306,0,14,35,671,32.24970681422261,182.68947034868074,13.049247882048624,0.141196315084626,490.13,1,ok,,DQN\dqn_model_optuna_trial_0
2026-06-07T11:03:31.942982,Optuna,optuna_20260607_110306,0,15,35,671,33.55027829866975,216.2397486473505,14.415983243156699,0.07981467922458002,490.94,1,ok,,DQN\dqn_model_optuna_trial_0
2026-06-07T11:03:33.682449,Optuna,optuna_20260607_110306,0,16,35,671,10.856704513177313,227.0964531605278,14.193528322532988,0.03614843123935198,491.83,1,ok,,DQN\dqn_model_optuna_trial_0
2026-06-07T11:03:35.425075,Optuna,optuna_20260607_110306,0,17,35,671,24.011387747133018,251.10784090766083,14.77104946515652,0.03614843123935198,492.71,1,ok,,DQN\dqn_model_optuna_trial_0
2026-06-07T11:03:37.186737,Optuna,optuna_20260607_110306,0,18,35,671,7.049812472100314,258.15765337976114,14.342091854431175,0.03614843123935198,493.59,1,ok,,DQN\dqn_model_optuna_trial_0
2026-06-07T11:03:38.919415,Optuna,optuna_20260607_110306,0,19,35,671,33.56356495713167,291.72121833689283,15.353748333520675,0.03614843123935198,494.41,1,ok,,DQN\dqn_model_optuna_trial_0
2026-06-07T11:03:40.658524,Optuna,optuna_20260607_110306,0,20,35,671,38.65101586816378,330.3722342050566,16.51861171025283,0.03614843123935198,495.29,1,ok,,DQN\dqn_model_optuna_trial_0
2026-06-07T11:03:42.449807,Optuna,optuna_20260607_110306,0,21,35,671,42.121574540601,372.4938087456576,17.737800416459883,0.03614843123935198,496.11,1,ok,,DQN\dqn_model_optuna_trial_0
2026-06-07T11:03:44.160865,Optuna,optuna_20260607_110306,0,22,35,671,35.71519751896295,408.20900626462054,18.554954830210026,0.03614843123935198,496.99,1,ok,,DQN\dqn_model_optuna_trial_0
2026-06-07T11:03:45.895425,Optuna,optuna_20260607_110306,0,23,35,671,11.939628944794537,420.1486352094151,18.26733196562674,0.03614843123935198,497.87,1,ok,,DQN\dqn_model_optuna_trial_0
2026-06-07T11:03:47.681103,Optuna,optuna_20260607_110306,0,24,35,671,26.18361198263348,446.33224719204856,18.597176966335358,0.03614843123935198,498.75,1,ok,,DQN\dqn_model_optuna_trial_0
2026-06-07T11:03:49.491823,Optuna,optuna_20260607_110306,0,25,35,671,30.60074156234749,476.93298875439604,19.07731955017584,0.03614843123935198,499.57,1,ok,,DQN\dqn_model_optuna_trial_0
2026-06-07T11:03:51.702907,Optuna,optuna_20260607_110306,0,26,35,671,24.08510417157916,501.0180929259752,19.269926650999047,0.03614843123935198,500.45,1,ok,,DQN\dqn_model_optuna_trial_0
2026-06-07T11:03:53.704064,Optuna,optuna_20260607_110306,0,27,35,671,55.264593978318786,556.282686904294,20.603062477936813,0.03614843123935198,501.26,1,ok,,DQN\dqn_model_optuna_trial_0
2026-06-07T11:03:55.810898,Optuna,optuna_20260607_110306,0,28,35,671,37.54370446474972,593.8263913690437,21.208085406037274,0.03614843123935198,502.15,1,ok,,DQN\dqn_model_optuna_trial_0
2026-06-07T11:03:57.800316,Optuna,optuna_20260607_110306,0,29,35,671,30.311638023529458,624.1380293925731,21.522001013537004,0.03614843123935198,503.03,1,ok,,DQN\dqn_model_optuna_trial_0
2026-06-07T11:03:59.646829,Optuna,optuna_20260607_110306,0,30,35,671,31.8983181203693,656.0363475129424,21.867878250431414,0.03614843123935198,503.91,1,ok,,DQN\dqn_model_optuna_trial_0
2026-06-07T11:04:01.926893,Optuna,optuna_20260607_110306,0,31,35,671,55.34953255617364,711.385880069116,22.947931615132774,0.03614843123935198,504.73,1,ok,,DQN\dqn_model_optuna_trial_0
2026-06-07T11:04:03.975549,Optuna,optuna_20260607_110306,0,32,35,671,30.919121373807073,742.3050014429231,23.197031295091346,0.03614843123935198,505.6,1,ok,,DQN\dqn_model_optuna_trial_0
2026-06-07T11:04:05.922685,Optuna,optuna_20260607_110306,0,33,35,671,32.537812426270555,774.8428138691936,23.480085268763442,0.03614843123935198,506.45,1,ok,,DQN\dqn_model_optuna_trial_0
2026-06-07T11:04:07.862847,Optuna,optuna_20260607_110306,0,34,35,671,23.880888149218887,798.7237020184125,23.491873588776837,0.03614843123935198,507.33,1,ok,,DQN\dqn_model_optuna_trial_0
2026-06-07T11:04:09.820738,Optuna,optuna_20260607_110306,0,35,35,671,37.84206612935284,836.5657681477653,23.901879089936152,0.03614843123935198,508.21,1,ok,,DQN\dqn_model_optuna_trial_0
2026-06-07T11:04:11.135655,Optuna,optuna_20260607_110306,1,1,35,671,-5.400335691548079,-5.400335691548079,-5.400335691548079,0.9205151217596843,479.77,1,ok,,DQN\dqn_model_optuna_trial_1
2026-06-07T11:04:12.672763,Optuna,optuna_20260607_110306,1,2,35,671,0.8224029578020826,-4.577932733745997,-2.2889663668729985,0.9046801750852658,480.65,1,ok,,DQN\dqn_model_optuna_trial_1
2026-06-07T11:04:14.288142,Optuna,optuna_20260607_110306,1,3,35,671,1.9796209679697077,-2.5983117657762893,-0.8661039219254297,0.8888452284108472,481.47,1,ok,,DQN\dqn_model_optuna_trial_1
2026-06-07T11:04:15.896798,Optuna,optuna_20260607_110306,1,4,35,671,2.9260367192753605,0.32772495349907116,0.08193123837476779,0.8730102817364287,482.35,1,ok,,DQN\dqn_model_optuna_trial_1
2026-06-07T11:04:17.602456,Optuna,optuna_20260607_110306,1,5,35,671,2.8672609988625157,3.194985952361587,0.6389971904723174,0.8571753350620102,483.17,1,ok,,DQN\dqn_model_optuna_trial_1
2026-06-07T11:04:19.327023,Optuna,optuna_20260607_110306,1,6,35,671,7.765460709283668,10.960446661645255,1.8267411102742093,0.8413403883875916,483.14,1,ok,,DQN\dqn_model_optuna_trial_1
2026-06-07T11:04:21.034427,Optuna,optuna_20260607_110306,1,7,35,671,1.1327057802890068,12.093152441934262,1.7275932059906087,0.8255054417131731,484.02,1,ok,,DQN\dqn_model_optuna_trial_1
2026-06-07T11:04:22.827054,Optuna,optuna_20260607_110306,1,8,35,671,10.384639774121615,22.477792216055875,2.8097240270069843,0.8096704950387545,484.9,1,ok,,DQN\dqn_model_optuna_trial_1
2026-06-07T11:04:24.528112,Optuna,optuna_20260607_110306,1,9,35,671,13.710590765125259,36.188382981181135,4.02093144235346,0.793835548364336,485.71,1,ok,,DQN\dqn_model_optuna_trial_1
2026-06-07T11:04:26.247840,Optuna,optuna_20260607_110306,1,10,35,671,9.06689168581457,45.2552746669957,4.52552746669957,0.7780006016899175,486.6,1,ok,,DQN\dqn_model_optuna_trial_1
2026-06-07T11:04:27.987433,Optuna,optuna_20260607_110306,1,11,35,671,12.481075257250849,57.736349924246554,5.248759084022414,0.7621656550154989,487.42,1,ok,,DQN\dqn_model_optuna_trial_1
2026-06-07T11:04:29.739432,Optuna,optuna_20260607_110306,1,12,35,671,4.780757371386334,62.51710729563289,5.2097589413027405,0.7463307083410804,488.29,1,ok,,DQN\dqn_model_optuna_trial_1
2026-06-07T11:04:31.517760,Optuna,optuna_20260607_110306,1,13,35,671,9.029116659525076,71.54622395515797,5.503555688858305,0.7304957616666619,489.35,1,ok,,DQN\dqn_model_optuna_trial_1
2026-06-07T11:04:33.243587,Optuna,optuna_20260607_110306,1,14,35,671,11.894800026778945,83.44102398193692,5.960073141566923,0.7146608149922433,490.23,1,ok,,DQN\dqn_model_optuna_trial_1
2026-06-07T11:04:35.019529,Optuna,optuna_20260607_110306,1,15,35,671,14.036549175747362,97.47757315768429,6.498504877178953,0.6988258683178248,491.11,1,ok,,DQN\dqn_model_optuna_trial_1
2026-06-07T11:04:36.802286,Optuna,optuna_20260607_110306,1,16,35,671,19.292553589050517,116.7701267467348,7.298132921670925,0.6829909216434062,491.85,1,ok,,DQN\dqn_model_optuna_trial_1
2026-06-07T11:04:38.566665,Optuna,optuna_20260607_110306,1,17,35,671,81.28598373153176,198.05611047826656,11.650359439898033,0.6671559749689877,492.67,1,ok,,DQN\dqn_model_optuna_trial_1
2026-06-07T11:04:40.366720,Optuna,optuna_20260607_110306,1,18,35,671,24.167371569436526,222.2234820477031,12.345749002650173,0.6513210282945692,493.55,1,ok,,DQN\dqn_model_optuna_trial_1
2026-06-07T11:04:42.197228,Optuna,optuna_20260607_110306,1,19,35,671,24.570452375082873,246.79393442278598,12.989154443304525,0.6354860816201506,494.43,1,ok,,DQN\dqn_model_optuna_trial_1
2026-06-07T11:04:43.999585,Optuna,optuna_20260607_110306,1,20,35,671,23.06731343755947,269.86124786034543,13.493062393017272,0.6196511349457321,495.31,1,ok,,DQN\dqn_model_optuna_trial_1
2026-06-07T11:04:45.807019,Optuna,optuna_20260607_110306,1,21,35,671,13.682768838445389,283.5440166987908,13.502096033275754,0.6038161882713136,496.19,1,ok,,DQN\dqn_model_optuna_trial_1
2026-06-07T11:04:47.666135,Optuna,optuna_20260607_110306,1,22,35,671,13.90301785201241,297.4470345508032,13.520319752309236,0.587981241596895,497.01,1,ok,,DQN\dqn_model_optuna_trial_1
2026-06-07T11:04:49.513494,Optuna,optuna_20260607_110306,1,23,35,671,21.816291811818054,319.2633263626213,13.881014189679187,0.5721462949224765,497.83,1,ok,,DQN\dqn_model_optuna_trial_1
2026-06-07T11:04:51.382666,Optuna,optuna_20260607_110306,1,24,35,671,15.481920382770067,334.74524674539134,13.947718614391306,0.556311348248058,498.7,1,ok,,DQN\dqn_model_optuna_trial_1
2026-06-07T11:04:53.297350,Optuna,optuna_20260607_110306,1,25,35,671,24.176065970399527,358.92131271579086,14.356852508631635,0.5404764015736394,500.11,1,ok,,DQN\dqn_model_optuna_trial_1
2026-06-07T11:04:55.231096,Optuna,optuna_20260607_110306,1,26,35,671,11.261941681474786,370.18325439726567,14.237817476817911,0.5246414548992209,500.23,1,ok,,DQN\dqn_model_optuna_trial_1
2026-06-07T11:04:57.156230,Optuna,optuna_20260607_110306,1,27,35,671,23.818627023868373,394.00188142113404,14.592662274856817,0.5088065082248023,501.11,1,ok,,DQN\dqn_model_optuna_trial_1
2026-06-07T11:04:59.061735,Optuna,optuna_20260607_110306,1,28,35,671,21.988911042695634,415.9907924638297,14.856814016565346,0.49297156155036725,501.93,1,ok,,DQN\dqn_model_optuna_trial_1
2026-06-07T11:05:00.952628,Optuna,optuna_20260607_110306,1,29,35,671,23.952332868055734,439.9431253318854,15.170452597651222,0.47713661487591147,502.81,1,ok,,DQN\dqn_model_optuna_trial_1
2026-06-07T11:05:02.854018,Optuna,optuna_20260607_110306,1,30,35,671,26.446649686129174,466.3897750180146,15.54632583393382,0.4613016682014557,503.62,1,ok,,DQN\dqn_model_optuna_trial_1
2026-06-07T11:05:04.840053,Optuna,optuna_20260607_110306,1,31,35,671,26.49868820241542,492.88846322042997,15.899627845820321,0.4454667215269999,504.5,1,ok,,DQN\dqn_model_optuna_trial_1
2026-06-07T11:05:06.758295,Optuna,optuna_20260607_110306,1,32,35,671,18.365469722709406,511.2539329431394,15.976685404473105,0.4296317748525441,505.38,1,ok,,DQN\dqn_model_optuna_trial_1
2026-06-07T11:05:08.750705,Optuna,optuna_20260607_110306,1,33,35,671,66.1851759333267,577.4391088764661,17.498154814438365,0.4137968281780883,506.33,1,ok,,DQN\dqn_model_optuna_trial_1
2026-06-07T11:05:10.727702,Optuna,optuna_20260607_110306,1,34,35,671,30.877499005156533,608.3166078816226,17.891664937694784,0.39796188150363254,507.15,1,ok,,DQN\dqn_model_optuna_trial_1
2026-06-07T11:05:12.743636,Optuna,optuna_20260607_110306,1,35,35,671,27.141783075059305,635.4583909566819,18.15595402733377,0.38212693482917676,508.02,1,ok,,DQN\dqn_model_optuna_trial_1
2026-06-07T11:05:13.729400,Optuna,optuna_20260607_110306,2,1,35,671,-2.9031739253559548,-2.9031739253559548,-2.9031739253559548,0.9005532781263097,485.05,1,ok,,DQN\dqn_model_optuna_trial_2
2026-06-07T11:05:15.883842,Optuna,optuna_20260607_110306,2,2,35,671,9.970911700847347,7.067737775491393,3.5338688877456965,0.8994892879102803,486.02,1,ok,,DQN\dqn_model_optuna_trial_2
2026-06-07T11:05:18.256966,Optuna,optuna_20260607_110306,2,3,35,671,4.707906917856543,11.775644693347935,3.925214897782645,0.8984252976942508,487.08,1,ok,,DQN\dqn_model_optuna_trial_2
2026-06-07T11:05:20.612391,Optuna,optuna_20260607_110306,2,4,35,671,-3.026343755052012,8.749300938295924,2.187325234573981,0.8973613074782214,487.96,1,ok,,DQN\dqn_model_optuna_trial_2
2026-06-07T11:05:23.029826,Optuna,optuna_20260607_110306,2,5,35,671,1.0715779450757819,9.820878883371707,1.9641757766743413,0.896297317262192,488.82,1,ok,,DQN\dqn_model_optuna_trial_2
2026-06-07T11:05:25.449318,Optuna,optuna_20260607_110306,2,6,35,671,0.5406726827570749,10.361551566128782,1.7269252610214636,0.8952333270461625,489.72,1,ok,,DQN\dqn_model_optuna_trial_2
2026-06-07T11:05:28.305131,Optuna,optuna_20260607_110306,2,7,35,671,4.698370800869854,15.059922366998634,2.151417480999805,0.8941693368301331,490.54,1,ok,,DQN\dqn_model_optuna_trial_2
2026-06-07T11:05:30.992578,Optuna,optuna_20260607_110306,2,8,35,671,-2.8863330991983016,12.173589267800333,1.5216986584750416,0.8931053466141037,491.36,1,ok,,DQN\dqn_model_optuna_trial_2
2026-06-07T11:05:34.051432,Optuna,optuna_20260607_110306,2,9,35,671,-2.667596443422148,9.505992824378184,1.0562214249309094,0.8920413563980742,492.24,1,ok,,DQN\dqn_model_optuna_trial_2
2026-06-07T11:05:37.094056,Optuna,optuna_20260607_110306,2,10,35,671,1.3625333532277166,10.8685261776059,1.0868526177605902,0.8909773661820448,492.79,1,ok,,DQN\dqn_model_optuna_trial_2
2026-06-07T11:05:39.627651,Optuna,optuna_20260607_110306,2,11,35,671,9.25117673028386,20.11970290788976,1.829063900717251,0.8899133759660154,493.73,1,ok,,DQN\dqn_model_optuna_trial_2
2026-06-07T11:05:42.249248,Optuna,optuna_20260607_110306,2,12,35,671,-2.016898457633123,18.102804450256638,1.5085670375213864,0.888849385749986,494.61,1,ok,,DQN\dqn_model_optuna_trial_2
2026-06-07T11:05:44.773951,Optuna,optuna_20260607_110306,2,13,35,671,5.828322343079454,23.93112679333609,1.8408559071796993,0.8877853955339565,495.48,1,ok,,DQN\dqn_model_optuna_trial_2
2026-06-07T11:05:47.350880,Optuna,optuna_20260607_110306,2,14,35,671,1.1889837262183687,25.12011051955446,1.7942936085396042,0.8867214053179271,496.37,1,ok,,DQN\dqn_model_optuna_trial_2
2026-06-07T11:05:50.030075,Optuna,optuna_20260607_110306,2,15,35,671,2.814138187254554,27.93424870680901,1.8622832471206008,0.8856574151018977,497.18,1,ok,,DQN\dqn_model_optuna_trial_2
2026-06-07T11:05:52.670402,Optuna,optuna_20260607_110306,2,16,35,671,4.32472657937871,32.25897528618772,2.0161859553867325,0.8845934248858682,498.08,1,ok,,DQN\dqn_model_optuna_trial_2
2026-06-07T11:05:55.347934,Optuna,optuna_20260607_110306,2,17,35,671,7.631896548709925,39.890871834897645,2.3465218726410377,0.8835294346698388,498.96,1,ok,,DQN\dqn_model_optuna_trial_2
2026-06-07T11:05:57.934050,Optuna,optuna_20260607_110306,2,18,35,671,3.5638561348438005,43.45472796974145,2.414151553874525,0.8824654444538094,499.84,1,ok,,DQN\dqn_model_optuna_trial_2
2026-06-07T11:06:00.567390,Optuna,optuna_20260607_110306,2,19,35,671,7.371164806690873,50.82589277643232,2.67504698823328,0.8814014542377799,500.61,1,ok,,DQN\dqn_model_optuna_trial_2
2026-06-07T11:06:03.460694,Optuna,optuna_20260607_110306,2,20,35,671,11.893307309610588,62.7192000860429,3.135960004302145,0.8803374640217505,501.54,1,ok,,DQN\dqn_model_optuna_trial_2
2026-06-07T11:06:06.286973,Optuna,optuna_20260607_110306,2,21,35,671,8.009962265002532,70.72916235104543,3.3680553500497825,0.8792734738057211,502.35,1,ok,,DQN\dqn_model_optuna_trial_2
2026-06-07T11:06:09.084992,Optuna,optuna_20260607_110306,2,22,35,671,5.2337774504354755,75.9629398014809,3.452860900067314,0.8782094835896916,503.23,1,ok,,DQN\dqn_model_optuna_trial_2
2026-06-07T11:06:11.840610,Optuna,optuna_20260607_110306,2,23,35,671,6.336027860782134,82.29896766226304,3.578215985315784,0.8771454933736622,504.12,1,ok,,DQN\dqn_model_optuna_trial_2
2026-06-07T11:06:14.608041,Optuna,optuna_20260607_110306,2,24,35,671,1.8908325303153455,84.18980019257839,3.507908341357433,0.8760815031576328,504.99,1,ok,,DQN\dqn_model_optuna_trial_2
2026-06-07T11:06:17.299899,Optuna,optuna_20260607_110306,2,25,35,671,-1.601199228130688,82.5886009644477,3.3035440385779085,0.8750175129416033,505.81,1,ok,,DQN\dqn_model_optuna_trial_2
2026-06-07T11:06:20.066462,Optuna,optuna_20260607_110306,2,26,35,671,16.71135969626651,99.29996066071422,3.819229256181316,0.8739535227255739,506.7,1,ok,,DQN\dqn_model_optuna_trial_2
2026-06-07T11:06:22.993551,Optuna,optuna_20260607_110306,2,27,35,671,2.068328626390719,101.36828928710494,3.7543810847075907,0.8728895325095445,507.51,1,ok,,DQN\dqn_model_optuna_trial_2
2026-06-07T11:06:25.884094,Optuna,optuna_20260607_110306,2,28,35,671,4.350747188858044,105.71903647596298,3.775679874141535,0.871825542293515,508.39,1,ok,,DQN\dqn_model_optuna_trial_2
2026-06-07T11:06:28.897234,Optuna,optuna_20260607_110306,2,29,35,671,3.29270257646952,109.0117390524325,3.759025484566638,0.8707615520774856,509.27,1,ok,,DQN\dqn_model_optuna_trial_2
2026-06-07T11:06:31.816565,Optuna,optuna_20260607_110306,2,30,35,671,14.387301921710076,123.39904097414258,4.113301365804753,0.8696975618614562,510.15,1,ok,,DQN\dqn_model_optuna_trial_2
2026-06-07T11:06:34.518382,Optuna,optuna_20260607_110306,2,31,35,671,1.5442249326688915,124.94326590681148,4.03042793247779,0.8686335716454268,511.04,1,ok,,DQN\dqn_model_optuna_trial_2
2026-06-07T11:06:37.267578,Optuna,optuna_20260607_110306,2,32,35,671,0.0837934612113303,125.0270593680228,3.9070956052507126,0.8675695814293973,511.85,1,ok,,DQN\dqn_model_optuna_trial_2
2026-06-07T11:06:40.003843,Optuna,optuna_20260607_110306,2,33,35,671,3.1860872053406877,128.2131465733635,3.8852468658595,0.8665055912133679,512.67,1,ok,,DQN\dqn_model_optuna_trial_2
2026-06-07T11:06:42.814799,Optuna,optuna_20260607_110306,2,34,35,671,5.907001812608537,134.12014838597204,3.9447102466462365,0.8654416009973385,513.55,1,ok,,DQN\dqn_model_optuna_trial_2
2026-06-07T11:06:45.587765,Optuna,optuna_20260607_110306,2,35,35,671,0.773420586375652,134.8935689723477,3.854101970638506,0.864377610781309,514.43,1,ok,,DQN\dqn_model_optuna_trial_2
2026-06-07T11:06:46.120962,Optuna,optuna_20260607_110306,3,1,35,671,-1.3218810954468,-1.3218810954468,-1.3218810954468,0.9465038993231116,485.79,1,ok,,DQN\dqn_model_optuna_trial_3
2026-06-07T11:06:48.020088,Optuna,optuna_20260607_110306,3,2,35,671,8.005122675661525,6.683241580214725,3.3416207901073625,0.9142786877802536,486.69,1,ok,,DQN\dqn_model_optuna_trial_3
2026-06-07T11:06:49.954549,Optuna,optuna_20260607_110306,3,3,35,671,-1.0012781662992032,5.681963413915522,1.8939878046385072,0.8820534762373955,487.52,1,ok,,DQN\dqn_model_optuna_trial_3
2026-06-07T11:06:51.868944,Optuna,optuna_20260607_110306,3,4,35,671,1.3321372155090447,7.014100629424567,1.7535251573561417,0.8498282646945374,488.42,1,ok,,DQN\dqn_model_optuna_trial_3
2026-06-07T11:06:53.778497,Optuna,optuna_20260607_110306,3,5,35,671,-0.012456492147064801,7.001644137277502,1.4003288274555004,0.8176030531516794,489.3,1,ok,,DQN\dqn_model_optuna_trial_3
2026-06-07T11:06:55.750698,Optuna,optuna_20260607_110306,3,6,35,671,10.27438256741231,17.276026704689812,2.8793377841149685,0.7853778416088213,490.12,1,ok,,DQN\dqn_model_optuna_trial_3
2026-06-07T11:06:57.719708,Optuna,optuna_20260607_110306,3,7,35,671,11.439448839147602,28.715475543837414,4.102210791976773,0.7531526300659632,491.01,1,ok,,DQN\dqn_model_optuna_trial_3
2026-06-07T11:06:59.724081,Optuna,optuna_20260607_110306,3,8,35,671,3.9896469295082673,32.70512247334568,4.08814030916821,0.7209274185231052,491.89,1,ok,,DQN\dqn_model_optuna_trial_3
2026-06-07T11:07:01.791797,Optuna,optuna_20260607_110306,3,9,35,671,15.04286277893481,47.74798525228049,5.305331694697832,0.6887022069802471,492.7,1,ok,,DQN\dqn_model_optuna_trial_3
2026-06-07T11:07:03.862663,Optuna,optuna_20260607_110306,3,10,35,671,16.73411598259454,64.48210123487503,6.448210123487503,0.656476995437389,493.59,1,ok,,DQN\dqn_model_optuna_trial_3
2026-06-07T11:07:05.861209,Optuna,optuna_20260607_110306,3,11,35,671,5.370254234463131,69.85235546933816,6.350214133576197,0.624251783894531,494.48,1,ok,,DQN\dqn_model_optuna_trial_3
2026-06-07T11:07:07.902433,Optuna,optuna_20260607_110306,3,12,35,671,19.22187360105492,89.07422907039309,7.422852422532757,0.5920265723516729,495.29,1,ok,,DQN\dqn_model_optuna_trial_3
2026-06-07T11:07:10.109609,Optuna,optuna_20260607_110306,3,13,35,671,18.557890452138654,107.63211952253174,8.279393809425518,0.5598013608088148,496.17,1,ok,,DQN\dqn_model_optuna_trial_3
2026-06-07T11:07:12.204646,Optuna,optuna_20260607_110306,3,14,35,671,35.34242122317907,142.9745407457108,10.212467196122201,0.5275761492659568,497.05,1,ok,,DQN\dqn_model_optuna_trial_3
2026-06-07T11:07:14.305449,Optuna,optuna_20260607_110306,3,15,35,671,28.250317602871934,171.22485834858276,11.414990556572183,0.49535093772310407,497.87,1,ok,,DQN\dqn_model_optuna_trial_3
2026-06-07T11:07:16.365541,Optuna,optuna_20260607_110306,3,16,35,671,97.05451875138525,268.279377099968,16.767461068748,0.46312572618028325,498.75,1,ok,,DQN\dqn_model_optuna_trial_3
2026-06-07T11:07:18.426084,Optuna,optuna_20260607_110306,3,17,35,671,9.7215249021031,278.0009020020711,16.352994235415945,0.43090051463746243,499.63,1,ok,,DQN\dqn_model_optuna_trial_3
2026-06-07T11:07:20.525959,Optuna,optuna_20260607_110306,3,18,35,671,22.368242250573033,300.3691442526441,16.68717468070245,0.3986753030946416,500.45,1,ok,,DQN\dqn_model_optuna_trial_3
2026-06-07T11:07:22.676678,Optuna,optuna_20260607_110306,3,19,35,671,30.78371873832582,331.15286299096994,17.429098052156313,0.3664500915518208,501.33,1,ok,,DQN\dqn_model_optuna_trial_3
2026-06-07T11:07:24.805204,Optuna,optuna_20260607_110306,3,20,35,671,33.15351780675019,364.3063807977201,18.215319039886005,0.33422488000899997,502.21,1,ok,,DQN\dqn_model_optuna_trial_3
2026-06-07T11:07:26.980670,Optuna,optuna_20260607_110306,3,21,35,671,14.690343046790229,378.99672384451037,18.04746304021478,0.30199966846617915,503.09,1,ok,,DQN\dqn_model_optuna_trial_3
2026-06-07T11:07:29.115249,Optuna,optuna_20260607_110306,3,22,35,671,29.448562583546327,408.4452864280567,18.56569483763894,0.26977445692335833,503.91,1,ok,,DQN\dqn_model_optuna_trial_3
2026-06-07T11:07:31.338657,Optuna,optuna_20260607_110306,3,23,35,671,63.16286975545206,471.60815618350875,20.50470244276125,0.2375492453805375,504.79,1,ok,,DQN\dqn_model_optuna_trial_3
2026-06-07T11:07:33.532709,Optuna,optuna_20260607_110306,3,24,35,671,52.05589112606085,523.6640473095696,21.8193353045654,0.2053240338377167,505.6,1,ok,,DQN\dqn_model_optuna_trial_3
2026-06-07T11:07:35.742116,Optuna,optuna_20260607_110306,3,25,35,671,13.898366919972256,537.5624142295418,21.502496569181673,0.17309882229489587,506.48,1,ok,,DQN\dqn_model_optuna_trial_3
2026-06-07T11:07:37.990635,Optuna,optuna_20260607_110306,3,26,35,671,21.110260434702262,558.672674664244,21.487410564009387,0.14087361075207505,507.37,1,ok,,DQN\dqn_model_optuna_trial_3
2026-06-07T11:07:40.248122,Optuna,optuna_20260607_110306,3,27,35,671,55.863505839844336,614.5361805040884,22.7605992779292,0.1250443867940788,508.24,1,ok,,DQN\dqn_model_optuna_trial_3
2026-06-07T11:07:42.574162,Optuna,optuna_20260607_110306,3,28,35,671,34.437090727521685,648.97327123161,23.17761682970036,0.1250443867940788,509.06,1,ok,,DQN\dqn_model_optuna_trial_3
2026-06-07T11:07:44.983244,Optuna,optuna_20260607_110306,3,29,35,671,49.38648398285723,698.3597552144673,24.08137086946439,0.1250443867940788,509.95,1,ok,,DQN\dqn_model_optuna_trial_3
2026-06-07T11:07:47.200668,Optuna,optuna_20260607_110306,3,30,35,671,45.147392860930466,743.5071480753978,24.78357160251326,0.1250443867940788,510.76,1,ok,,DQN\dqn_model_optuna_trial_3
2026-06-07T11:07:49.500963,Optuna,optuna_20260607_110306,3,31,35,671,64.43544635488473,807.9425944302825,26.062664336460724,0.1250443867940788,511.64,1,ok,,DQN\dqn_model_optuna_trial_3
2026-06-07T11:07:51.756855,Optuna,optuna_20260607_110306,3,32,35,671,23.450327918763072,831.3929223490455,25.981028823407673,0.1250443867940788,512.52,1,ok,,DQN\dqn_model_optuna_trial_3
2026-06-07T11:07:54.009607,Optuna,optuna_20260607_110306,3,33,35,671,11.464858937287646,842.8577812863332,25.541144887464643,0.1250443867940788,513.46,1,ok,,DQN\dqn_model_optuna_trial_3
2026-06-07T11:07:56.317247,Optuna,optuna_20260607_110306,3,34,35,671,31.224356715300146,874.0821380016333,25.70829817651863,0.1250443867940788,514.27,1,ok,,DQN\dqn_model_optuna_trial_3
2026-06-07T11:07:58.612893,Optuna,optuna_20260607_110306,3,35,35,671,57.38248220869482,931.4646202103281,26.61327486315223,0.1250443867940788,515.15,1,ok,,DQN\dqn_model_optuna_trial_3
2026-06-07T11:07:59.781567,Optuna,optuna_20260607_110306,4,1,35,671,2.8852316067054744,2.8852316067054744,2.8852316067054744,0.8452076191701228,486.83,1,ok,,DQN\dqn_model_optuna_trial_4
2026-06-07T11:08:01.602208,Optuna,optuna_20260607_110306,4,2,35,671,8.723218589469417,11.608450196174891,5.8042250980874455,0.81074369057119,487.71,1,ok,,DQN\dqn_model_optuna_trial_4
2026-06-07T11:08:03.507592,Optuna,optuna_20260607_110306,4,3,35,671,3.134373228664184,14.742823424839075,4.9142744749463585,0.7762797619722572,488.53,1,ok,,DQN\dqn_model_optuna_trial_4
2026-06-07T11:08:05.351580,Optuna,optuna_20260607_110306,4,4,35,671,12.714310938634629,27.457134363473706,6.8642835908684265,0.7418158333733245,489.39,1,ok,,DQN\dqn_model_optuna_trial_4
2026-06-07T11:08:07.174785,Optuna,optuna_20260607_110306,4,5,35,671,14.923047191911175,42.38018155538488,8.476036311076976,0.7073519047743917,490.27,1,ok,,DQN\dqn_model_optuna_trial_4
2026-06-07T11:08:09.209715,Optuna,optuna_20260607_110306,4,6,35,671,16.696976685748435,59.07715824113332,9.846193040188886,0.6728879761754589,491.15,1,ok,,DQN\dqn_model_optuna_trial_4
2026-06-07T11:08:11.107761,Optuna,optuna_20260607_110306,4,7,35,671,23.82103596445508,82.8981942055884,11.842599172226913,0.6384240475765262,492.03,1,ok,,DQN\dqn_model_optuna_trial_4
2026-06-07T11:08:13.003757,Optuna,optuna_20260607_110306,4,8,35,671,17.250218835032697,100.1484130406211,12.518551630077637,0.6039601189775934,492.91,1,ok,,DQN\dqn_model_optuna_trial_4
2026-06-07T11:08:14.996798,Optuna,optuna_20260607_110306,4,9,35,671,17.20970759320881,117.35812063382991,13.039791181536657,0.5694961903786606,493.73,1,ok,,DQN\dqn_model_optuna_trial_4
2026-06-07T11:08:16.963880,Optuna,optuna_20260607_110306,4,10,35,671,25.353586050512718,142.71170668434263,14.271170668434262,0.5350322617797278,494.55,1,ok,,DQN\dqn_model_optuna_trial_4
2026-06-07T11:08:18.955433,Optuna,optuna_20260607_110306,4,11,35,671,21.886828271678937,164.59853495602158,14.963503177820144,0.5005683331807951,495.43,1,ok,,DQN\dqn_model_optuna_trial_4
2026-06-07T11:08:20.933600,Optuna,optuna_20260607_110306,4,12,35,671,39.31992521185868,203.91846016788026,16.99320501399002,0.46610440458182567,496.3,1,ok,,DQN\dqn_model_optuna_trial_4
2026-06-07T11:08:22.978380,Optuna,optuna_20260607_110306,4,13,35,671,69.19458246142962,273.11304262930986,21.00869558686999,0.43164047598285565,497.19,1,ok,,DQN\dqn_model_optuna_trial_4
2026-06-07T11:08:24.960927,Optuna,optuna_20260607_110306,4,14,35,671,43.46750512018306,316.5805477494929,22.612896267820922,0.39717654738388564,498.07,1,ok,,DQN\dqn_model_optuna_trial_4
2026-06-07T11:08:27.022779,Optuna,optuna_20260607_110306,4,15,35,671,20.73296404449719,337.3135117939901,22.487567452932673,0.3627126187849156,498.88,1,ok,,DQN\dqn_model_optuna_trial_4
2026-06-07T11:08:29.060693,Optuna,optuna_20260607_110306,4,16,35,671,18.26193666040664,355.57544845439674,22.223465528399796,0.3282486901859456,499.7,1,ok,,DQN\dqn_model_optuna_trial_4
2026-06-07T11:08:31.095623,Optuna,optuna_20260607_110306,4,17,35,671,41.37870136074505,396.95414981514176,23.350244106773044,0.2937847615869756,500.59,1,ok,,DQN\dqn_model_optuna_trial_4
2026-06-07T11:08:33.137162,Optuna,optuna_20260607_110306,4,18,35,671,25.536906773795074,422.49105658893683,23.471725366052045,0.25932083298800557,501.46,1,ok,,DQN\dqn_model_optuna_trial_4
2026-06-07T11:08:35.165805,Optuna,optuna_20260607_110306,4,19,35,671,60.97756124059344,483.4686178295303,25.445716727870014,0.22485690438904915,502.35,1,ok,,DQN\dqn_model_optuna_trial_4
2026-06-07T11:08:37.190212,Optuna,optuna_20260607_110306,4,20,35,671,15.876872462383357,499.3454902919136,24.96727451459568,0.19039297579009776,503.23,1,ok,,DQN\dqn_model_optuna_trial_4
2026-06-07T11:08:39.242218,Optuna,optuna_20260607_110306,4,21,35,671,47.139094231250205,546.4845845231638,26.02307545348399,0.15592904719114636,504.11,1,ok,,DQN\dqn_model_optuna_trial_4
2026-06-07T11:08:41.283917,Optuna,optuna_20260607_110306,4,22,35,671,24.714811187689758,571.1993957108535,25.96360889594789,0.12146511859219401,504.87,1,ok,,DQN\dqn_model_optuna_trial_4
2026-06-07T11:08:43.322931,Optuna,optuna_20260607_110306,4,23,35,671,56.52070797790325,627.7201036887568,27.292178421250295,0.08700118999323331,505.75,1,ok,,DQN\dqn_model_optuna_trial_4
2026-06-07T11:08:45.376158,Optuna,optuna_20260607_110306,4,24,35,671,26.0643096040452,653.784413292802,27.24101722053342,0.0525372613942726,506.62,1,ok,,DQN\dqn_model_optuna_trial_4
2026-06-07T11:08:47.470099,Optuna,optuna_20260607_110306,4,25,35,671,115.60440688649409,769.3888201792961,30.775552807171845,0.018073332795311897,507.51,1,ok,,DQN\dqn_model_optuna_trial_4
2026-06-07T11:08:49.520629,Optuna,optuna_20260607_110306,4,26,35,671,38.167389469030226,807.5562096483263,31.05985421724332,0.014130721375717272,508.45,1,ok,,DQN\dqn_model_optuna_trial_4
2026-06-07T11:08:51.629523,Optuna,optuna_20260607_110306,4,27,35,671,28.76324626633672,836.3194559146631,30.97479466350604,0.014130721375717272,509.32,1,ok,,DQN\dqn_model_optuna_trial_4
2026-06-07T11:08:53.688701,Optuna,optuna_20260607_110306,4,28,35,671,66.81584078494048,903.1352966996036,32.254832024985845,0.014130721375717272,510.14,1,ok,,DQN\dqn_model_optuna_trial_4
2026-06-07T11:08:55.808685,Optuna,optuna_20260607_110306,4,29,35,671,27.63519416552116,930.7704908651248,32.09553416776292,0.014130721375717272,510.96,1,ok,,DQN\dqn_model_optuna_trial_4
2026-06-07T11:08:57.936192,Optuna,optuna_20260607_110306,4,30,35,671,25.35771267186208,956.1282035369868,31.87094011789956,0.014130721375717272,511.83,1,ok,,DQN\dqn_model_optuna_trial_4
2026-06-07T11:09:00.097858,Optuna,optuna_20260607_110306,4,31,35,671,28.926660637818923,985.0548641748057,31.775963360477604,0.014130721375717272,512.71,1,ok,,DQN\dqn_model_optuna_trial_4
2026-06-07T11:09:02.359272,Optuna,optuna_20260607_110306,4,32,35,671,53.059072871141126,1038.1139370459468,32.44106053268584,0.014130721375717272,513.59,1,ok,,DQN\dqn_model_optuna_trial_4
2026-06-07T11:09:04.648583,Optuna,optuna_20260607_110306,4,33,35,671,75.5322905336784,1113.6462275796252,33.74685538120077,0.014130721375717272,514.47,1,ok,,DQN\dqn_model_optuna_trial_4
2026-06-07T11:09:07.025595,Optuna,optuna_20260607_110306,4,34,35,671,30.436264907341958,1144.082492486967,33.64948507314609,0.014130721375717272,515.29,1,ok,,DQN\dqn_model_optuna_trial_4
2026-06-07T11:09:09.307415,Optuna,optuna_20260607_110306,4,35,35,671,341.64786856404123,1485.7303610510085,42.449438887171674,0.014130721375717272,516.1,1,ok,,DQN\dqn_model_optuna_trial_4
2026-06-07T11:09:10.236141,Optuna,optuna_20260607_110306,5,1,35,671,0.9737315876147301,0.9737315876147301,0.9737315876147301,0.8123705002584988,487.05,1,ok,,DQN\dqn_model_optuna_trial_5
2026-06-07T11:09:12.242262,Optuna,optuna_20260607_110306,5,2,35,671,8.813380595330704,9.787112182945435,4.893556091472718,0.7725547360994695,487.93,1,ok,,DQN\dqn_model_optuna_trial_5
2026-06-07T11:09:14.375333,Optuna,optuna_20260607_110306,5,3,35,671,5.576586609185797,15.363698792131231,5.12123293071041,0.7327389719404401,488.74,1,ok,,DQN\dqn_model_optuna_trial_5
2026-06-07T11:09:16.439555,Optuna,optuna_20260607_110306,5,4,35,671,16.70783066559123,32.07152945772246,8.017882364430616,0.6929232077814108,489.62,1,ok,,DQN\dqn_model_optuna_trial_5
2026-06-07T11:09:18.549962,Optuna,optuna_20260607_110306,5,5,35,671,16.11705175202977,48.18858120975223,9.637716241950447,0.6531074436223815,490.51,1,ok,,DQN\dqn_model_optuna_trial_5
2026-06-07T11:09:20.713419,Optuna,optuna_20260607_110306,5,6,35,671,15.456071498873998,63.644652708626225,10.607442118104371,0.6132916794633522,491.38,1,ok,,DQN\dqn_model_optuna_trial_5
2026-06-07T11:09:22.915089,Optuna,optuna_20260607_110306,5,7,35,671,16.794306096816438,80.43895880544267,11.491279829348953,0.5734759153043228,492.21,1,ok,,DQN\dqn_model_optuna_trial_5
2026-06-07T11:09:25.015789,Optuna,optuna_20260607_110306,5,8,35,671,7.802425275917323,88.24138408136,11.03017301017,0.5336601511452935,493.09,1,ok,,DQN\dqn_model_optuna_trial_5
2026-06-07T11:09:27.219732,Optuna,optuna_20260607_110306,5,9,35,671,10.636654306279079,98.87803838763908,10.986448709737676,0.4938443869862642,493.91,1,ok,,DQN\dqn_model_optuna_trial_5
2026-06-07T11:09:29.388952,Optuna,optuna_20260607_110306,5,10,35,671,37.071424393508835,135.94946278114793,13.594946278114794,0.4540286228272349,494.79,1,ok,,DQN\dqn_model_optuna_trial_5
2026-06-07T11:09:31.568882,Optuna,optuna_20260607_110306,5,11,35,671,13.996406285437223,149.94586906658515,13.63144264241683,0.41421285866820556,495.67,1,ok,,DQN\dqn_model_optuna_trial_5
2026-06-07T11:09:33.797813,Optuna,optuna_20260607_110306,5,12,35,671,0.8090227584891798,150.75489182507434,12.562907652089528,0.37439709450917624,496.55,1,ok,,DQN\dqn_model_optuna_trial_5
2026-06-07T11:09:35.981413,Optuna,optuna_20260607_110306,5,13,35,671,39.08369951624466,189.838591341319,14.602968564716845,0.3345813303501469,497.37,1,ok,,DQN\dqn_model_optuna_trial_5
2026-06-07T11:09:38.246317,Optuna,optuna_20260607_110306,5,14,35,671,17.96774661851812,207.8063379598371,14.843309854274079,0.2947655661911176,498.25,1,ok,,DQN\dqn_model_optuna_trial_5
2026-06-07T11:09:40.666701,Optuna,optuna_20260607_110306,5,15,35,671,13.287492816511046,221.09383077634814,14.73958871842321,0.2549498020320883,499.13,1,ok,,DQN\dqn_model_optuna_trial_5
2026-06-07T11:09:42.878583,Optuna,optuna_20260607_110306,5,16,35,671,60.79194656411499,281.8857773404631,17.617861083778944,0.21513403787305896,499.95,1,ok,,DQN\dqn_model_optuna_trial_5
2026-06-07T11:09:45.142755,Optuna,optuna_20260607_110306,5,17,35,671,49.38870697034258,331.2744843108057,19.486734371223864,0.17531827371402964,500.83,1,ok,,DQN\dqn_model_optuna_trial_5
2026-06-07T11:09:47.408612,Optuna,optuna_20260607_110306,5,18,35,671,29.04433390147624,360.31881821228194,20.017712122904552,0.1432925999301523,501.71,1,ok,,DQN\dqn_model_optuna_trial_5
2026-06-07T11:09:49.671145,Optuna,optuna_20260607_110306,5,19,35,671,24.03451086564472,384.3533290779267,20.229122583048774,0.1432925999301523,502.53,1,ok,,DQN\dqn_model_optuna_trial_5
2026-06-07T11:09:51.964921,Optuna,optuna_20260607_110306,5,20,35,671,9.880208886755158,394.23353796468183,19.711676898234092,0.1432925999301523,503.41,1,ok,,DQN\dqn_model_optuna_trial_5
2026-06-07T11:09:54.228102,Optuna,optuna_20260607_110306,5,21,35,671,46.99728126879461,441.23081923347644,21.010991392070306,0.1432925999301523,504.29,1,ok,,DQN\dqn_model_optuna_trial_5
2026-06-07T11:09:56.573164,Optuna,optuna_20260607_110306,5,22,35,671,31.11248121994573,472.34330045342216,21.4701500206101,0.1432925999301523,505.11,1,ok,,DQN\dqn_model_optuna_trial_5
2026-06-07T11:09:58.867497,Optuna,optuna_20260607_110306,5,23,35,671,33.19248592954123,505.5357863829634,21.97981679925928,0.1432925999301523,505.99,1,ok,,DQN\dqn_model_optuna_trial_5
2026-06-07T11:10:01.134362,Optuna,optuna_20260607_110306,5,24,35,671,21.38415281334467,526.9199391963081,21.954997466512836,0.1432925999301523,506.87,1,ok,,DQN\dqn_model_optuna_trial_5
2026-06-07T11:10:03.483107,Optuna,optuna_20260607_110306,5,25,35,671,54.16113680905217,581.0810760053603,23.24324304021441,0.1432925999301523,507.75,1,ok,,DQN\dqn_model_optuna_trial_5
2026-06-07T11:10:05.812980,Optuna,optuna_20260607_110306,5,26,35,671,28.42658296896965,609.50765897433,23.44260226824346,0.1432925999301523,508.62,1,ok,,DQN\dqn_model_optuna_trial_5
2026-06-07T11:10:08.120245,Optuna,optuna_20260607_110306,5,27,35,671,11.338034975001976,620.8456939493319,22.994284961086368,0.1432925999301523,509.5,1,ok,,DQN\dqn_model_optuna_trial_5
2026-06-07T11:10:10.565708,Optuna,optuna_20260607_110306,5,28,35,671,32.41034440701664,653.2560383563485,23.33057279844102,0.1432925999301523,510.32,1,ok,,DQN\dqn_model_optuna_trial_5
2026-06-07T11:10:12.983762,Optuna,optuna_20260607_110306,5,29,35,671,17.649739317670484,670.9057776740191,23.13468198875928,0.1432925999301523,511.2,1,ok,,DQN\dqn_model_optuna_trial_5
2026-06-07T11:10:15.398403,Optuna,optuna_20260607_110306,5,30,35,671,31.895420765827215,702.8011984398463,23.426706614661544,0.1432925999301523,512.07,1,ok,,DQN\dqn_model_optuna_trial_5
2026-06-07T11:10:17.710980,Optuna,optuna_20260607_110306,5,31,35,671,34.23892671180661,737.0401251516529,23.775487908117835,0.1432925999301523,512.95,1,ok,,DQN\dqn_model_optuna_trial_5
2026-06-07T11:10:20.034127,Optuna,optuna_20260607_110306,5,32,35,671,19.726301078691634,756.7664262303446,23.648950819698268,0.1432925999301523,513.76,1,ok,,DQN\dqn_model_optuna_trial_5
2026-06-07T11:10:22.482405,Optuna,optuna_20260607_110306,5,33,35,671,34.626667135148956,791.3930933654935,23.98160888986344,0.1432925999301523,514.62,1,ok,,DQN\dqn_model_optuna_trial_5
2026-06-07T11:10:24.856155,Optuna,optuna_20260607_110306,5,34,35,671,25.781054792028822,817.1741481575224,24.034533769338893,0.1432925999301523,515.46,1,ok,,DQN\dqn_model_optuna_trial_5
2026-06-07T11:10:27.225604,Optuna,optuna_20260607_110306,5,35,35,671,54.26606240291888,871.4402105604413,24.89829173029832,0.1432925999301523,516.33,1,ok,,DQN\dqn_model_optuna_trial_5
2026-06-07T11:10:27.714603,Optuna,optuna_20260607_110306,6,1,35,671,-0.9387213948845143,-0.9387213948845143,-0.9387213948845143,0.8082086519312074,487.14,1,ok,,DQN\dqn_model_optuna_trial_6
2026-06-07T11:10:29.336551,Optuna,optuna_20260607_110306,6,2,35,671,8.015648035161453,7.076926640276938,3.538463320138469,0.8041249068849187,487.96,1,ok,,DQN\dqn_model_optuna_trial_6
2026-06-07T11:10:30.949864,Optuna,optuna_20260607_110306,6,3,35,671,-2.108408899842566,4.968517740434372,1.6561725801447906,0.8000411618386299,488.77,1,ok,,DQN\dqn_model_optuna_trial_6
2026-06-07T11:10:32.615420,Optuna,optuna_20260607_110306,6,4,35,671,9.962092643645892,14.930610384080264,3.732652596020066,0.7959574167923412,489.65,1,ok,,DQN\dqn_model_optuna_trial_6
2026-06-07T11:10:34.274477,Optuna,optuna_20260607_110306,6,5,35,671,6.7199967769580535,21.650607161038316,4.3301214322076635,0.7918736717460525,490.54,1,ok,,DQN\dqn_model_optuna_trial_6
2026-06-07T11:10:35.926637,Optuna,optuna_20260607_110306,6,6,35,671,11.04869419702303,32.69930135806135,5.449883559676891,0.7877899266997638,491.41,1,ok,,DQN\dqn_model_optuna_trial_6
2026-06-07T11:10:37.604915,Optuna,optuna_20260607_110306,6,7,35,671,1.8603759869077545,34.5596773449691,4.937096763567014,0.783706181653475,492.29,1,ok,,DQN\dqn_model_optuna_trial_6
2026-06-07T11:10:39.316275,Optuna,optuna_20260607_110306,6,8,35,671,-0.868329777135486,33.69134756783362,4.211418445979202,0.7796224366071863,493.18,1,ok,,DQN\dqn_model_optuna_trial_6
2026-06-07T11:10:40.998063,Optuna,optuna_20260607_110306,6,9,35,671,8.767948325390705,42.45929589322432,4.717699543691591,0.7755386915608976,493.97,1,ok,,DQN\dqn_model_optuna_trial_6
2026-06-07T11:10:42.428297,Optuna,optuna_20260607_110306,7,1,35,671,-2.6872683289565877,-2.6872683289565877,-2.6872683289565877,0.8428017249626124,487.14,1,ok,,DQN\dqn_model_optuna_trial_7
2026-06-07T11:10:44.111480,Optuna,optuna_20260607_110306,7,2,35,671,-0.48626469510610637,-3.173533024062694,-1.586766512031347,0.7575493782106621,488.03,1,ok,,DQN\dqn_model_optuna_trial_7
2026-06-07T11:10:45.868650,Optuna,optuna_20260607_110306,7,3,35,671,9.948098636210437,6.774565612147743,2.258188537382581,0.6722970314587119,488.9,1,ok,,DQN\dqn_model_optuna_trial_7
2026-06-07T11:10:47.607789,Optuna,optuna_20260607_110306,7,4,35,671,17.454028156135386,24.22859376828313,6.057148442070782,0.5870446847067616,489.72,1,ok,,DQN\dqn_model_optuna_trial_7
2026-06-07T11:10:49.342394,Optuna,optuna_20260607_110306,7,5,35,671,8.395899905571715,32.62449367385484,6.524898734770969,0.5017923379548114,490.61,1,ok,,DQN\dqn_model_optuna_trial_7
2026-06-07T11:10:51.136026,Optuna,optuna_20260607_110306,7,6,35,671,56.15974738748575,88.7842410613406,14.797373510223432,0.4165399912028611,491.42,1,ok,,DQN\dqn_model_optuna_trial_7
2026-06-07T11:10:52.903757,Optuna,optuna_20260607_110306,7,7,35,671,22.092125337087726,110.87636639842832,15.839480914061188,0.33128764445091086,492.3,1,ok,,DQN\dqn_model_optuna_trial_7
2026-06-07T11:10:54.712294,Optuna,optuna_20260607_110306,7,8,35,671,7.128993061432205,118.00535945986053,14.750669932482566,0.2460352976989597,493.18,1,ok,,DQN\dqn_model_optuna_trial_7
2026-06-07T11:10:56.535644,Optuna,optuna_20260607_110306,7,9,35,671,9.698673913152833,127.70403337301336,14.18933704144593,0.16078295094699083,494.06,1,ok,,DQN\dqn_model_optuna_trial_7
2026-06-07T11:10:58.414562,Optuna,optuna_20260607_110306,7,10,35,671,43.08037778584413,170.7844111588575,17.07844111588575,0.11085501120822433,494.94,1,ok,,DQN\dqn_model_optuna_trial_7
2026-06-07T11:11:00.250673,Optuna,optuna_20260607_110306,7,11,35,671,28.52673791535474,199.31114907421224,18.11919537038293,0.11085501120822433,495.76,1,ok,,DQN\dqn_model_optuna_trial_7
2026-06-07T11:11:02.106247,Optuna,optuna_20260607_110306,7,12,35,671,22.426417396627368,221.7375664708396,18.478130539236634,0.11085501120822433,496.64,1,ok,,DQN\dqn_model_optuna_trial_7
2026-06-07T11:11:04.082252,Optuna,optuna_20260607_110306,7,13,35,671,8.36296149160537,230.10052796244497,17.700040612495766,0.11085501120822433,497.46,1,ok,,DQN\dqn_model_optuna_trial_7
2026-06-07T11:11:05.953362,Optuna,optuna_20260607_110306,7,14,35,671,67.02755376574565,297.12808172819064,21.223434409156475,0.11085501120822433,498.34,1,ok,,DQN\dqn_model_optuna_trial_7
2026-06-07T11:11:07.788441,Optuna,optuna_20260607_110306,7,15,35,671,24.619938455295458,321.7480201834861,21.449868012232407,0.11085501120822433,499.21,1,ok,,DQN\dqn_model_optuna_trial_7
2026-06-07T11:11:09.796415,Optuna,optuna_20260607_110306,7,16,35,671,25.570639989342773,347.3186601728289,21.707416260801807,0.11085501120822433,500.1,1,ok,,DQN\dqn_model_optuna_trial_7
2026-06-07T11:11:11.750947,Optuna,optuna_20260607_110306,7,17,35,671,21.42985863921739,368.7485188120463,21.69108934188508,0.11085501120822433,500.92,1,ok,,DQN\dqn_model_optuna_trial_7
2026-06-07T11:11:13.603567,Optuna,optuna_20260607_110306,7,18,35,671,10.79598702709898,379.5445058391453,21.085805879952517,0.11085501120822433,501.79,1,ok,,DQN\dqn_model_optuna_trial_7
2026-06-07T11:11:15.566575,Optuna,optuna_20260607_110306,7,19,35,671,42.520562828457564,422.0650686676029,22.213950982505413,0.11085501120822433,502.61,1,ok,,DQN\dqn_model_optuna_trial_7
2026-06-07T11:11:17.494580,Optuna,optuna_20260607_110306,7,20,35,671,19.74927821766012,441.814346885263,22.090717344263147,0.11085501120822433,503.5,1,ok,,DQN\dqn_model_optuna_trial_7
2026-06-07T11:11:19.463361,Optuna,optuna_20260607_110306,7,21,35,671,51.099851532216135,492.9141984174791,23.472104686546622,0.11085501120822433,504.37,1,ok,,DQN\dqn_model_optuna_trial_7
2026-06-07T11:11:21.425287,Optuna,optuna_20260607_110306,7,22,35,671,47.95705457122137,540.8712529887005,24.585056954031838,0.11085501120822433,505.25,1,ok,,DQN\dqn_model_optuna_trial_7
2026-06-07T11:11:23.425027,Optuna,optuna_20260607_110306,7,23,35,671,87.52411084083377,628.3953638295343,27.32153755780584,0.11085501120822433,504.42,1,ok,,DQN\dqn_model_optuna_trial_7
2026-06-07T11:11:25.355151,Optuna,optuna_20260607_110306,7,24,35,671,22.446092815484036,650.8414566450183,27.118394026875762,0.11085501120822433,505.29,1,ok,,DQN\dqn_model_optuna_trial_7
2026-06-07T11:11:27.319217,Optuna,optuna_20260607_110306,7,25,35,671,8.119653519216312,658.9611101642346,26.358444406569383,0.11085501120822433,506.11,1,ok,,DQN\dqn_model_optuna_trial_7
2026-06-07T11:11:29.298873,Optuna,optuna_20260607_110306,7,26,35,671,11.212215358511166,670.1733255227457,25.77589713549022,0.11085501120822433,507.0,1,ok,,DQN\dqn_model_optuna_trial_7
2026-06-07T11:11:31.336357,Optuna,optuna_20260607_110306,7,27,35,671,17.2619413137669,687.4352668365126,25.460565438389356,0.11085501120822433,507.87,1,ok,,DQN\dqn_model_optuna_trial_7
2026-06-07T11:11:33.382409,Optuna,optuna_20260607_110306,7,28,35,671,17.92702599799332,705.3622928345059,25.19151045837521,0.11085501120822433,508.75,1,ok,,DQN\dqn_model_optuna_trial_7
2026-06-07T11:11:35.388923,Optuna,optuna_20260607_110306,7,29,35,671,10.747399678954498,716.1096925134603,24.69343767287794,0.11085501120822433,509.57,1,ok,,DQN\dqn_model_optuna_trial_7
2026-06-07T11:11:37.437804,Optuna,optuna_20260607_110306,7,30,35,671,19.524096287102253,735.6337888005626,24.521126293352086,0.11085501120822433,510.45,1,ok,,DQN\dqn_model_optuna_trial_7
2026-06-07T11:11:39.511115,Optuna,optuna_20260607_110306,7,31,35,671,7.188458341202171,742.8222471417647,23.96200797231499,0.11085501120822433,511.27,1,ok,,DQN\dqn_model_optuna_trial_7
2026-06-07T11:11:41.572549,Optuna,optuna_20260607_110306,7,32,35,671,15.392866109816957,758.2151132515817,23.694222289111927,0.11085501120822433,512.14,1,ok,,DQN\dqn_model_optuna_trial_7
2026-06-07T11:11:43.623947,Optuna,optuna_20260607_110306,7,33,35,671,224.78820544414174,983.0033186957235,29.787979354415864,0.11085501120822433,513.03,1,ok,,DQN\dqn_model_optuna_trial_7
2026-06-07T11:11:45.699339,Optuna,optuna_20260607_110306,7,34,35,671,11.009073061711458,994.0123917574349,29.235658581101028,0.11085501120822433,513.91,1,ok,,DQN\dqn_model_optuna_trial_7
2026-06-07T11:11:47.805860,Optuna,optuna_20260607_110306,7,35,35,671,25.43346657687767,1019.4458583343126,29.127024523837502,0.11085501120822433,514.79,1,ok,,DQN\dqn_model_optuna_trial_7
2026-06-07T11:11:49.136742,Optuna,optuna_20260607_110306,8,1,35,671,9.119718062692044,9.119718062692044,9.119718062692044,0.8471490339650938,483.67,1,ok,,DQN\dqn_model_optuna_trial_8
2026-06-07T11:11:50.715841,Optuna,optuna_20260607_110306,8,2,35,671,-1.6824975493979388,7.437220513294106,3.718610256647053,0.8411795778174559,484.61,1,ok,,DQN\dqn_model_optuna_trial_8
2026-06-07T11:11:52.409601,Optuna,optuna_20260607_110306,8,3,35,671,2.12097065088739,9.558191164181496,3.186063721393832,0.835210121669818,485.48,1,ok,,DQN\dqn_model_optuna_trial_8
2026-06-07T11:11:54.036622,Optuna,optuna_20260607_110306,8,4,35,671,70.88809115533839,80.44628231951988,20.11157057987997,0.8292406655221801,486.42,1,ok,,DQN\dqn_model_optuna_trial_8
2026-06-07T11:11:55.640527,Optuna,optuna_20260607_110306,8,5,35,671,-3.03437126226851,77.41191105725137,15.482382211450275,0.8232712093745422,487.3,1,ok,,DQN\dqn_model_optuna_trial_8
2026-06-07T11:11:57.351878,Optuna,optuna_20260607_110306,8,6,35,671,4.122563832340467,81.53447488959183,13.589079148265306,0.8173017532269043,488.12,1,ok,,DQN\dqn_model_optuna_trial_8
2026-06-07T11:11:59.236592,Optuna,optuna_20260607_110306,8,7,35,671,-0.05766541693613842,81.4768094726557,11.639544210379386,0.8113322970792665,489.09,1,ok,,DQN\dqn_model_optuna_trial_8
2026-06-07T11:12:01.055187,Optuna,optuna_20260607_110306,8,8,35,671,-2.1158137645462007,79.3609957081095,9.920124463513687,0.8053628409316286,490.01,1,ok,,DQN\dqn_model_optuna_trial_8
2026-06-07T11:12:02.767199,Optuna,optuna_20260607_110306,8,9,35,671,-0.7352929351924171,78.62570277291708,8.736189196990786,0.7993933847839907,490.82,1,ok,,DQN\dqn_model_optuna_trial_8
2026-06-07T11:12:04.525867,Optuna,optuna_20260607_110306,8,10,35,671,8.019283468873613,86.64498624179069,8.66449862417907,0.7934239286363528,491.71,1,ok,,DQN\dqn_model_optuna_trial_8
2026-06-07T11:12:06.228872,Optuna,optuna_20260607_110306,8,11,35,671,12.596027578078244,99.24101381986894,9.021910347260812,0.7874544724887149,492.59,1,ok,,DQN\dqn_model_optuna_trial_8
2026-06-07T11:12:07.953512,Optuna,optuna_20260607_110306,8,12,35,671,3.6257355182847872,102.86674933815372,8.57222911151281,0.781485016341077,493.4,1,ok,,DQN\dqn_model_optuna_trial_8
2026-06-07T11:12:09.764291,Optuna,optuna_20260607_110306,8,13,35,671,3.575865814090861,106.44261515224458,8.187893473249584,0.7755155601934391,494.29,1,ok,,DQN\dqn_model_optuna_trial_8
2026-06-07T11:12:11.490376,Optuna,optuna_20260607_110306,8,14,35,671,3.3517981534332018,109.79441330567779,7.8424580932626995,0.7695461040458013,495.17,1,ok,,DQN\dqn_model_optuna_trial_8
2026-06-07T11:12:13.215189,Optuna,optuna_20260607_110306,8,15,35,671,12.400559218293589,122.19497252397139,8.146331501598093,0.7635766478981634,496.04,1,ok,,DQN\dqn_model_optuna_trial_8
2026-06-07T11:12:14.954256,Optuna,optuna_20260607_110306,8,16,35,671,13.439064865861953,135.63403738983334,8.477127336864584,0.7576071917505255,496.86,1,ok,,DQN\dqn_model_optuna_trial_8
2026-06-07T11:12:16.708122,Optuna,optuna_20260607_110306,8,17,35,671,3.353307446340522,138.98734483617386,8.175726166833757,0.7516377356028876,497.75,1,ok,,DQN\dqn_model_optuna_trial_8
2026-06-07T11:12:18.441099,Optuna,optuna_20260607_110306,8,18,35,671,9.558884407067447,148.5462292432413,8.252568291291183,0.7456682794552497,498.56,1,ok,,DQN\dqn_model_optuna_trial_8
2026-06-07T11:12:20.190826,Optuna,optuna_20260607_110306,8,19,35,671,31.804222640626545,180.35045188386783,9.49212904651936,0.7396988233076118,499.44,1,ok,,DQN\dqn_model_optuna_trial_8
2026-06-07T11:12:22.069677,Optuna,optuna_20260607_110306,8,20,35,671,27.80885834108118,208.15931022494902,10.40796551124745,0.7337293671599739,500.32,1,ok,,DQN\dqn_model_optuna_trial_8
2026-06-07T11:12:23.842614,Optuna,optuna_20260607_110306,8,21,35,671,117.8460333646787,326.0053435896277,15.524063980458463,0.7277599110123361,501.2,1,ok,,DQN\dqn_model_optuna_trial_8
2026-06-07T11:12:25.590330,Optuna,optuna_20260607_110306,8,22,35,671,12.530616954707423,338.5359605443351,15.387998206560688,0.7217904548646982,502.02,1,ok,,DQN\dqn_model_optuna_trial_8
2026-06-07T11:12:27.362966,Optuna,optuna_20260607_110306,8,23,35,671,6.988444255388423,345.5244047997235,15.022800208683632,0.7158209987170603,502.91,1,ok,,DQN\dqn_model_optuna_trial_8
2026-06-07T11:12:29.081567,Optuna,optuna_20260607_110306,9,1,35,671,-4.3341328073487215,-4.3341328073487215,-4.3341328073487215,0.9767188614558974,488.75,1,ok,,DQN\dqn_model_optuna_trial_9
2026-06-07T11:12:31.368574,Optuna,optuna_20260607_110306,9,2,35,671,1.359721597159569,-2.974411210189152,-1.487205605094576,0.9737641832959002,489.84,1,ok,,DQN\dqn_model_optuna_trial_9
2026-06-07T11:12:33.780208,Optuna,optuna_20260607_110306,9,3,35,671,4.712276367780076,1.7378651575909236,0.5792883858636412,0.970809505135903,490.72,1,ok,,DQN\dqn_model_optuna_trial_9
2026-06-07T11:12:36.223596,Optuna,optuna_20260607_110306,9,4,35,671,0.8520116879470517,2.5898768455379755,0.6474692113844939,0.9678548269759059,491.6,1,ok,,DQN\dqn_model_optuna_trial_9
2026-06-07T11:12:38.573510,Optuna,optuna_20260607_110306,9,5,35,671,-2.9606907291436797,-0.3708138836057042,-0.07416277672114084,0.9649001488159087,492.48,1,ok,,DQN\dqn_model_optuna_trial_9
2026-06-07T11:12:41.067629,Optuna,optuna_20260607_110306,9,6,35,671,-2.845624398831763,-3.2164382824374673,-0.5360730470729113,0.9619454706559115,493.3,1,ok,,DQN\dqn_model_optuna_trial_9
2026-06-07T11:12:42.367475,Optuna,optuna_20260607_110306,10,1,35,671,-1.9941091396265618,-1.9941091396265618,-1.9941091396265618,0.8586257200820276,492.8,1,ok,,DQN\dqn_model_optuna_trial_10
2026-06-07T11:12:44.307119,Optuna,optuna_20260607_110306,10,2,35,671,-2.051495065203397,-4.045604204829958,-2.022802102414979,0.847470186560579,493.7,1,ok,,DQN\dqn_model_optuna_trial_10
2026-06-07T11:12:46.165977,Optuna,optuna_20260607_110306,10,3,35,671,7.961422935311583,3.9158187304816243,1.3052729101605414,0.8363146530391304,494.64,1,ok,,DQN\dqn_model_optuna_trial_10
2026-06-07T11:12:48.057292,Optuna,optuna_20260607_110306,10,4,35,671,14.39462202360391,18.310440754085533,4.577610188521383,0.8251591195176818,495.53,1,ok,,DQN\dqn_model_optuna_trial_10
2026-06-07T11:12:49.933978,Optuna,optuna_20260607_110306,10,5,35,671,23.75840692632914,42.06884768041468,8.413769536082935,0.8140035859962332,496.29,1,ok,,DQN\dqn_model_optuna_trial_10
2026-06-07T11:12:51.786339,Optuna,optuna_20260607_110306,10,6,35,671,6.65258063983644,48.72142832025112,8.120238053375187,0.8028480524747846,497.16,1,ok,,DQN\dqn_model_optuna_trial_10
2026-06-07T11:12:53.667590,Optuna,optuna_20260607_110306,10,7,35,671,6.506582669656193,55.22801098990731,7.889715855701044,0.791692518953336,498.04,1,ok,,DQN\dqn_model_optuna_trial_10
2026-06-07T11:12:55.586196,Optuna,optuna_20260607_110306,10,8,35,671,7.714581464809804,62.942592454717115,7.867824056839639,0.7805369854318874,498.93,1,ok,,DQN\dqn_model_optuna_trial_10
2026-06-07T11:12:57.513326,Optuna,optuna_20260607_110306,10,9,35,671,6.221545405897499,69.16413786061462,7.6849042067349576,0.7693814519104388,499.8,1,ok,,DQN\dqn_model_optuna_trial_10
2026-06-07T11:12:59.436642,Optuna,optuna_20260607_110306,10,10,35,671,40.54055501370921,109.70469287432383,10.970469287432383,0.7582259183889902,500.63,1,ok,,DQN\dqn_model_optuna_trial_10
2026-06-07T11:13:01.323131,Optuna,optuna_20260607_110306,10,11,35,671,10.696359639582996,120.40105251390682,10.945550228536984,0.7470703848675416,501.44,1,ok,,DQN\dqn_model_optuna_trial_10
2026-06-07T11:13:03.202329,Optuna,optuna_20260607_110306,10,12,35,671,-2.323415176156349,118.07763733775047,9.839803111479206,0.735914851346093,502.3,1,ok,,DQN\dqn_model_optuna_trial_10
2026-06-07T11:13:05.212012,Optuna,optuna_20260607_110306,10,13,35,671,2.8400047505177586,120.91764208826824,9.301357083712942,0.7247593178246444,503.18,1,ok,,DQN\dqn_model_optuna_trial_10
2026-06-07T11:13:06.408106,Optuna,optuna_20260607_110306,11,1,35,671,-4.877934655971011,-4.877934655971011,-4.877934655971011,0.8176078779708558,493.07,1,ok,,DQN\dqn_model_optuna_trial_11
2026-06-07T11:13:08.241283,Optuna,optuna_20260607_110306,11,2,35,671,14.097535323151332,9.219600667180321,4.609800333590161,0.6918067532095462,493.95,1,ok,,DQN\dqn_model_optuna_trial_11
2026-06-07T11:13:10.173689,Optuna,optuna_20260607_110306,11,3,35,671,7.700775860443123,16.920376527623446,5.640125509207816,0.5660056284482367,494.83,1,ok,,DQN\dqn_model_optuna_trial_11
2026-06-07T11:13:12.002572,Optuna,optuna_20260607_110306,11,4,35,671,16.313407422617388,33.233783950240834,8.308445987560209,0.4402045036869271,495.91,1,ok,,DQN\dqn_model_optuna_trial_11
2026-06-07T11:13:13.879651,Optuna,optuna_20260607_110306,11,5,35,671,36.92645943011077,70.1602433803516,14.032048676070321,0.31440337892561754,496.8,1,ok,,DQN\dqn_model_optuna_trial_11
2026-06-07T11:13:15.917379,Optuna,optuna_20260607_110306,11,6,35,671,17.581602094048137,87.74184547439974,14.623640912399956,0.18860225416430798,497.61,1,ok,,DQN\dqn_model_optuna_trial_11
2026-06-07T11:13:17.918392,Optuna,optuna_20260607_110306,11,7,35,671,20.74540567253423,108.48725114693397,15.498178735276282,0.1023490888616068,498.43,1,ok,,DQN\dqn_model_optuna_trial_11
2026-06-07T11:13:19.798709,Optuna,optuna_20260607_110306,11,8,35,671,4.033705515532138,112.5209566624661,14.065119582808263,0.1023490888616068,499.31,1,ok,,DQN\dqn_model_optuna_trial_11
2026-06-07T11:13:21.718424,Optuna,optuna_20260607_110306,11,9,35,671,72.11592911243396,184.63688577490007,20.515209530544453,0.1023490888616068,500.19,1,ok,,DQN\dqn_model_optuna_trial_11
2026-06-07T11:13:23.789745,Optuna,optuna_20260607_110306,11,10,35,671,13.406155226130783,198.04304100103084,19.804304100103085,0.1023490888616068,501.07,1,ok,,DQN\dqn_model_optuna_trial_11
2026-06-07T11:13:25.759116,Optuna,optuna_20260607_110306,11,11,35,671,75.40217733123055,273.4452183322614,24.858656212023764,0.1023490888616068,501.95,1,ok,,DQN\dqn_model_optuna_trial_11
2026-06-07T11:13:27.710443,Optuna,optuna_20260607_110306,11,12,35,671,55.770979471375746,329.21619780363716,27.434683150303098,0.1023490888616068,502.77,1,ok,,DQN\dqn_model_optuna_trial_11
2026-06-07T11:13:29.725275,Optuna,optuna_20260607_110306,11,13,35,671,16.122621300744086,345.33881910438123,26.564524546490865,0.1023490888616068,503.59,1,ok,,DQN\dqn_model_optuna_trial_11
2026-06-07T11:13:31.698274,Optuna,optuna_20260607_110306,11,14,35,671,3.8147963401112928,349.1536154444925,24.939543960320893,0.1023490888616068,504.47,1,ok,,DQN\dqn_model_optuna_trial_11
2026-06-07T11:13:33.634302,Optuna,optuna_20260607_110306,11,15,35,671,13.7703937015545,362.924009146047,24.194933943069802,0.1023490888616068,505.35,1,ok,,DQN\dqn_model_optuna_trial_11
2026-06-07T11:13:35.653551,Optuna,optuna_20260607_110306,11,16,35,671,50.58342640757072,413.5074355536177,25.844214722101107,0.1023490888616068,506.23,1,ok,,DQN\dqn_model_optuna_trial_11
2026-06-07T11:13:37.636068,Optuna,optuna_20260607_110306,11,17,35,671,25.632703803906296,439.140139357524,25.831772903383765,0.1023490888616068,507.11,1,ok,,DQN\dqn_model_optuna_trial_11
2026-06-07T11:13:39.606422,Optuna,optuna_20260607_110306,11,18,35,671,23.82212956362325,462.96226892114726,25.720126051174848,0.1023490888616068,507.99,1,ok,,DQN\dqn_model_optuna_trial_11
2026-06-07T11:13:41.635898,Optuna,optuna_20260607_110306,11,19,35,671,33.58299200028938,496.54526092143664,26.133961101128243,0.1023490888616068,508.75,1,ok,,DQN\dqn_model_optuna_trial_11
2026-06-07T11:13:43.620612,Optuna,optuna_20260607_110306,11,20,35,671,60.53956079979213,557.0848217212288,27.85424108606144,0.1023490888616068,509.63,1,ok,,DQN\dqn_model_optuna_trial_11
2026-06-07T11:13:45.669865,Optuna,optuna_20260607_110306,11,21,35,671,28.709253153035714,585.7940748742644,27.894955946393544,0.1023490888616068,510.5,1,ok,,DQN\dqn_model_optuna_trial_11
2026-06-07T11:13:47.785846,Optuna,optuna_20260607_110306,11,22,35,671,36.182794772862586,621.976869647127,28.271675893051228,0.1023490888616068,511.39,1,ok,,DQN\dqn_model_optuna_trial_11
2026-06-07T11:13:49.822326,Optuna,optuna_20260607_110306,11,23,35,671,13.772189377085972,635.749059024213,27.64126343583535,0.1023490888616068,512.27,1,ok,,DQN\dqn_model_optuna_trial_11
2026-06-07T11:13:51.852943,Optuna,optuna_20260607_110306,11,24,35,671,4.009073274328848,639.7581322985419,26.65658884577258,0.1023490888616068,513.14,1,ok,,DQN\dqn_model_optuna_trial_11
2026-06-07T11:13:53.951002,Optuna,optuna_20260607_110306,11,25,35,671,38.47679646607226,678.2349287646142,27.12939715058457,0.1023490888616068,513.9,1,ok,,DQN\dqn_model_optuna_trial_11
2026-06-07T11:13:56.030617,Optuna,optuna_20260607_110306,11,26,35,671,20.124199722038746,698.3591284866529,26.85996648025588,0.1023490888616068,514.79,1,ok,,DQN\dqn_model_optuna_trial_11
2026-06-07T11:13:58.148847,Optuna,optuna_20260607_110306,11,27,35,671,19.29294874204796,717.6520772287009,26.57970656402596,0.1023490888616068,515.66,1,ok,,DQN\dqn_model_optuna_trial_11
2026-06-07T11:14:00.273189,Optuna,optuna_20260607_110306,11,28,35,671,31.969576728851308,749.6216539575522,26.772201927055438,0.1023490888616068,516.54,1,ok,,DQN\dqn_model_optuna_trial_11
2026-06-07T11:14:02.378347,Optuna,optuna_20260607_110306,11,29,35,671,28.101909133836145,777.7235630913883,26.818053899703045,0.1023490888616068,517.43,1,ok,,DQN\dqn_model_optuna_trial_11
2026-06-07T11:14:04.548635,Optuna,optuna_20260607_110306,11,30,35,671,29.147164603304056,806.8707276946924,26.895690923156412,0.1023490888616068,518.3,1,ok,,DQN\dqn_model_optuna_trial_11
2026-06-07T11:14:06.731451,Optuna,optuna_20260607_110306,11,31,35,671,32.03145043301874,838.9021781277112,27.061360584764877,0.1023490888616068,519.12,1,ok,,DQN\dqn_model_optuna_trial_11
2026-06-07T11:14:08.914966,Optuna,optuna_20260607_110306,11,32,35,671,20.9370701417613,859.8392482694725,26.869976508421015,0.1023490888616068,519.92,1,ok,,DQN\dqn_model_optuna_trial_11
2026-06-07T11:14:11.137532,Optuna,optuna_20260607_110306,11,33,35,671,50.70139767710672,910.5406459465792,27.592140786259975,0.1023490888616068,520.79,1,ok,,DQN\dqn_model_optuna_trial_11
2026-06-07T11:14:13.301156,Optuna,optuna_20260607_110306,11,34,35,671,59.52496484100779,970.0656107875869,28.531341493752556,0.1023490888616068,521.68,1,ok,,DQN\dqn_model_optuna_trial_11
2026-06-07T11:14:15.539108,Optuna,optuna_20260607_110306,11,35,35,671,28.47146249950321,998.5370732870902,28.529630665345433,0.1023490888616068,522.56,1,ok,,DQN\dqn_model_optuna_trial_11
2026-06-07T11:14:16.773140,Optuna,optuna_20260607_110306,12,1,35,671,14.188155464710528,14.188155464710528,14.188155464710528,0.8197590129401354,493.3,1,ok,,DQN\dqn_model_optuna_trial_12
2026-06-07T11:14:18.803228,Optuna,optuna_20260607_110306,12,2,35,671,7.983306270520058,22.171461735230586,11.085730867615293,0.6866604954419897,494.19,1,ok,,DQN\dqn_model_optuna_trial_12
2026-06-07T11:14:20.857211,Optuna,optuna_20260607_110306,12,3,35,671,13.56076716154109,35.73222889677167,11.910742965590558,0.553561977943844,495.06,1,ok,,DQN\dqn_model_optuna_trial_12
2026-06-07T11:14:23.094681,Optuna,optuna_20260607_110306,12,4,35,671,-2.3877799411400296,33.34444895563164,8.33611223890791,0.42046346044569827,495.88,1,ok,,DQN\dqn_model_optuna_trial_12
2026-06-07T11:14:25.221032,Optuna,optuna_20260607_110306,12,5,35,671,10.600689631700156,43.9451385873318,8.78902771746636,0.28736494294755255,496.77,1,ok,,DQN\dqn_model_optuna_trial_12
2026-06-07T11:14:27.383092,Optuna,optuna_20260607_110306,12,6,35,671,1.1271287704893362,45.07226735782113,7.5120445596368555,0.15426642544940683,497.58,1,ok,,DQN\dqn_model_optuna_trial_12
2026-06-07T11:14:29.567296,Optuna,optuna_20260607_110306,12,7,35,671,0.5479261270880302,45.620193484909166,6.517170497844167,0.02116790795125529,498.46,1,ok,,DQN\dqn_model_optuna_trial_12
2026-06-07T11:14:31.667398,Optuna,optuna_20260607_110306,12,8,35,671,1.4475700612015245,47.06776354611069,5.883470443263836,0.011602253604916079,499.34,1,ok,,DQN\dqn_model_optuna_trial_12
2026-06-07T11:14:33.841707,Optuna,optuna_20260607_110306,12,9,35,671,1.3176573033370054,48.3854208494477,5.376157872160856,0.011602253604916079,500.22,1,ok,,DQN\dqn_model_optuna_trial_12
2026-06-07T11:14:36.034532,Optuna,optuna_20260607_110306,12,10,35,671,-0.6207362165323035,47.7646846329154,4.77646846329154,0.011602253604916079,501.04,1,ok,,DQN\dqn_model_optuna_trial_12
2026-06-07T11:14:38.226059,Optuna,optuna_20260607_110306,12,11,35,671,-1.0897532039643294,46.67493142895107,4.243175584450097,0.011602253604916079,501.92,1,ok,,DQN\dqn_model_optuna_trial_12
2026-06-07T11:14:40.448522,Optuna,optuna_20260607_110306,12,12,35,671,-1.6368212837852623,45.03811014516581,3.753175845430484,0.011602253604916079,502.73,1,ok,,DQN\dqn_model_optuna_trial_12
2026-06-07T11:14:42.634224,Optuna,optuna_20260607_110306,12,13,35,671,6.323538309595558,51.361648454761365,3.9508960349816435,0.011602253604916079,503.62,1,ok,,DQN\dqn_model_optuna_trial_12
2026-06-07T11:14:44.828876,Optuna,optuna_20260607_110306,12,14,35,671,-1.5141639016728057,49.84748455308856,3.5605346109348974,0.011602253604916079,504.5,1,ok,,DQN\dqn_model_optuna_trial_12
2026-06-07T11:14:47.040122,Optuna,optuna_20260607_110306,12,15,35,671,3.397246842544178,53.24473139563274,3.5496487597088495,0.011602253604916079,505.38,1,ok,,DQN\dqn_model_optuna_trial_12
2026-06-07T11:14:48.489341,Optuna,optuna_20260607_110306,13,1,35,671,-11.190502886964616,-11.190502886964616,-11.190502886964616,0.8517546247621822,493.46,1,ok,,DQN\dqn_model_optuna_trial_13
2026-06-07T11:14:50.204154,Optuna,optuna_20260607_110306,13,2,35,671,5.0366815067305035,-6.153821380234112,-3.076910690117056,0.8274939992685405,494.34,1,ok,,DQN\dqn_model_optuna_trial_13
2026-06-07T11:14:51.916447,Optuna,optuna_20260607_110306,13,3,35,671,4.739410671472164,-1.414410708761948,-0.47147023625398266,0.8032333737748988,495.21,1,ok,,DQN\dqn_model_optuna_trial_13
2026-06-07T11:14:53.640818,Optuna,optuna_20260607_110306,13,4,35,671,9.190690820768499,7.776280112006551,1.9440700280016376,0.7789727482812571,496.1,1,ok,,DQN\dqn_model_optuna_trial_13
2026-06-07T11:14:55.327034,Optuna,optuna_20260607_110306,13,5,35,671,7.99953952288187,15.775819634888421,3.1551639269776843,0.7547121227876153,496.98,1,ok,,DQN\dqn_model_optuna_trial_13
2026-06-07T11:14:57.071758,Optuna,optuna_20260607_110306,13,6,35,671,5.185855870353139,20.96167550524156,3.4936125842069266,0.7304514972939736,497.79,1,ok,,DQN\dqn_model_optuna_trial_13
2026-06-07T11:14:58.353549,Optuna,optuna_20260607_110306,14,1,35,671,5.75979650619207,5.75979650619207,5.75979650619207,0.898025451684021,499.77,1,ok,,DQN\dqn_model_optuna_trial_14
2026-06-07T11:15:00.283130,Optuna,optuna_20260607_110306,14,2,35,671,-0.5657939051017076,5.194002601090363,2.5970013005451813,0.8415772905179095,500.68,1,ok,,DQN\dqn_model_optuna_trial_14
2026-06-07T11:15:02.152900,Optuna,optuna_20260607_110306,14,3,35,671,99.80625190169593,105.00025450278629,35.0000848342621,0.785129129351798,501.66,1,ok,,DQN\dqn_model_optuna_trial_14
2026-06-07T11:15:04.083388,Optuna,optuna_20260607_110306,14,4,35,671,-2.675453520709503,102.3248009820768,25.5812002455192,0.7286809681856865,502.54,1,ok,,DQN\dqn_model_optuna_trial_14
2026-06-07T11:15:06.009431,Optuna,optuna_20260607_110306,14,5,35,671,13.837247745939772,116.16204872801657,23.232409745603313,0.672232807019575,503.36,1,ok,,DQN\dqn_model_optuna_trial_14
2026-06-07T11:15:07.978463,Optuna,optuna_20260607_110306,14,6,35,671,3.7085540951759586,119.87060282319253,19.97843380386542,0.6157846458534635,504.24,1,ok,,DQN\dqn_model_optuna_trial_14
2026-06-07T11:15:09.994290,Optuna,optuna_20260607_110306,14,7,35,671,8.914255561729222,128.78485838492176,18.39783691213168,0.559336484687352,505.14,1,ok,,DQN\dqn_model_optuna_trial_14
2026-06-07T11:15:11.933357,Optuna,optuna_20260607_110306,14,8,35,671,40.22383881778372,169.0086972027055,21.126087150338186,0.5028883235212405,505.96,1,ok,,DQN\dqn_model_optuna_trial_14
2026-06-07T11:15:13.878000,Optuna,optuna_20260607_110306,14,9,35,671,24.22433369959233,193.23303090229783,21.47033676692198,0.44644016235512896,506.83,1,ok,,DQN\dqn_model_optuna_trial_14
2026-06-07T11:15:15.823998,Optuna,optuna_20260607_110306,14,10,35,671,2.5804220097984816,195.8134529120963,19.58134529120963,0.38999200118901745,507.71,1,ok,,DQN\dqn_model_optuna_trial_14
2026-06-07T11:15:17.808393,Optuna,optuna_20260607_110306,14,11,35,671,22.161664211776852,217.97511712387313,19.81591973853392,0.33354384002290594,508.54,1,ok,,DQN\dqn_model_optuna_trial_14
2026-06-07T11:15:19.866358,Optuna,optuna_20260607_110306,14,12,35,671,22.91523252762857,240.8903496515017,20.074195804291808,0.2770956788567944,509.41,1,ok,,DQN\dqn_model_optuna_trial_14
2026-06-07T11:15:21.976828,Optuna,optuna_20260607_110306,14,13,35,671,15.368759696952232,256.25910934845393,19.712239180650304,0.22064751769067323,510.29,1,ok,,DQN\dqn_model_optuna_trial_14
2026-06-07T11:15:24.069906,Optuna,optuna_20260607_110306,14,14,35,671,8.65956830135901,264.91867764981293,18.922762689272353,0.1641993565245431,511.11,1,ok,,DQN\dqn_model_optuna_trial_14
2026-06-07T11:15:26.074504,Optuna,optuna_20260607_110306,14,15,35,671,30.69253777906757,295.6112154288805,19.707414361925366,0.10775119535841296,511.99,1,ok,,DQN\dqn_model_optuna_trial_14
2026-06-07T11:15:28.090085,Optuna,optuna_20260607_110306,14,16,35,671,31.715678324875885,327.3268937537564,20.457930859609775,0.06044732120751743,512.88,1,ok,,DQN\dqn_model_optuna_trial_14
2026-06-07T11:15:30.150370,Optuna,optuna_20260607_110306,14,17,35,671,49.19409387272928,376.5209876264857,22.148293389793277,0.06044732120751743,513.7,1,ok,,DQN\dqn_model_optuna_trial_14
2026-06-07T11:15:32.225394,Optuna,optuna_20260607_110306,14,18,35,671,20.47518629455444,396.9961739210401,22.05534299561334,0.06044732120751743,514.57,1,ok,,DQN\dqn_model_optuna_trial_14
2026-06-07T11:15:34.259769,Optuna,optuna_20260607_110306,14,19,35,671,54.10431537413839,451.1004892951785,23.74213101553571,0.06044732120751743,515.45,1,ok,,DQN\dqn_model_optuna_trial_14
2026-06-07T11:15:36.426085,Optuna,optuna_20260607_110306,14,20,35,671,16.741681007235897,467.8421703024144,23.392108515120718,0.06044732120751743,516.27,1,ok,,DQN\dqn_model_optuna_trial_14
2026-06-07T11:15:38.530276,Optuna,optuna_20260607_110306,14,21,35,671,45.55615869848251,513.3983290008969,24.447539476233185,0.06044732120751743,517.15,1,ok,,DQN\dqn_model_optuna_trial_14
2026-06-07T11:15:40.637505,Optuna,optuna_20260607_110306,14,22,35,671,19.901489305150815,533.2998183060477,24.240900832093075,0.06044732120751743,518.03,1,ok,,DQN\dqn_model_optuna_trial_14
2026-06-07T11:15:42.805639,Optuna,optuna_20260607_110306,14,23,35,671,4.465970932969547,537.7657892390172,23.381121271261616,0.06044732120751743,518.85,1,ok,,DQN\dqn_model_optuna_trial_14
2026-06-07T11:15:44.933047,Optuna,optuna_20260607_110306,14,24,35,671,7.629945997104536,545.3957352361217,22.72482230150507,0.06044732120751743,519.73,1,ok,,DQN\dqn_model_optuna_trial_14
2026-06-07T11:15:47.051527,Optuna,optuna_20260607_110306,14,25,35,671,52.54807006446674,597.9438053005885,23.917752212023537,0.06044732120751743,520.61,1,ok,,DQN\dqn_model_optuna_trial_14
2026-06-07T11:15:49.248591,Optuna,optuna_20260607_110306,14,26,35,671,24.200923545120727,622.1447288457092,23.928643417142663,0.06044732120751743,521.43,1,ok,,DQN\dqn_model_optuna_trial_14
2026-06-07T11:15:51.390115,Optuna,optuna_20260607_110306,14,27,35,671,28.873851564921747,651.018580410631,24.111799274467813,0.06044732120751743,522.3,1,ok,,DQN\dqn_model_optuna_trial_14
2026-06-07T11:15:53.571164,Optuna,optuna_20260607_110306,14,28,35,671,54.50547116439538,705.5240515750264,25.197287556250945,0.06044732120751743,523.25,1,ok,,DQN\dqn_model_optuna_trial_14
2026-06-07T11:15:55.792550,Optuna,optuna_20260607_110306,14,29,35,671,10.945138569999894,716.4691901450263,24.70583414293194,0.06044732120751743,524.12,1,ok,,DQN\dqn_model_optuna_trial_14
2026-06-07T11:15:58.004383,Optuna,optuna_20260607_110306,14,30,35,671,17.4511871907487,733.920377335775,24.46401257785917,0.06044732120751743,524.94,1,ok,,DQN\dqn_model_optuna_trial_14
2026-06-07T11:16:00.234460,Optuna,optuna_20260607_110306,14,31,35,671,46.10841821201126,780.0287955477863,25.162219211218915,0.06044732120751743,525.82,1,ok,,DQN\dqn_model_optuna_trial_14
2026-06-07T11:16:02.433898,Optuna,optuna_20260607_110306,14,32,35,671,5.445700009200544,785.4744955569869,24.54607798615584,0.06044732120751743,526.63,1,ok,,DQN\dqn_model_optuna_trial_14
2026-06-07T11:16:04.653829,Optuna,optuna_20260607_110306,14,33,35,671,24.174710444116304,809.6492060011032,24.534824424275854,0.06044732120751743,527.57,1,ok,,DQN\dqn_model_optuna_trial_14
2026-06-07T11:16:06.933363,Optuna,optuna_20260607_110306,14,34,35,671,12.268949485037824,821.918155486141,24.174063396651206,0.06044732120751743,528.45,1,ok,,DQN\dqn_model_optuna_trial_14
2026-06-07T11:16:09.207502,Optuna,optuna_20260607_110306,14,35,35,671,23.69254806782574,845.6107035539668,24.160305815827623,0.06044732120751743,529.32,1,ok,,DQN\dqn_model_optuna_trial_14
2026-06-07T11:16:10.745413,Optuna,optuna_20260607_110306,15,1,35,671,0.07526900107635186,0.07526900107635186,0.07526900107635186,0.8708321858438111,500.12,1,ok,,DQN\dqn_model_optuna_trial_15
2026-06-07T11:16:12.510090,Optuna,optuna_20260607_110306,15,2,35,671,5.7645225457927,5.839791546869052,2.919895773434526,0.8074967500439341,501.0,1,ok,,DQN\dqn_model_optuna_trial_15
2026-06-07T11:16:14.267291,Optuna,optuna_20260607_110306,15,3,35,671,10.830019899517476,16.66981144638653,5.556603815462176,0.7441613142440571,501.82,1,ok,,DQN\dqn_model_optuna_trial_15
2026-06-07T11:16:16.076084,Optuna,optuna_20260607_110306,15,4,35,671,6.0471748483471455,22.716986294733672,5.679246573683418,0.6808258784441801,502.7,1,ok,,DQN\dqn_model_optuna_trial_15
2026-06-07T11:16:17.857215,Optuna,optuna_20260607_110306,15,5,35,671,6.402718842812369,29.119705137546042,5.823941027509209,0.6174904426443031,503.58,1,ok,,DQN\dqn_model_optuna_trial_15
2026-06-07T11:16:19.732009,Optuna,optuna_20260607_110306,15,6,35,671,7.8802455845281685,36.99995072207421,6.166658453679035,0.5541550068444261,504.39,1,ok,,DQN\dqn_model_optuna_trial_15
2026-06-07T11:16:20.945972,Optuna,optuna_20260607_110306,16,1,35,671,-2.3568565749221966,-2.3568565749221966,-2.3568565749221966,0.8268229579773295,495.47,1,ok,,DQN\dqn_model_optuna_trial_16
2026-06-07T11:16:22.882738,Optuna,optuna_20260607_110306,16,2,35,671,3.1392974918194816,0.782440916897285,0.3912204584486425,0.8092338141236511,496.36,1,ok,,DQN\dqn_model_optuna_trial_16
2026-06-07T11:16:24.778855,Optuna,optuna_20260607_110306,16,3,35,671,11.625669103045082,12.408110019942367,4.1360366733141225,0.7916446702699728,497.17,1,ok,,DQN\dqn_model_optuna_trial_16
2026-06-07T11:16:26.675508,Optuna,optuna_20260607_110306,16,4,35,671,0.20530807960344372,12.613418099545811,3.1533545248864527,0.7740555264162944,498.05,1,ok,,DQN\dqn_model_optuna_trial_16
2026-06-07T11:16:28.605221,Optuna,optuna_20260607_110306,16,5,35,671,11.162514744945618,23.77593284449143,4.755186568898286,0.756466382562616,498.87,1,ok,,DQN\dqn_model_optuna_trial_16
2026-06-07T11:16:30.684638,Optuna,optuna_20260607_110306,16,6,35,671,0.45571757163848114,24.23165041612991,4.038608402688318,0.7388772387089376,499.75,1,ok,,DQN\dqn_model_optuna_trial_16
2026-06-07T11:16:31.348135,Optuna,optuna_20260607_110306,17,1,35,671,-3.724857822156728,-3.724857822156728,-3.724857822156728,0.8568433695040164,501.01,1,ok,,DQN\dqn_model_optuna_trial_17
2026-06-07T11:16:33.395421,Optuna,optuna_20260607_110306,17,2,35,671,1.3427820400093502,-2.382075782147378,-1.191037891073689,0.7521927659266014,501.89,1,ok,,DQN\dqn_model_optuna_trial_17
2026-06-07T11:16:35.474285,Optuna,optuna_20260607_110306,17,3,35,671,1.4848571718473984,-0.8972186102999795,-0.29907287009999317,0.6475421623491865,502.77,1,ok,,DQN\dqn_model_optuna_trial_17
2026-06-07T11:16:37.548259,Optuna,optuna_20260607_110306,17,4,35,671,20.084342696996643,19.187124086696663,4.796781021674166,0.5428915587717715,503.59,1,ok,,DQN\dqn_model_optuna_trial_17
2026-06-07T11:16:39.651811,Optuna,optuna_20260607_110306,17,5,35,671,33.533002373540135,52.7201264602368,10.54402529204736,0.4382409551943566,504.42,1,ok,,DQN\dqn_model_optuna_trial_17
2026-06-07T11:16:41.755684,Optuna,optuna_20260607_110306,17,6,35,671,25.070559229795464,77.79068569003226,12.965114281672044,0.3335903516169416,505.3,1,ok,,DQN\dqn_model_optuna_trial_17
2026-06-07T11:16:43.881449,Optuna,optuna_20260607_110306,17,7,35,671,17.652717548598236,95.4434032386305,13.634771891232928,0.22893974803953043,506.18,1,ok,,DQN\dqn_model_optuna_trial_17
2026-06-07T11:16:45.969733,Optuna,optuna_20260607_110306,17,8,35,671,37.044505174687366,132.48790841331785,16.56098855166473,0.1242891444621341,507.07,1,ok,,DQN\dqn_model_optuna_trial_17
2026-06-07T11:16:48.092240,Optuna,optuna_20260607_110306,17,9,35,671,51.78678350074695,184.27469191406482,20.474965768229424,0.08746939247684683,507.94,1,ok,,DQN\dqn_model_optuna_trial_17
2026-06-07T11:16:50.235804,Optuna,optuna_20260607_110306,17,10,35,671,22.02510402841661,206.29979594248144,20.629979594248145,0.08746939247684683,508.76,1,ok,,DQN\dqn_model_optuna_trial_17
2026-06-07T11:16:52.332493,Optuna,optuna_20260607_110306,17,11,35,671,25.18913515769734,231.48893110017877,21.044448281834434,0.08746939247684683,509.58,1,ok,,DQN\dqn_model_optuna_trial_17
2026-06-07T11:16:54.526293,Optuna,optuna_20260607_110306,17,12,35,671,26.462275931360153,257.95120703153896,21.495933919294913,0.08746939247684683,510.46,1,ok,,DQN\dqn_model_optuna_trial_17
2026-06-07T11:16:56.736847,Optuna,optuna_20260607_110306,17,13,35,671,27.872111051806254,285.8233180833452,21.986409083334248,0.08746939247684683,511.34,1,ok,,DQN\dqn_model_optuna_trial_17
2026-06-07T11:16:58.932391,Optuna,optuna_20260607_110306,17,14,35,671,84.07320776483843,369.8965258481836,26.421180417727403,0.08746939247684683,512.22,1,ok,,DQN\dqn_model_optuna_trial_17
2026-06-07T11:17:01.173367,Optuna,optuna_20260607_110306,17,15,35,671,20.83120168787766,390.72772753606125,26.04851516907075,0.08746939247684683,513.1,1,ok,,DQN\dqn_model_optuna_trial_17
2026-06-07T11:17:03.454680,Optuna,optuna_20260607_110306,17,16,35,671,23.629654998940808,414.35738253500205,25.897336408437628,0.08746939247684683,513.92,1,ok,,DQN\dqn_model_optuna_trial_17
2026-06-07T11:17:05.674684,Optuna,optuna_20260607_110306,17,17,35,671,22.144743003696483,436.5021255386985,25.676595619923443,0.08746939247684683,514.8,1,ok,,DQN\dqn_model_optuna_trial_17
2026-06-07T11:17:07.923429,Optuna,optuna_20260607_110306,17,18,35,671,24.528049454471745,461.03017499317025,25.61278749962057,0.08746939247684683,515.61,1,ok,,DQN\dqn_model_optuna_trial_17
2026-06-07T11:17:10.216642,Optuna,optuna_20260607_110306,17,19,35,671,46.96997320632558,508.0001481994958,26.73684990523662,0.08746939247684683,516.5,1,ok,,DQN\dqn_model_optuna_trial_17
2026-06-07T11:17:12.476641,Optuna,optuna_20260607_110306,17,20,35,671,35.667598360649336,543.6677465601451,27.183387328007257,0.08746939247684683,517.38,1,ok,,DQN\dqn_model_optuna_trial_17
2026-06-07T11:17:14.738338,Optuna,optuna_20260607_110306,17,21,35,671,16.326860998631524,559.9946075587767,26.66640988375127,0.08746939247684683,518.26,1,ok,,DQN\dqn_model_optuna_trial_17
2026-06-07T11:17:17.007314,Optuna,optuna_20260607_110306,17,22,35,671,24.000187474110614,583.9947950328873,26.545217956040332,0.08746939247684683,519.08,1,ok,,DQN\dqn_model_optuna_trial_17
2026-06-07T11:17:19.343739,Optuna,optuna_20260607_110306,17,23,35,671,43.7064956083287,627.701290641216,27.291360462661565,0.08746939247684683,519.96,1,ok,,DQN\dqn_model_optuna_trial_17
2026-06-07T11:17:21.700936,Optuna,optuna_20260607_110306,17,24,35,671,45.7397770332028,673.4410676744188,28.06004448643412,0.08746939247684683,520.77,1,ok,,DQN\dqn_model_optuna_trial_17
2026-06-07T11:17:24.063224,Optuna,optuna_20260607_110306,17,25,35,671,31.4368670016378,704.8779346760566,28.195117387042263,0.08746939247684683,521.66,1,ok,,DQN\dqn_model_optuna_trial_17
2026-06-07T11:17:26.499757,Optuna,optuna_20260607_110306,17,26,35,671,22.591753786366663,727.4696884624233,27.979603402400894,0.08746939247684683,522.6,1,ok,,DQN\dqn_model_optuna_trial_17
2026-06-07T11:17:28.761545,Optuna,optuna_20260607_110306,17,27,35,671,39.566753283087415,767.0364417455107,28.408757101685584,0.08746939247684683,523.47,1,ok,,DQN\dqn_model_optuna_trial_17
2026-06-07T11:17:31.090380,Optuna,optuna_20260607_110306,17,28,35,671,28.574705476870797,795.6111472223815,28.41468382937077,0.08746939247684683,524.35,1,ok,,DQN\dqn_model_optuna_trial_17
2026-06-07T11:17:33.428438,Optuna,optuna_20260607_110306,17,29,35,671,16.78397881747729,812.3951260398588,28.013625035857203,0.08746939247684683,525.17,1,ok,,DQN\dqn_model_optuna_trial_17
2026-06-07T11:17:35.816544,Optuna,optuna_20260607_110306,17,30,35,671,35.49745835816165,847.8925843980205,28.263086146600685,0.08746939247684683,525.98,1,ok,,DQN\dqn_model_optuna_trial_17
2026-06-07T11:17:38.218391,Optuna,optuna_20260607_110306,17,31,35,671,30.249305666818767,878.1418900648392,28.327157744027073,0.08746939247684683,526.86,1,ok,,DQN\dqn_model_optuna_trial_17
2026-06-07T11:17:40.609216,Optuna,optuna_20260607_110306,17,32,35,671,30.087231137562696,908.229121202402,28.382160037575062,0.08746939247684683,527.73,1,ok,,DQN\dqn_model_optuna_trial_17
2026-06-07T11:17:43.106742,Optuna,optuna_20260607_110306,17,33,35,671,20.877903870737764,929.1070250731398,28.15475833554969,0.08746939247684683,528.61,1,ok,,DQN\dqn_model_optuna_trial_17
2026-06-07T11:17:45.673734,Optuna,optuna_20260607_110306,17,34,35,671,30.20592177256902,959.3129468457088,28.21508667193261,0.08746939247684683,529.49,1,ok,,DQN\dqn_model_optuna_trial_17
2026-06-07T11:17:48.116955,Optuna,optuna_20260607_110306,17,35,35,671,36.6322883721248,995.9452352178336,28.45557814908096,0.08746939247684683,530.3,1,ok,,DQN\dqn_model_optuna_trial_17
2026-06-07T11:17:49.373972,Optuna,optuna_20260607_110306,18,1,35,671,2.5186682252574872,2.5186682252574872,2.5186682252574872,0.7777391783517292,501.13,1,ok,,DQN\dqn_model_optuna_trial_18
2026-06-07T11:17:51.236242,Optuna,optuna_20260607_110306,18,2,35,671,12.759258657494364,15.277926882751851,7.6389634413759255,0.7376498629372896,502.02,1,ok,,DQN\dqn_model_optuna_trial_18
2026-06-07T11:17:53.107208,Optuna,optuna_20260607_110306,18,3,35,671,11.07540940782096,26.353336290572813,8.784445430190937,0.69756054752285,502.89,1,ok,,DQN\dqn_model_optuna_trial_18
2026-06-07T11:17:55.107018,Optuna,optuna_20260607_110306,18,4,35,671,28.166776103784223,54.520112394357035,13.630028098589259,0.6574712321084104,503.71,1,ok,,DQN\dqn_model_optuna_trial_18
2026-06-07T11:17:57.202083,Optuna,optuna_20260607_110306,18,5,35,671,20.698444630791396,75.21855702514843,15.043711405029686,0.6173819166939708,504.53,1,ok,,DQN\dqn_model_optuna_trial_18
2026-06-07T11:17:59.220001,Optuna,optuna_20260607_110306,18,6,35,671,14.275747519272985,89.49430454442141,14.915717424070236,0.5772926012795312,505.41,1,ok,,DQN\dqn_model_optuna_trial_18
2026-06-07T11:18:01.230195,Optuna,optuna_20260607_110306,18,7,35,671,27.83368671313125,117.32799125755267,16.76114160822181,0.5372032858650916,506.29,1,ok,,DQN\dqn_model_optuna_trial_18
2026-06-07T11:18:03.254537,Optuna,optuna_20260607_110306,18,8,35,671,38.21339842384686,155.54138968139952,19.44267371017494,0.497113970450652,507.18,1,ok,,DQN\dqn_model_optuna_trial_18
2026-06-07T11:18:05.267400,Optuna,optuna_20260607_110306,18,9,35,671,10.652649581984145,166.19403926338367,18.466004362598184,0.45702465503621237,508.05,1,ok,,DQN\dqn_model_optuna_trial_18
2026-06-07T11:18:07.347018,Optuna,optuna_20260607_110306,18,10,35,671,50.52013788122841,216.71417714461208,21.671417714461207,0.41693533962177276,508.87,1,ok,,DQN\dqn_model_optuna_trial_18
2026-06-07T11:18:09.403310,Optuna,optuna_20260607_110306,18,11,35,671,6.734849967253211,223.4490271118653,20.313547919260483,0.37684602420733315,509.69,1,ok,,DQN\dqn_model_optuna_trial_18
2026-06-07T11:18:11.455138,Optuna,optuna_20260607_110306,18,12,35,671,5.3739080382052435,228.82293515007052,19.068577929172545,0.33675670879289354,510.57,1,ok,,DQN\dqn_model_optuna_trial_18
2026-06-07T11:18:13.495627,Optuna,optuna_20260607_110306,18,13,35,671,41.65228477990795,270.4752199299785,20.805786148459884,0.29666739337845394,511.45,1,ok,,DQN\dqn_model_optuna_trial_18
2026-06-07T11:18:15.521887,Optuna,optuna_20260607_110306,18,14,35,671,39.96648506663963,310.4417049966181,22.174407499758438,0.25657807796401433,512.33,1,ok,,DQN\dqn_model_optuna_trial_18
2026-06-07T11:18:17.603665,Optuna,optuna_20260607_110306,18,15,35,671,21.175611933907597,331.6173169305257,22.107821128701712,0.21648876254957472,513.21,1,ok,,DQN\dqn_model_optuna_trial_18
2026-06-07T11:18:19.674625,Optuna,optuna_20260607_110306,18,16,35,671,29.218537690568414,360.83585462109414,22.552240913818384,0.1763994471351351,508.86,1,ok,,DQN\dqn_model_optuna_trial_18
2026-06-07T11:18:21.711156,Optuna,optuna_20260607_110306,18,17,35,671,24.973579661302068,385.8094342823962,22.694672604846833,0.1363101317206955,509.68,1,ok,,DQN\dqn_model_optuna_trial_18
2026-06-07T11:18:23.891195,Optuna,optuna_20260607_110306,18,18,35,671,43.925614585769985,429.7350488681662,23.874169381564787,0.12331281090931873,510.55,1,ok,,DQN\dqn_model_optuna_trial_18
2026-06-07T11:18:26.010783,Optuna,optuna_20260607_110306,18,19,35,671,29.77026277293184,459.50531164109805,24.184490086373582,0.12331281090931873,511.44,1,ok,,DQN\dqn_model_optuna_trial_18
2026-06-07T11:18:28.113929,Optuna,optuna_20260607_110306,18,20,35,671,16.022716889579254,475.5280285306773,23.776401426533866,0.12331281090931873,512.32,1,ok,,DQN\dqn_model_optuna_trial_18
2026-06-07T11:18:30.246178,Optuna,optuna_20260607_110306,18,21,35,671,28.567205329347956,504.09523386002525,24.004534945715488,0.12331281090931873,513.2,1,ok,,DQN\dqn_model_optuna_trial_18
2026-06-07T11:18:32.443490,Optuna,optuna_20260607_110306,18,22,35,671,30.65583259436519,534.7510664543904,24.306866657017746,0.12331281090931873,514.02,1,ok,,DQN\dqn_model_optuna_trial_18
2026-06-07T11:18:34.602207,Optuna,optuna_20260607_110306,18,23,35,671,45.699343650275516,580.4504101046659,25.23697435237678,0.12331281090931873,514.84,1,ok,,DQN\dqn_model_optuna_trial_18
2026-06-07T11:18:36.735873,Optuna,optuna_20260607_110306,18,24,35,671,56.87203309266429,637.3224431973302,26.55510179988876,0.12331281090931873,515.71,1,ok,,DQN\dqn_model_optuna_trial_18
2026-06-07T11:18:38.896745,Optuna,optuna_20260607_110306,18,25,35,671,59.943251711304306,697.2656949086346,27.890627796345385,0.12331281090931873,516.59,1,ok,,DQN\dqn_model_optuna_trial_18
2026-06-07T11:18:41.088010,Optuna,optuna_20260607_110306,18,26,35,671,80.05315320644794,777.3188481150826,29.896878773657022,0.12331281090931873,517.59,1,ok,,DQN\dqn_model_optuna_trial_18
2026-06-07T11:18:43.228714,Optuna,optuna_20260607_110306,18,27,35,671,39.22919485114915,816.5480429662317,30.242520109860433,0.12331281090931873,518.47,1,ok,,DQN\dqn_model_optuna_trial_18
2026-06-07T11:18:45.437115,Optuna,optuna_20260607_110306,18,28,35,671,31.707555337034147,848.2555983032659,30.294842796545208,0.12331281090931873,519.34,1,ok,,DQN\dqn_model_optuna_trial_18
2026-06-07T11:18:47.670944,Optuna,optuna_20260607_110306,18,29,35,671,54.02727552435352,902.2828738276194,31.113202545779977,0.12331281090931873,520.16,1,ok,,DQN\dqn_model_optuna_trial_18
2026-06-07T11:18:49.971344,Optuna,optuna_20260607_110306,18,30,35,671,22.417672197051502,924.7005460246709,30.823351534155695,0.12331281090931873,520.97,1,ok,,DQN\dqn_model_optuna_trial_18
2026-06-07T11:18:52.214869,Optuna,optuna_20260607_110306,18,31,35,671,30.72704908392922,955.4275951086001,30.82024500350323,0.12331281090931873,521.84,1,ok,,DQN\dqn_model_optuna_trial_18
2026-06-07T11:18:54.426058,Optuna,optuna_20260607_110306,18,32,35,671,55.74270780982345,1011.1703029184235,31.599071966200736,0.12331281090931873,522.72,1,ok,,DQN\dqn_model_optuna_trial_18
2026-06-07T11:18:56.684628,Optuna,optuna_20260607_110306,18,33,35,671,33.069725599202386,1044.240028517626,31.643637227806845,0.12331281090931873,523.59,1,ok,,DQN\dqn_model_optuna_trial_18
2026-06-07T11:18:58.881811,Optuna,optuna_20260607_110306,18,34,35,671,40.66284041144662,1084.9028689290726,31.908907909678607,0.12331281090931873,524.47,1,ok,,DQN\dqn_model_optuna_trial_18
2026-06-07T11:19:01.101247,Optuna,optuna_20260607_110306,18,35,35,671,32.33201493841969,1117.2348838674923,31.92099668192835,0.12331281090931873,525.28,1,ok,,DQN\dqn_model_optuna_trial_18
2026-06-07T11:19:02.256075,Optuna,optuna_20260607_110306,19,1,35,671,16.848459133149124,16.848459133149124,16.848459133149124,0.7960747404661886,496.02,1,ok,,DQN\dqn_model_optuna_trial_19
2026-06-07T11:19:04.020317,Optuna,optuna_20260607_110306,19,2,35,671,10.863434445015615,27.71189357816474,13.85594678908237,0.7876310811406982,496.84,1,ok,,DQN\dqn_model_optuna_trial_19
2026-06-07T11:19:05.810518,Optuna,optuna_20260607_110306,19,3,35,671,19.88438580754999,47.59627938571473,15.86542646190491,0.7791874218152078,497.71,1,ok,,DQN\dqn_model_optuna_trial_19
2026-06-07T11:19:07.581004,Optuna,optuna_20260607_110306,19,4,35,671,9.78168655282477,57.377965938539504,14.344491484634876,0.7707437624897174,498.59,1,ok,,DQN\dqn_model_optuna_trial_19
2026-06-07T11:19:09.377957,Optuna,optuna_20260607_110306,19,5,35,671,15.213080923569043,72.59104686210854,14.518209372421708,0.762300103164227,499.48,1,ok,,DQN\dqn_model_optuna_trial_19
2026-06-07T11:19:11.167164,Optuna,optuna_20260607_110306,19,6,35,671,4.0135368324783585,76.60458369458689,12.767430615764482,0.7538564438387366,500.29,1,ok,,DQN\dqn_model_optuna_trial_19
2026-06-07T11:19:12.967885,Optuna,optuna_20260607_110306,19,7,35,671,14.567683349147037,91.17226704373392,13.024609577676275,0.7454127845132462,501.17,1,ok,,DQN\dqn_model_optuna_trial_19
2026-06-07T11:19:14.796099,Optuna,optuna_20260607_110306,19,8,35,671,20.24858262633962,111.42084967007355,13.927606208759194,0.7369691251877558,501.99,1,ok,,DQN\dqn_model_optuna_trial_19
2026-06-07T11:19:16.569049,Optuna,optuna_20260607_110306,19,9,35,671,11.02252020048363,122.44336987055718,13.604818874506353,0.7285254658622654,502.87,1,ok,,DQN\dqn_model_optuna_trial_19
2026-06-07T11:19:18.391493,Optuna,optuna_20260607_110306,19,10,35,671,11.8170366077148,134.260406478272,13.426040647827199,0.720081806536775,503.75,1,ok,,DQN\dqn_model_optuna_trial_19
2026-06-07T11:19:20.254947,Optuna,optuna_20260607_110306,19,11,35,671,26.354501705039194,160.61490818331117,14.601355289391925,0.7116381472112846,504.63,1,ok,,DQN\dqn_model_optuna_trial_19
2026-06-07T11:19:22.134137,Optuna,optuna_20260607_110306,19,12,35,671,22.511074197288476,183.12598238059965,15.260498531716637,0.7031944878857942,505.45,1,ok,,DQN\dqn_model_optuna_trial_19
2026-06-07T11:19:23.471897,Optuna,optuna_20260607_110306,20,1,35,671,-0.5554865716316463,-0.5554865716316463,-0.5554865716316463,0.8041132791067399,496.05,1,ok,,DQN\dqn_model_optuna_trial_20
2026-06-07T11:19:25.267046,Optuna,optuna_20260607_110306,20,2,35,671,9.06652051542966,8.511033943798013,4.255516971899007,0.7711371274594926,496.88,1,ok,,DQN\dqn_model_optuna_trial_20
2026-06-07T11:19:27.203638,Optuna,optuna_20260607_110306,20,3,35,671,2.2121539790415525,10.723187922839566,3.5743959742798554,0.7381609758122453,497.69,1,ok,,DQN\dqn_model_optuna_trial_20
2026-06-07T11:19:29.077271,Optuna,optuna_20260607_110306,20,4,35,671,3.9170381009847897,14.640226023824356,3.660056505956089,0.705184824164998,498.57,1,ok,,DQN\dqn_model_optuna_trial_20
2026-06-07T11:19:31.126177,Optuna,optuna_20260607_110306,20,5,35,671,49.612492430193264,64.25271845401763,12.850543690803525,0.6722086725177506,499.45,1,ok,,DQN\dqn_model_optuna_trial_20
2026-06-07T11:19:33.016071,Optuna,optuna_20260607_110306,20,6,35,671,17.77039942190419,82.02311787592181,13.67051964598697,0.6392325208705033,500.33,1,ok,,DQN\dqn_model_optuna_trial_20
2026-06-07T11:19:34.905479,Optuna,optuna_20260607_110306,20,7,35,671,25.491539530294148,107.51465740621596,15.359236772316565,0.606256369223256,501.21,1,ok,,DQN\dqn_model_optuna_trial_20
2026-06-07T11:19:36.837307,Optuna,optuna_20260607_110306,20,8,35,671,13.634017754456384,121.14867516067234,15.143584395084043,0.5732802175760087,502.03,1,ok,,DQN\dqn_model_optuna_trial_20
2026-06-07T11:19:38.814282,Optuna,optuna_20260607_110306,20,9,35,671,25.756212896847984,146.90488805752034,16.322765339724484,0.5403040659287613,502.84,1,ok,,DQN\dqn_model_optuna_trial_20
2026-06-07T11:19:40.774144,Optuna,optuna_20260607_110306,20,10,35,671,58.250021002388394,205.15490905990873,20.515490905990873,0.507327914281514,503.73,1,ok,,DQN\dqn_model_optuna_trial_20
2026-06-07T11:19:42.737230,Optuna,optuna_20260607_110306,20,11,35,671,30.507444462796048,235.6623535227048,21.42385032024589,0.4743517626342667,504.61,1,ok,,DQN\dqn_model_optuna_trial_20
2026-06-07T11:19:44.732786,Optuna,optuna_20260607_110306,20,12,35,671,8.251143476822003,243.91349699952679,20.326124749960567,0.4413756109870194,505.48,1,ok,,DQN\dqn_model_optuna_trial_20
2026-06-07T11:19:46.672416,Optuna,optuna_20260607_110306,20,13,35,671,32.066320667128004,275.9798176666548,21.229216743588832,0.40839945933977206,506.37,1,ok,,DQN\dqn_model_optuna_trial_20
2026-06-07T11:19:48.654167,Optuna,optuna_20260607_110306,20,14,35,671,24.066040864746363,300.04585853140117,21.431847037957226,0.37542330769252474,507.19,1,ok,,DQN\dqn_model_optuna_trial_20
2026-06-07T11:19:50.651889,Optuna,optuna_20260607_110306,20,15,35,671,34.84005382085701,334.8859123522582,22.325727490150545,0.3424471560452774,508.0,1,ok,,DQN\dqn_model_optuna_trial_20
2026-06-07T11:19:52.651061,Optuna,optuna_20260607_110306,20,16,35,671,14.882028160597025,349.7679405128552,21.86049628205345,0.3094710043980301,508.88,1,ok,,DQN\dqn_model_optuna_trial_20
2026-06-07T11:19:54.696529,Optuna,optuna_20260607_110306,20,17,35,671,18.674274336096236,368.44221484895144,21.673071461703024,0.2764948527507828,509.77,1,ok,,DQN\dqn_model_optuna_trial_20
2026-06-07T11:19:56.757356,Optuna,optuna_20260607_110306,20,18,35,671,29.2570739338073,397.69928878275874,22.094404932375486,0.24351870110353546,510.64,1,ok,,DQN\dqn_model_optuna_trial_20
2026-06-07T11:19:58.795569,Optuna,optuna_20260607_110306,20,19,35,671,23.054479831684127,420.7537686144429,22.144935190233838,0.21054254945628814,511.52,1,ok,,DQN\dqn_model_optuna_trial_20
2026-06-07T11:20:00.848215,Optuna,optuna_20260607_110306,20,20,35,671,42.66158429590566,463.41535291034853,23.170767645517426,0.17756639780904082,512.34,1,ok,,DQN\dqn_model_optuna_trial_20
2026-06-07T11:20:02.985948,Optuna,optuna_20260607_110306,20,21,35,671,75.07493182882548,538.4902847391741,25.64239451138924,0.1445902461617935,513.22,1,ok,,DQN\dqn_model_optuna_trial_20
2026-06-07T11:20:05.106979,Optuna,optuna_20260607_110306,20,22,35,671,219.83061058469042,758.3208953238645,34.4691316056302,0.11161409451454239,514.04,1,ok,,DQN\dqn_model_optuna_trial_20
2026-06-07T11:20:07.222340,Optuna,optuna_20260607_110306,20,23,35,671,9.25320311532935,767.5740984391939,33.372786888660606,0.07863794286728576,514.92,1,ok,,DQN\dqn_model_optuna_trial_20
2026-06-07T11:20:09.443251,Optuna,optuna_20260607_110306,20,24,35,671,21.987828622666704,789.5619270618606,32.898413627577526,0.059279062726178805,515.8,1,ok,,DQN\dqn_model_optuna_trial_20
2026-06-07T11:20:11.568165,Optuna,optuna_20260607_110306,20,25,35,671,18.884555312202313,808.446482374063,32.33785929496252,0.059279062726178805,516.74,1,ok,,DQN\dqn_model_optuna_trial_20
2026-06-07T11:20:13.710673,Optuna,optuna_20260607_110306,20,26,35,671,41.08419523498338,849.5306776090463,32.67425683111716,0.059279062726178805,517.62,1,ok,,DQN\dqn_model_optuna_trial_20
2026-06-07T11:20:15.899495,Optuna,optuna_20260607_110306,20,27,35,671,16.599266188293686,866.1299437973399,32.07888680730888,0.059279062726178805,518.43,1,ok,,DQN\dqn_model_optuna_trial_20
2026-06-07T11:20:18.056034,Optuna,optuna_20260607_110306,20,28,35,671,28.838202358064898,894.9681461554048,31.963148076978744,0.059279062726178805,519.25,1,ok,,DQN\dqn_model_optuna_trial_20
2026-06-07T11:20:20.236487,Optuna,optuna_20260607_110306,20,29,35,671,43.64734445727249,938.6154906126774,32.36605140043715,0.059279062726178805,520.12,1,ok,,DQN\dqn_model_optuna_trial_20
2026-06-07T11:20:22.459560,Optuna,optuna_20260607_110306,20,30,35,671,93.78873753286646,1032.4042281455438,34.413474271518126,0.059279062726178805,521.0,1,ok,,DQN\dqn_model_optuna_trial_20
2026-06-07T11:20:24.755938,Optuna,optuna_20260607_110306,20,31,35,671,28.59543769006787,1060.9996658356117,34.225795672116504,0.059279062726178805,521.88,1,ok,,DQN\dqn_model_optuna_trial_20
2026-06-07T11:20:26.979167,Optuna,optuna_20260607_110306,20,32,35,671,37.50394230037678,1098.5036081359885,34.32823775424964,0.059279062726178805,522.75,1,ok,,DQN\dqn_model_optuna_trial_20
2026-06-07T11:20:29.161900,Optuna,optuna_20260607_110306,20,33,35,671,32.72048952829588,1131.2240976642845,34.279518111038925,0.059279062726178805,523.57,1,ok,,DQN\dqn_model_optuna_trial_20
2026-06-07T11:20:31.390052,Optuna,optuna_20260607_110306,20,34,35,671,24.145189033586107,1155.3692866978706,33.9814496087609,0.059279062726178805,524.39,1,ok,,DQN\dqn_model_optuna_trial_20
2026-06-07T11:20:33.650290,Optuna,optuna_20260607_110306,20,35,35,671,34.95678312657337,1190.326069824444,34.0093162806984,0.059279062726178805,525.26,1,ok,,DQN\dqn_model_optuna_trial_20
2026-06-07T11:20:34.868222,Optuna,optuna_20260607_110306,21,1,35,671,8.738339185291677,8.738339185291677,8.738339185291677,0.8068369042195433,495.96,1,ok,,DQN\dqn_model_optuna_trial_21
2026-06-07T11:20:36.705072,Optuna,optuna_20260607_110306,21,2,35,671,-0.19278711046524968,8.545552074826427,4.272776037413213,0.7765654436424847,496.85,1,ok,,DQN\dqn_model_optuna_trial_21
2026-06-07T11:20:38.590961,Optuna,optuna_20260607_110306,21,3,35,671,10.617043292150312,19.16259536697674,6.387531788992246,0.746293983065426,497.72,1,ok,,DQN\dqn_model_optuna_trial_21
2026-06-07T11:20:40.433799,Optuna,optuna_20260607_110306,21,4,35,671,-77.76751710928964,-58.604921742312904,-14.651230435578226,0.7160225224883674,498.61,1,ok,,DQN\dqn_model_optuna_trial_21
2026-06-07T11:20:42.314055,Optuna,optuna_20260607_110306,21,5,35,671,12.663958860792993,-45.94096288151991,-9.188192576303981,0.6857510619113087,499.49,1,ok,,DQN\dqn_model_optuna_trial_21
2026-06-07T11:20:44.221063,Optuna,optuna_20260607_110306,21,6,35,671,24.0286136024773,-21.91234927904261,-3.652058213173768,0.6554796013342501,500.3,1,ok,,DQN\dqn_model_optuna_trial_21
2026-06-07T11:20:45.432967,Optuna,optuna_20260607_110306,22,1,35,671,2.060244887862579,2.060244887862579,2.060244887862579,0.8352058539676721,488.52,1,ok,,DQN\dqn_model_optuna_trial_22
2026-06-07T11:20:47.263444,Optuna,optuna_20260607_110306,22,2,35,671,2.055173569085569,4.115418456948148,2.057709228474074,0.816977024347873,489.4,1,ok,,DQN\dqn_model_optuna_trial_22
2026-06-07T11:20:49.125746,Optuna,optuna_20260607_110306,22,3,35,671,4.985238376002851,9.100656832951,3.033552277650333,0.7987481947280739,490.27,1,ok,,DQN\dqn_model_optuna_trial_22
2026-06-07T11:20:51.023594,Optuna,optuna_20260607_110306,22,4,35,671,5.642925598449796,14.743582431400796,3.685895607850199,0.7805193651082748,491.09,1,ok,,DQN\dqn_model_optuna_trial_22
2026-06-07T11:20:52.915939,Optuna,optuna_20260607_110306,22,5,35,671,16.73739293591131,31.480975367312105,6.296195073462421,0.7622905354884757,491.91,1,ok,,DQN\dqn_model_optuna_trial_22
2026-06-07T11:20:54.816178,Optuna,optuna_20260607_110306,22,6,35,671,20.260330374982804,51.74130574229491,8.623550957049153,0.7440617058686766,492.79,1,ok,,DQN\dqn_model_optuna_trial_22
2026-06-07T11:20:56.009709,Optuna,optuna_20260607_110306,23,1,35,671,1.5943435825453045,1.5943435825453045,1.5943435825453045,0.7920114644859215,495.62,1,ok,,DQN\dqn_model_optuna_trial_23
2026-06-07T11:20:58.024399,Optuna,optuna_20260607_110306,23,2,35,671,6.535272320946264,8.129615903491569,4.0648079517457845,0.7477903528782781,496.38,1,ok,,DQN\dqn_model_optuna_trial_23
2026-06-07T11:20:59.949163,Optuna,optuna_20260607_110306,23,3,35,671,22.250958704535968,30.380574608027537,10.126858202675846,0.7035692412706347,497.25,1,ok,,DQN\dqn_model_optuna_trial_23
2026-06-07T11:21:01.917926,Optuna,optuna_20260607_110306,23,4,35,671,16.632327974015343,47.012902582042884,11.753225645510721,0.6593481296629913,498.14,1,ok,,DQN\dqn_model_optuna_trial_23
2026-06-07T11:21:03.944917,Optuna,optuna_20260607_110306,23,5,35,671,9.765286581996119,56.778189164039006,11.355637832807801,0.6151270180553479,499.02,1,ok,,DQN\dqn_model_optuna_trial_23
2026-06-07T11:21:05.929726,Optuna,optuna_20260607_110306,23,6,35,671,154.7391018409069,211.5172910049459,35.25288183415765,0.5709059064477044,499.89,1,ok,,DQN\dqn_model_optuna_trial_23
2026-06-07T11:21:07.890908,Optuna,optuna_20260607_110306,23,7,35,671,46.83695014267992,258.3542411476258,36.907748735375115,0.526684794840061,500.71,1,ok,,DQN\dqn_model_optuna_trial_23
2026-06-07T11:21:09.966985,Optuna,optuna_20260607_110306,23,8,35,671,23.900417784469994,282.2546589320958,35.28183236651198,0.4824636832324176,501.94,1,ok,,DQN\dqn_model_optuna_trial_23
2026-06-07T11:21:11.994658,Optuna,optuna_20260607_110306,23,9,35,671,11.024223999884173,293.27888293198,32.58654254799777,0.4382425716247742,502.75,1,ok,,DQN\dqn_model_optuna_trial_23
2026-06-07T11:21:14.077558,Optuna,optuna_20260607_110306,23,10,35,671,13.665700755514269,306.94458368749423,30.694458368749423,0.3940214600171308,503.64,1,ok,,DQN\dqn_model_optuna_trial_23
2026-06-07T11:21:16.162928,Optuna,optuna_20260607_110306,23,11,35,671,37.374168879687396,344.3187525671816,31.30170477883469,0.34980034840948737,504.52,1,ok,,DQN\dqn_model_optuna_trial_23
2026-06-07T11:21:18.237157,Optuna,optuna_20260607_110306,23,12,35,671,25.213231601323475,369.53198416850506,30.794332014042087,0.30557923680184396,505.39,1,ok,,DQN\dqn_model_optuna_trial_23
2026-06-07T11:21:20.300313,Optuna,optuna_20260607_110306,23,13,35,671,18.853955840369057,388.3859400088741,29.87584153914416,0.26135812519420054,506.21,1,ok,,DQN\dqn_model_optuna_trial_23
2026-06-07T11:21:22.377324,Optuna,optuna_20260607_110306,23,14,35,671,16.092268355836904,404.478208364711,28.891300597479358,0.21713701358655713,507.1,1,ok,,DQN\dqn_model_optuna_trial_23
2026-06-07T11:21:24.585405,Optuna,optuna_20260607_110306,23,15,35,671,435.8231135116755,840.3013218763865,56.020088125092435,0.1729159019789137,507.91,1,ok,,DQN\dqn_model_optuna_trial_23
2026-06-07T11:21:26.647114,Optuna,optuna_20260607_110306,23,16,35,671,25.12441844088418,865.4257403172707,54.089108769829416,0.1286947903712703,508.8,1,ok,,DQN\dqn_model_optuna_trial_23
2026-06-07T11:21:28.792056,Optuna,optuna_20260607_110306,23,17,35,671,15.513597899498832,880.9393382167694,51.819961071574674,0.08447367876363542,509.68,1,ok,,DQN\dqn_model_optuna_trial_23
2026-06-07T11:21:30.989284,Optuna,optuna_20260607_110306,23,18,35,671,62.91771612440341,943.8570543411729,52.43650301895405,0.04025256715600131,510.55,1,ok,,DQN\dqn_model_optuna_trial_23
2026-06-07T11:21:33.199659,Optuna,optuna_20260607_110306,23,19,35,671,25.915034133658466,969.7720884748313,51.04063623551744,0.02265544349014515,511.38,1,ok,,DQN\dqn_model_optuna_trial_23
2026-06-07T11:21:35.470013,Optuna,optuna_20260607_110306,23,20,35,671,48.628992237133176,1018.4010807119645,50.92005403559823,0.02265544349014515,512.26,1,ok,,DQN\dqn_model_optuna_trial_23
2026-06-07T11:21:37.679983,Optuna,optuna_20260607_110306,23,21,35,671,12.770611207206414,1031.1716919191708,49.1034139009129,0.02265544349014515,513.07,1,ok,,DQN\dqn_model_optuna_trial_23
2026-06-07T11:21:40.014682,Optuna,optuna_20260607_110306,23,22,35,671,30.299776641788494,1061.4714685609592,48.248703116407235,0.02265544349014515,513.95,1,ok,,DQN\dqn_model_optuna_trial_23
2026-06-07T11:21:42.256549,Optuna,optuna_20260607_110306,23,23,35,671,20.61320596461781,1082.0846745255772,47.04715976198162,0.02265544349014515,514.84,1,ok,,DQN\dqn_model_optuna_trial_23
2026-06-07T11:21:44.450052,Optuna,optuna_20260607_110306,23,24,35,671,25.757079444999217,1107.8417539705763,46.160073082107345,0.02265544349014515,515.71,1,ok,,DQN\dqn_model_optuna_trial_23
2026-06-07T11:21:46.671895,Optuna,optuna_20260607_110306,23,25,35,671,45.88538689568491,1153.7271408662612,46.14908563465045,0.02265544349014515,516.53,1,ok,,DQN\dqn_model_optuna_trial_23
2026-06-07T11:21:48.876582,Optuna,optuna_20260607_110306,23,26,35,671,43.216711754523494,1196.9438526207846,46.03630202387633,0.02265544349014515,517.41,1,ok,,DQN\dqn_model_optuna_trial_23
2026-06-07T11:21:51.076571,Optuna,optuna_20260607_110306,23,27,35,671,26.809314639037016,1223.7531672598216,45.324191379993394,0.02265544349014515,518.23,1,ok,,DQN\dqn_model_optuna_trial_23
2026-06-07T11:21:53.296827,Optuna,optuna_20260607_110306,23,28,35,671,24.645367269409853,1248.3985345292315,44.58566194747255,0.02265544349014515,519.11,1,ok,,DQN\dqn_model_optuna_trial_23
2026-06-07T11:21:55.539108,Optuna,optuna_20260607_110306,23,29,35,671,9.263585431544348,1257.6621199607757,43.367659308992266,0.02265544349014515,519.99,1,ok,,DQN\dqn_model_optuna_trial_23
2026-06-07T11:21:57.786983,Optuna,optuna_20260607_110306,23,30,35,671,23.99233849313988,1281.6544584539156,42.721815281797184,0.02265544349014515,520.87,1,ok,,DQN\dqn_model_optuna_trial_23
2026-06-07T11:22:00.041022,Optuna,optuna_20260607_110306,23,31,35,671,27.90363410165554,1309.5580925555712,42.24380943727649,0.02265544349014515,521.75,1,ok,,DQN\dqn_model_optuna_trial_23
2026-06-07T11:22:02.313249,Optuna,optuna_20260607_110306,23,32,35,671,92.03865917948866,1401.5967517350598,43.79989849172062,0.02265544349014515,522.57,1,ok,,DQN\dqn_model_optuna_trial_23
2026-06-07T11:22:04.612577,Optuna,optuna_20260607_110306,23,33,35,671,71.3098735223285,1472.9066252573882,44.633534098708736,0.02265544349014515,523.43,1,ok,,DQN\dqn_model_optuna_trial_23
2026-06-07T11:22:06.894069,Optuna,optuna_20260607_110306,23,34,35,671,16.443517340381426,1489.3501425977697,43.804415958757936,0.02265544349014515,524.27,1,ok,,DQN\dqn_model_optuna_trial_23
2026-06-07T11:22:09.186073,Optuna,optuna_20260607_110306,23,35,35,671,27.116490985215584,1516.4666335829852,43.327618102371005,0.02265544349014515,525.14,1,ok,,DQN\dqn_model_optuna_trial_23
2026-06-07T11:22:10.390998,Optuna,optuna_20260607_110306,24,1,35,671,8.39934247972141,8.39934247972141,8.39934247972141,0.7871667026400033,495.89,1,ok,,DQN\dqn_model_optuna_trial_24
2026-06-07T11:22:12.165272,Optuna,optuna_20260607_110306,24,2,35,671,18.67018943864406,27.06953191836547,13.534765959182735,0.737175941532096,496.77,1,ok,,DQN\dqn_model_optuna_trial_24
2026-06-07T11:22:14.059191,Optuna,optuna_20260607_110306,24,3,35,671,-29.50060159867925,-2.4310696803137795,-0.8103565601045931,0.6871851804241886,497.65,1,ok,,DQN\dqn_model_optuna_trial_24
2026-06-07T11:22:15.998578,Optuna,optuna_20260607_110306,24,4,35,671,5.242019282242221,2.8109496019284412,0.7027374004821103,0.6371944193162813,498.47,1,ok,,DQN\dqn_model_optuna_trial_24
2026-06-07T11:22:17.891111,Optuna,optuna_20260607_110306,24,5,35,671,7.122621640140037,9.933571242068478,1.9867142484136955,0.587203658208374,499.35,1,ok,,DQN\dqn_model_optuna_trial_24
2026-06-07T11:22:19.848948,Optuna,optuna_20260607_110306,24,6,35,671,34.579399368286445,44.51297061035493,7.4188284350591545,0.5372128971004666,500.23,1,ok,,DQN\dqn_model_optuna_trial_24
2026-06-07T11:22:21.840245,Optuna,optuna_20260607_110306,24,7,35,671,8.370038813986852,52.88300942434178,7.554715632048826,0.48722213599255926,501.11,1,ok,,DQN\dqn_model_optuna_trial_24
2026-06-07T11:22:23.102614,Optuna,optuna_20260607_110306,25,1,35,671,1.4483633785236172,1.4483633785236172,1.4483633785236172,0.8443106305749422,491.07,1,ok,,DQN\dqn_model_optuna_trial_25
2026-06-07T11:22:24.902376,Optuna,optuna_20260607_110306,25,2,35,671,10.663788456569497,12.112151835093114,6.056075917546557,0.821593334207293,491.89,1,ok,,DQN\dqn_model_optuna_trial_25
2026-06-07T11:22:26.711538,Optuna,optuna_20260607_110306,25,3,35,671,0.5159680319299433,12.628119867023058,4.209373289007686,0.7988760378396438,492.77,1,ok,,DQN\dqn_model_optuna_trial_25
2026-06-07T11:22:28.543076,Optuna,optuna_20260607_110306,25,4,35,671,11.117299143121338,23.745419010144396,5.936354752536099,0.7761587414719946,493.65,1,ok,,DQN\dqn_model_optuna_trial_25
2026-06-07T11:22:30.404594,Optuna,optuna_20260607_110306,25,5,35,671,7.756616730876977,31.502035741021373,6.3004071482042745,0.7534414451043454,494.53,1,ok,,DQN\dqn_model_optuna_trial_25
2026-06-07T11:22:32.307841,Optuna,optuna_20260607_110306,25,6,35,671,21.06628493862675,52.568320679648124,8.761386779941354,0.7307241487366962,495.41,1,ok,,DQN\dqn_model_optuna_trial_25
2026-06-07T11:22:33.540784,Optuna,optuna_20260607_110306,26,1,35,671,3.2765534734999955,3.2765534734999955,3.2765534734999955,0.8304083610104729,496.53,1,ok,,DQN\dqn_model_optuna_trial_26
2026-06-07T11:22:35.466133,Optuna,optuna_20260607_110306,26,2,35,671,17.588442932499795,20.86499640599979,10.432498202999895,0.8193871795323873,497.41,1,ok,,DQN\dqn_model_optuna_trial_26
2026-06-07T11:22:37.337577,Optuna,optuna_20260607_110306,26,3,35,671,3.2895409336204553,24.154537339620244,8.051512446540082,0.8083659980543016,498.23,1,ok,,DQN\dqn_model_optuna_trial_26
2026-06-07T11:22:39.190395,Optuna,optuna_20260607_110306,26,4,35,671,39.62530078656063,63.77983812618088,15.94495953154522,0.797344816576216,499.11,1,ok,,DQN\dqn_model_optuna_trial_26
2026-06-07T11:22:41.131688,Optuna,optuna_20260607_110306,26,5,35,671,5.787832055717114,69.567670181898,13.913534036379598,0.7863236350981304,499.93,1,ok,,DQN\dqn_model_optuna_trial_26
2026-06-07T11:22:43.234373,Optuna,optuna_20260607_110306,26,6,35,671,11.940282449196204,81.5079526310942,13.584658771849034,0.7753024536200448,500.8,1,ok,,DQN\dqn_model_optuna_trial_26
2026-06-07T11:22:45.072950,Optuna,optuna_20260607_110306,26,7,35,671,7.065077586021927,88.57303021711613,12.65329003101659,0.7642812721419592,501.69,1,ok,,DQN\dqn_model_optuna_trial_26
2026-06-07T11:22:46.950889,Optuna,optuna_20260607_110306,26,8,35,671,3.829313859908647,92.40234407702478,11.550293009628097,0.7532600906638736,502.57,1,ok,,DQN\dqn_model_optuna_trial_26
2026-06-07T11:22:48.799017,Optuna,optuna_20260607_110306,26,9,35,671,69.95001210871955,162.35235618574433,18.039150687304925,0.7422389091857879,503.38,1,ok,,DQN\dqn_model_optuna_trial_26
2026-06-07T11:22:50.659673,Optuna,optuna_20260607_110306,26,10,35,671,5.550187308561878,167.9025434943062,16.79025434943062,0.7312177277077023,504.27,1,ok,,DQN\dqn_model_optuna_trial_26
2026-06-07T11:22:52.536491,Optuna,optuna_20260607_110306,26,11,35,671,7.990584577636939,175.89312807194315,15.990284370176651,0.7201965462296167,505.09,1,ok,,DQN\dqn_model_optuna_trial_26
2026-06-07T11:22:53.711314,Optuna,optuna_20260607_110306,27,1,35,671,0.47799427958857277,0.47799427958857277,0.47799427958857277,0.8327436798261291,491.32,1,ok,,DQN\dqn_model_optuna_trial_27
2026-06-07T11:22:55.650115,Optuna,optuna_20260607_110306,27,2,35,671,14.427208006177064,14.905202285765638,7.452601142882819,0.7552798421522882,492.2,1,ok,,DQN\dqn_model_optuna_trial_27
2026-06-07T11:22:57.748052,Optuna,optuna_20260607_110306,27,3,35,671,2.5791806043645673,17.484382890130206,5.828127630043402,0.6778160044784473,493.01,1,ok,,DQN\dqn_model_optuna_trial_27
2026-06-07T11:22:59.853032,Optuna,optuna_20260607_110306,27,4,35,671,2.3631496157703387,19.847532505900546,4.961883126475136,0.6003521668046063,493.89,1,ok,,DQN\dqn_model_optuna_trial_27
2026-06-07T11:23:01.913652,Optuna,optuna_20260607_110306,27,5,35,671,6.710758136659814,26.558290642560358,5.311658128512072,0.5228883291307654,494.78,1,ok,,DQN\dqn_model_optuna_trial_27
2026-06-07T11:23:04.023652,Optuna,optuna_20260607_110306,27,6,35,671,18.709572370622404,45.26786301318276,7.544643835530461,0.4454244914568983,495.65,1,ok,,DQN\dqn_model_optuna_trial_27
2026-06-07T11:23:05.137282,Optuna,optuna_20260607_110306,28,1,35,671,6.850654286515964,6.850654286515964,6.850654286515964,0.7924977966770603,496.71,1,ok,,DQN\dqn_model_optuna_trial_28
2026-06-07T11:23:06.851928,Optuna,optuna_20260607_110306,28,2,35,671,1.019304219250056,7.869958505766021,3.9349792528830103,0.7521376242120388,497.54,1,ok,,DQN\dqn_model_optuna_trial_28
2026-06-07T11:23:08.597923,Optuna,optuna_20260607_110306,28,3,35,671,10.916949870386539,18.78690837615256,6.262302792050853,0.7117774517470172,498.41,1,ok,,DQN\dqn_model_optuna_trial_28
2026-06-07T11:23:10.374667,Optuna,optuna_20260607_110306,28,4,35,671,7.027076286459211,25.813984662611773,6.453496165652943,0.6714172792819957,499.29,1,ok,,DQN\dqn_model_optuna_trial_28
2026-06-07T11:23:12.108156,Optuna,optuna_20260607_110306,28,5,35,671,31.500435597906574,57.31442026051835,11.46288405210367,0.6310571068169741,500.18,1,ok,,DQN\dqn_model_optuna_trial_28
2026-06-07T11:23:13.946759,Optuna,optuna_20260607_110306,28,6,35,671,22.25293376538842,79.56735402590677,13.26122567098446,0.5906969343519526,501.05,1,ok,,DQN\dqn_model_optuna_trial_28
2026-06-07T11:23:15.781396,Optuna,optuna_20260607_110306,28,7,35,671,12.35411092922952,91.92146495513629,13.131637850733755,0.550336761886931,501.94,1,ok,,DQN\dqn_model_optuna_trial_28
2026-06-07T11:23:16.671909,Optuna,optuna_20260607_110306,29,1,35,671,4.560435987869464,4.560435987869464,4.560435987869464,0.8425050057626404,491.46,1,ok,,DQN\dqn_model_optuna_trial_29
2026-06-07T11:23:18.585173,Optuna,optuna_20260607_110306,29,2,35,671,-0.47454029223723526,4.085895695632228,2.042947847816114,0.8411467448882624,492.34,1,ok,,DQN\dqn_model_optuna_trial_29
2026-06-07T11:23:20.399917,Optuna,optuna_20260607_110306,29,3,35,671,8.80559526181517,12.891490957447399,4.297163652482467,0.8397884840138843,493.21,1,ok,,DQN\dqn_model_optuna_trial_29
2026-06-07T11:23:22.283660,Optuna,optuna_20260607_110306,29,4,35,671,0.5890851727525661,13.480576130199966,3.3701440325499914,0.8384302231395062,494.04,1,ok,,DQN\dqn_model_optuna_trial_29
2026-06-07T11:23:24.219141,Optuna,optuna_20260607_110306,29,5,35,671,24.18434415969246,37.66492028989243,7.532984057978486,0.8370719622651281,494.91,1,ok,,DQN\dqn_model_optuna_trial_29
2026-06-07T11:23:26.126967,Optuna,optuna_20260607_110306,29,6,35,671,4.637064550042009,42.301984839934434,7.050330806655739,0.8357137013907501,495.79,1,ok,,DQN\dqn_model_optuna_trial_29
2026-06-07T11:23:26.603942,Optuna,optuna_20260607_110306,30,1,35,671,-2.6654131429125525,-2.6654131429125525,-2.6654131429125525,0.8579317747348219,496.75,1,ok,,DQN\dqn_model_optuna_trial_30
2026-06-07T11:23:28.243165,Optuna,optuna_20260607_110306,30,2,35,671,5.530477203740195,2.8650640608276423,1.4325320304138212,0.8442995182751372,497.63,1,ok,,DQN\dqn_model_optuna_trial_30
2026-06-07T11:23:29.867143,Optuna,optuna_20260607_110306,30,3,35,671,17.771124819449522,20.636188880277164,6.878729626759054,0.8306672618154525,498.38,1,ok,,DQN\dqn_model_optuna_trial_30
2026-06-07T11:23:31.492440,Optuna,optuna_20260607_110306,30,4,35,671,-8.045847338420904,12.59034154185626,3.147585385464065,0.8170350053557678,499.27,1,ok,,DQN\dqn_model_optuna_trial_30
2026-06-07T11:23:33.098963,Optuna,optuna_20260607_110306,30,5,35,671,21.665605475664258,34.25594701752052,6.851189403504104,0.8034027488960831,500.15,1,ok,,DQN\dqn_model_optuna_trial_30
2026-06-07T11:23:34.737847,Optuna,optuna_20260607_110306,30,6,35,671,4.11951264836295,38.37545966588347,6.395909944313911,0.7897704924363984,501.03,1,ok,,DQN\dqn_model_optuna_trial_30
2026-06-07T11:23:35.953610,Optuna,optuna_20260607_110306,31,1,35,671,6.800613982222258,6.800613982222258,6.800613982222258,0.7839067174033043,491.49,1,ok,,DQN\dqn_model_optuna_trial_31
2026-06-07T11:23:37.794019,Optuna,optuna_20260607_110306,31,2,35,671,4.147295598081388,10.947909580303646,5.473954790151823,0.7562803683933076,492.38,1,ok,,DQN\dqn_model_optuna_trial_31
2026-06-07T11:23:39.707493,Optuna,optuna_20260607_110306,31,3,35,671,20.250717821723352,31.198627402027,10.399542467342334,0.7286540193833109,493.25,1,ok,,DQN\dqn_model_optuna_trial_31
2026-06-07T11:23:41.681129,Optuna,optuna_20260607_110306,31,4,35,671,10.897529811769994,42.09615721379699,10.524039303449248,0.7010276703733141,494.13,1,ok,,DQN\dqn_model_optuna_trial_31
2026-06-07T11:23:43.610899,Optuna,optuna_20260607_110306,31,5,35,671,6.868386378466551,48.964543592263546,9.79290871845271,0.6734013213633174,495.02,1,ok,,DQN\dqn_model_optuna_trial_31
2026-06-07T11:23:45.531667,Optuna,optuna_20260607_110306,31,6,35,671,10.727636617481531,59.692180209745075,9.94869670162418,0.6457749723533207,495.83,1,ok,,DQN\dqn_model_optuna_trial_31
2026-06-07T11:23:46.780963,Optuna,optuna_20260607_110306,32,1,35,671,0.951880177385864,0.951880177385864,0.951880177385864,0.7876893149544119,496.84,1,ok,,DQN\dqn_model_optuna_trial_32
2026-06-07T11:23:48.627936,Optuna,optuna_20260607_110306,32,2,35,671,14.383787271607405,15.335667448993268,7.667833724496634,0.743019053838697,497.72,1,ok,,DQN\dqn_model_optuna_trial_32
2026-06-07T11:23:50.487969,Optuna,optuna_20260607_110306,32,3,35,671,12.590224187951415,27.925891636944684,9.308630545648228,0.6983487927229822,498.6,1,ok,,DQN\dqn_model_optuna_trial_32
2026-06-07T11:23:52.379137,Optuna,optuna_20260607_110306,32,4,35,671,22.386645919369904,50.31253755631459,12.578134389078647,0.6536785316072674,499.48,1,ok,,DQN\dqn_model_optuna_trial_32
2026-06-07T11:23:54.321590,Optuna,optuna_20260607_110306,32,5,35,671,37.29830583408631,87.6108433904009,17.52216867808018,0.6090082704915526,500.3,1,ok,,DQN\dqn_model_optuna_trial_32
2026-06-07T11:23:56.305352,Optuna,optuna_20260607_110306,32,6,35,671,11.728306149266455,99.33914953966736,16.556524923277895,0.5643380093758378,501.18,1,ok,,DQN\dqn_model_optuna_trial_32
2026-06-07T11:23:58.240999,Optuna,optuna_20260607_110306,32,7,35,671,24.79461438609653,124.13376392576389,17.7333948465377,0.519667748260123,502.0,1,ok,,DQN\dqn_model_optuna_trial_32
2026-06-07T11:24:00.314410,Optuna,optuna_20260607_110306,32,8,35,671,33.546803903247365,157.68056782901124,19.710070978626405,0.4749974871443873,502.88,1,ok,,DQN\dqn_model_optuna_trial_32
2026-06-07T11:24:02.352742,Optuna,optuna_20260607_110306,32,9,35,671,13.602338071360384,171.28290590037162,19.03143398893018,0.4303272260286352,503.75,1,ok,,DQN\dqn_model_optuna_trial_32
2026-06-07T11:24:04.353488,Optuna,optuna_20260607_110306,32,10,35,671,67.89724533144904,239.18015123182067,23.918015123182066,0.38565696491288315,504.64,1,ok,,DQN\dqn_model_optuna_trial_32
2026-06-07T11:24:06.365253,Optuna,optuna_20260607_110306,32,11,35,671,66.53872221705545,305.71887344887614,27.79262485898874,0.3409867037971311,505.46,1,ok,,DQN\dqn_model_optuna_trial_32
2026-06-07T11:24:08.430978,Optuna,optuna_20260607_110306,32,12,35,671,48.491893347085835,354.21076679596194,29.517563899663497,0.296316442681379,506.34,1,ok,,DQN\dqn_model_optuna_trial_32
2026-06-07T11:24:10.516896,Optuna,optuna_20260607_110306,32,13,35,671,46.88379647215455,401.0945632681165,30.853427943701266,0.25164618156562696,507.16,1,ok,,DQN\dqn_model_optuna_trial_32
2026-06-07T11:24:12.585918,Optuna,optuna_20260607_110306,32,14,35,671,19.79753315682655,420.892096424943,30.063721173210215,0.2069759204498749,508.04,1,ok,,DQN\dqn_model_optuna_trial_32
2026-06-07T11:24:14.637888,Optuna,optuna_20260607_110306,32,15,35,671,57.5100910013941,478.40218742633715,31.89347916175581,0.16230565933412283,508.91,1,ok,,DQN\dqn_model_optuna_trial_32
2026-06-07T11:24:16.746432,Optuna,optuna_20260607_110306,32,16,35,671,28.470658186044002,506.8728456123811,31.67955285077382,0.11763539821837077,509.8,1,ok,,DQN\dqn_model_optuna_trial_32
2026-06-07T11:24:18.882112,Optuna,optuna_20260607_110306,32,17,35,671,21.494162059399745,528.3670076717809,31.080412215987113,0.0729651371026187,510.62,1,ok,,DQN\dqn_model_optuna_trial_32
2026-06-07T11:24:21.017623,Optuna,optuna_20260607_110306,32,18,35,671,46.47340410057429,574.8404117723552,31.93557843179751,0.03290581211338026,511.49,1,ok,,DQN\dqn_model_optuna_trial_32
2026-06-07T11:24:23.205507,Optuna,optuna_20260607_110306,32,19,35,671,26.875504392641076,601.7159161649963,31.669258745526122,0.03290581211338026,512.38,1,ok,,DQN\dqn_model_optuna_trial_32
2026-06-07T11:24:25.304490,Optuna,optuna_20260607_110306,32,20,35,671,30.07565008541781,631.7915662504141,31.589578312520707,0.03290581211338026,513.2,1,ok,,DQN\dqn_model_optuna_trial_32
2026-06-07T11:24:27.407736,Optuna,optuna_20260607_110306,32,21,35,671,38.66653344833997,670.458099698754,31.926576176131146,0.03290581211338026,514.07,1,ok,,DQN\dqn_model_optuna_trial_32
2026-06-07T11:24:29.547356,Optuna,optuna_20260607_110306,32,22,35,671,38.671013629874686,709.1291133286287,32.23314151493767,0.03290581211338026,514.95,1,ok,,DQN\dqn_model_optuna_trial_32
2026-06-07T11:24:31.649434,Optuna,optuna_20260607_110306,32,23,35,671,75.62462477555202,784.7537381041807,34.11972774366003,0.03290581211338026,515.77,1,ok,,DQN\dqn_model_optuna_trial_32
2026-06-07T11:24:33.822184,Optuna,optuna_20260607_110306,32,24,35,671,43.32653217689599,828.0802702810767,34.50334459504486,0.03290581211338026,516.65,1,ok,,DQN\dqn_model_optuna_trial_32
2026-06-07T11:24:36.003782,Optuna,optuna_20260607_110306,32,25,35,671,58.09335724852628,886.173627529603,35.44694510118412,0.03290581211338026,517.53,1,ok,,DQN\dqn_model_optuna_trial_32
2026-06-07T11:24:38.154601,Optuna,optuna_20260607_110306,32,26,35,671,52.22683476807437,938.4004622976773,36.09232547298759,0.03290581211338026,513.14,1,ok,,DQN\dqn_model_optuna_trial_32
2026-06-07T11:24:40.319478,Optuna,optuna_20260607_110306,32,27,35,671,30.549132985014836,968.9495952826921,35.887022047507116,0.03290581211338026,514.01,1,ok,,DQN\dqn_model_optuna_trial_32
2026-06-07T11:24:42.585646,Optuna,optuna_20260607_110306,32,28,35,671,39.27039930338177,1008.2199945860739,36.00785694950264,0.03290581211338026,514.89,1,ok,,DQN\dqn_model_optuna_trial_32
2026-06-07T11:24:44.826718,Optuna,optuna_20260607_110306,32,29,35,671,86.13400874569517,1094.354003331769,37.736344942474794,0.03290581211338026,515.78,1,ok,,DQN\dqn_model_optuna_trial_32
2026-06-07T11:24:47.054978,Optuna,optuna_20260607_110306,32,30,35,671,38.75858344846947,1133.1125867802384,37.77041955934128,0.03290581211338026,516.59,1,ok,,DQN\dqn_model_optuna_trial_32
2026-06-07T11:24:49.248970,Optuna,optuna_20260607_110306,32,31,35,671,16.32957809429098,1149.4421648745295,37.078779512081596,0.03290581211338026,517.52,1,ok,,DQN\dqn_model_optuna_trial_32
2026-06-07T11:24:51.444074,Optuna,optuna_20260607_110306,32,32,35,671,34.15326523856817,1183.5954301130976,36.9873571910343,0.03290581211338026,518.34,1,ok,,DQN\dqn_model_optuna_trial_32
2026-06-07T11:24:53.640244,Optuna,optuna_20260607_110306,32,33,35,671,27.180409955216057,1210.7758400683135,36.69017697176707,0.03290581211338026,519.22,1,ok,,DQN\dqn_model_optuna_trial_32
2026-06-07T11:24:55.904922,Optuna,optuna_20260607_110306,32,34,35,671,36.53597628106864,1247.311816349382,36.68564165733477,0.03290581211338026,520.1,1,ok,,DQN\dqn_model_optuna_trial_32
2026-06-07T11:24:58.186213,Optuna,optuna_20260607_110306,32,35,35,671,55.93047314978145,1303.2422894991635,37.23549398569038,0.03290581211338026,520.98,1,ok,,DQN\dqn_model_optuna_trial_32
2026-06-07T11:24:59.449806,Optuna,optuna_20260607_110306,33,1,35,671,-0.7999878772904445,-0.7999878772904445,-0.7999878772904445,0.7759461671652947,491.62,1,ok,,DQN\dqn_model_optuna_trial_33
2026-06-07T11:25:01.407555,Optuna,optuna_20260607_110306,33,2,35,671,6.623917383036336,5.823929505745891,2.9119647528729455,0.7039957257025727,492.51,1,ok,,DQN\dqn_model_optuna_trial_33
2026-06-07T11:25:03.723577,Optuna,optuna_20260607_110306,33,3,35,671,24.654795213492307,30.478724719238198,10.159574906412733,0.6320452842398507,493.38,1,ok,,DQN\dqn_model_optuna_trial_33
2026-06-07T11:25:06.318152,Optuna,optuna_20260607_110306,33,4,35,671,31.95646476506511,62.43518948430331,15.608797371075827,0.5600948427771287,494.27,1,ok,,DQN\dqn_model_optuna_trial_33
2026-06-07T11:25:08.391888,Optuna,optuna_20260607_110306,33,5,35,671,14.59489198515367,77.03008146945697,15.406016293891394,0.48814440131440673,495.09,1,ok,,DQN\dqn_model_optuna_trial_33
2026-06-07T11:25:10.499610,Optuna,optuna_20260607_110306,33,6,35,671,22.078228819741952,99.10831028919893,16.518051714866488,0.4161939598516847,495.96,1,ok,,DQN\dqn_model_optuna_trial_33
2026-06-07T11:25:12.542058,Optuna,optuna_20260607_110306,33,7,35,671,20.03800410135725,119.14631439055617,17.020902055793737,0.3442435183889627,496.84,1,ok,,DQN\dqn_model_optuna_trial_33
2026-06-07T11:25:14.588504,Optuna,optuna_20260607_110306,33,8,35,671,107.7207883186263,226.86710270918246,28.358387838647808,0.2722930769262407,497.66,1,ok,,DQN\dqn_model_optuna_trial_33
2026-06-07T11:25:16.725936,Optuna,optuna_20260607_110306,33,9,35,671,23.37172251000594,250.2388252191884,27.804313913243156,0.20034263546350584,498.54,1,ok,,DQN\dqn_model_optuna_trial_33
2026-06-07T11:25:18.856001,Optuna,optuna_20260607_110306,33,10,35,671,27.072740752687107,277.3115659718755,27.73115659718755,0.1283921940007652,499.42,1,ok,,DQN\dqn_model_optuna_trial_33
2026-06-07T11:25:20.934027,Optuna,optuna_20260607_110306,33,11,35,671,309.34293223303837,586.6544982049138,53.33222710953762,0.05644175253802498,500.24,1,ok,,DQN\dqn_model_optuna_trial_33
2026-06-07T11:25:23.126994,Optuna,optuna_20260607_110306,33,12,35,671,39.978202244677256,626.6327004495911,52.21939170413259,0.03550893121296632,501.12,1,ok,,DQN\dqn_model_optuna_trial_33
2026-06-07T11:25:25.281958,Optuna,optuna_20260607_110306,33,13,35,671,23.530796001445246,650.1634964510363,50.012576650079716,0.03550893121296632,502.0,1,ok,,DQN\dqn_model_optuna_trial_33
2026-06-07T11:25:27.385552,Optuna,optuna_20260607_110306,33,14,35,671,15.187631419989515,665.3511278710258,47.52508056221613,0.03550893121296632,502.82,1,ok,,DQN\dqn_model_optuna_trial_33
2026-06-07T11:25:29.508560,Optuna,optuna_20260607_110306,33,15,35,671,20.825487462070033,686.1766153330958,45.745107688873055,0.03550893121296632,503.7,1,ok,,DQN\dqn_model_optuna_trial_33
2026-06-07T11:25:31.713687,Optuna,optuna_20260607_110306,33,16,35,671,18.771125022103924,704.9477403551997,44.05923377219998,0.03550893121296632,504.58,1,ok,,DQN\dqn_model_optuna_trial_33
2026-06-07T11:25:33.847896,Optuna,optuna_20260607_110306,33,17,35,671,43.36890019498916,748.3166405501888,44.01862591471699,0.03550893121296632,505.46,1,ok,,DQN\dqn_model_optuna_trial_33
2026-06-07T11:25:35.979641,Optuna,optuna_20260607_110306,33,18,35,671,315.22710349792004,1063.543744048109,59.08576355822827,0.03550893121296632,506.27,1,ok,,DQN\dqn_model_optuna_trial_33
2026-06-07T11:25:38.127863,Optuna,optuna_20260607_110306,33,19,35,671,24.54407829867846,1088.0878223467873,57.267780123515124,0.03550893121296632,507.16,1,ok,,DQN\dqn_model_optuna_trial_33
2026-06-07T11:25:40.269760,Optuna,optuna_20260607_110306,33,20,35,671,39.72436457358634,1127.8121869203737,56.390609346018685,0.03550893121296632,507.98,1,ok,,DQN\dqn_model_optuna_trial_33
2026-06-07T11:25:42.412477,Optuna,optuna_20260607_110306,33,21,35,671,39.22179613764159,1167.0339830580153,55.57304681228644,0.03550893121296632,508.85,1,ok,,DQN\dqn_model_optuna_trial_33
2026-06-07T11:25:44.655783,Optuna,optuna_20260607_110306,33,22,35,671,40.59891495850679,1207.6328980165222,54.892404455296465,0.03550893121296632,509.73,1,ok,,DQN\dqn_model_optuna_trial_33
2026-06-07T11:25:46.805708,Optuna,optuna_20260607_110306,33,23,35,671,51.930336902856276,1259.5632349193784,54.76361890953819,0.03550893121296632,510.62,1,ok,,DQN\dqn_model_optuna_trial_33
2026-06-07T11:25:49.005626,Optuna,optuna_20260607_110306,33,24,35,671,42.43478568451015,1301.9980206038886,54.249917525162026,0.03550893121296632,511.43,1,ok,,DQN\dqn_model_optuna_trial_33
2026-06-07T11:25:51.146090,Optuna,optuna_20260607_110306,33,25,35,671,70.80098212307836,1372.7990027269668,54.91196010907867,0.03550893121296632,512.31,1,ok,,DQN\dqn_model_optuna_trial_33
2026-06-07T11:25:53.276960,Optuna,optuna_20260607_110306,33,26,35,671,31.254303355746273,1404.053306082713,54.002050233950506,0.03550893121296632,513.19,1,ok,,DQN\dqn_model_optuna_trial_33
2026-06-07T11:25:55.491056,Optuna,optuna_20260607_110306,33,27,35,671,17.086037167961372,1421.1393432506745,52.634790490765724,0.03550893121296632,514.07,1,ok,,DQN\dqn_model_optuna_trial_33
2026-06-07T11:25:57.709546,Optuna,optuna_20260607_110306,33,28,35,671,25.609219071714502,1446.748562322389,51.66959151151389,0.03550893121296632,514.95,1,ok,,DQN\dqn_model_optuna_trial_33
2026-06-07T11:25:59.945189,Optuna,optuna_20260607_110306,33,29,35,671,21.72823755579987,1468.476799878189,50.63713103028238,0.03550893121296632,515.82,1,ok,,DQN\dqn_model_optuna_trial_33
2026-06-07T11:26:02.200436,Optuna,optuna_20260607_110306,33,30,35,671,22.80275566151338,1491.2795555397024,49.70931851799008,0.03550893121296632,516.64,1,ok,,DQN\dqn_model_optuna_trial_33
2026-06-07T11:26:04.465543,Optuna,optuna_20260607_110306,33,31,35,671,33.36110897493682,1524.6406645146392,49.18195691982707,0.03550893121296632,517.52,1,ok,,DQN\dqn_model_optuna_trial_33
2026-06-07T11:26:06.773404,Optuna,optuna_20260607_110306,33,32,35,671,41.2032118695088,1565.843876384148,48.932621137004624,0.03550893121296632,518.33,1,ok,,DQN\dqn_model_optuna_trial_33
2026-06-07T11:26:09.034538,Optuna,optuna_20260607_110306,33,33,35,671,52.331631806304756,1618.1755081904528,49.03562146031675,0.03550893121296632,519.2,1,ok,,DQN\dqn_model_optuna_trial_33
2026-06-07T11:26:11.316546,Optuna,optuna_20260607_110306,33,34,35,671,34.50566663321614,1652.681174823669,48.60826984775497,0.03550893121296632,520.09,1,ok,,DQN\dqn_model_optuna_trial_33
2026-06-07T11:26:13.648039,Optuna,optuna_20260607_110306,33,35,35,671,17.773637937972467,1670.4548127616413,47.72728036461832,0.03550893121296632,520.96,1,ok,,DQN\dqn_model_optuna_trial_33
2026-06-07T11:26:14.580529,Optuna,optuna_20260607_110306,34,1,35,671,4.391761067363206,4.391761067363206,4.391761067363206,0.8022581287018029,491.68,1,ok,,DQN\dqn_model_optuna_trial_34
2026-06-07T11:26:16.660836,Optuna,optuna_20260607_110306,34,2,35,671,7.314656184367206,11.706417251730413,5.853208625865206,0.7262876586741575,492.56,1,ok,,DQN\dqn_model_optuna_trial_34
2026-06-07T11:26:18.725725,Optuna,optuna_20260607_110306,34,3,35,671,12.386449075858046,24.09286632758846,8.030955442529487,0.650317188646512,493.37,1,ok,,DQN\dqn_model_optuna_trial_34
2026-06-07T11:26:20.793465,Optuna,optuna_20260607_110306,34,4,35,671,6.187731097124524,30.280597424712983,7.570149356178246,0.5743467186188665,494.25,1,ok,,DQN\dqn_model_optuna_trial_34
2026-06-07T11:26:22.849527,Optuna,optuna_20260607_110306,34,5,35,671,16.37405562118191,46.65465304589489,9.330930609178978,0.4983762485912211,495.14,1,ok,,DQN\dqn_model_optuna_trial_34
2026-06-07T11:26:24.984653,Optuna,optuna_20260607_110306,34,6,35,671,222.69603380518095,269.3506868510758,44.89178114184597,0.42240577856357564,495.95,1,ok,,DQN\dqn_model_optuna_trial_34
2026-06-07T11:26:27.125908,Optuna,optuna_20260607_110306,34,7,35,671,59.560619823186634,328.91130667426245,46.98732952489463,0.3464353085359302,496.83,1,ok,,DQN\dqn_model_optuna_trial_34
2026-06-07T11:26:29.290186,Optuna,optuna_20260607_110306,34,8,35,671,13.953852048754388,342.86515872301686,42.85814484037711,0.27046483850828473,497.71,1,ok,,DQN\dqn_model_optuna_trial_34
2026-06-07T11:26:31.491412,Optuna,optuna_20260607_110306,34,9,35,671,28.373379297686053,371.2385380207029,41.24872644674477,0.19449436848062565,498.53,1,ok,,DQN\dqn_model_optuna_trial_34
2026-06-07T11:26:33.804728,Optuna,optuna_20260607_110306,34,10,35,671,28.50882808320865,399.74736610391153,39.974736610391155,0.11852389845296238,499.41,1,ok,,DQN\dqn_model_optuna_trial_34
2026-06-07T11:26:36.158999,Optuna,optuna_20260607_110306,34,11,35,671,16.08324453957203,415.83061064348357,37.802782785771235,0.04255342842530761,500.29,1,ok,,DQN\dqn_model_optuna_trial_34
2026-06-07T11:26:38.427018,Optuna,optuna_20260607_110306,34,12,35,671,31.923044214397837,447.75365485788143,37.31280457149012,0.01864221091332785,501.11,1,ok,,DQN\dqn_model_optuna_trial_34
2026-06-07T11:26:40.637518,Optuna,optuna_20260607_110306,34,13,35,671,34.5315543659087,482.2852092237901,37.09886224798385,0.01864221091332785,501.99,1,ok,,DQN\dqn_model_optuna_trial_34
2026-06-07T11:26:42.934908,Optuna,optuna_20260607_110306,34,14,35,671,26.939806028485947,509.2250152522761,36.37321537516258,0.01864221091332785,502.87,1,ok,,DQN\dqn_model_optuna_trial_34
2026-06-07T11:26:45.272847,Optuna,optuna_20260607_110306,34,15,35,671,69.93793450533997,579.162949757616,38.610863317174406,0.01864221091332785,503.68,1,ok,,DQN\dqn_model_optuna_trial_34
2026-06-07T11:26:47.860168,Optuna,optuna_20260607_110306,34,16,35,671,304.58638750392817,883.7493372615443,55.23433357884652,0.01864221091332785,504.57,1,ok,,DQN\dqn_model_optuna_trial_34
2026-06-07T11:26:50.136613,Optuna,optuna_20260607_110306,34,17,35,671,39.69323827307476,923.442575534619,54.32015150203641,0.01864221091332785,505.45,1,ok,,DQN\dqn_model_optuna_trial_34
2026-06-07T11:26:52.446554,Optuna,optuna_20260607_110306,34,18,35,671,21.853373790805563,945.2959493254245,52.516441629190254,0.01864221091332785,506.26,1,ok,,DQN\dqn_model_optuna_trial_34
2026-06-07T11:26:54.750554,Optuna,optuna_20260607_110306,34,19,35,671,1.8492034878749541,947.1451528132995,49.8497448849105,0.01864221091332785,507.14,1,ok,,DQN\dqn_model_optuna_trial_34
2026-06-07T11:26:57.097212,Optuna,optuna_20260607_110306,34,20,35,671,36.039527778988614,983.1846805922881,49.15923402961441,0.01864221091332785,508.03,1,ok,,DQN\dqn_model_optuna_trial_34
2026-06-07T11:26:59.380392,Optuna,optuna_20260607_110306,34,21,35,671,22.067491656609935,1005.2521722488981,47.869151059471335,0.01864221091332785,508.9,1,ok,,DQN\dqn_model_optuna_trial_34
2026-06-07T11:27:01.754838,Optuna,optuna_20260607_110306,34,22,35,671,38.75149623025966,1044.0036684791578,47.454712203598085,0.01864221091332785,509.72,1,ok,,DQN\dqn_model_optuna_trial_34
2026-06-07T11:27:04.144532,Optuna,optuna_20260607_110306,34,23,35,671,174.6061297168302,1218.6097981959879,52.983034704173384,0.01864221091332785,510.61,1,ok,,DQN\dqn_model_optuna_trial_34
2026-06-07T11:27:06.518211,Optuna,optuna_20260607_110306,34,24,35,671,29.510590928689897,1248.1203891246778,52.00501621352824,0.01864221091332785,511.42,1,ok,,DQN\dqn_model_optuna_trial_34
2026-06-07T11:27:08.905966,Optuna,optuna_20260607_110306,34,25,35,671,26.613095479419602,1274.7334846040974,50.9893393841639,0.01864221091332785,512.36,1,ok,,DQN\dqn_model_optuna_trial_34
2026-06-07T11:27:11.279848,Optuna,optuna_20260607_110306,34,26,35,671,0.7150468922077174,1275.4485314963051,49.05571274985789,0.01864221091332785,513.24,1,ok,,DQN\dqn_model_optuna_trial_34
2026-06-07T11:27:13.676797,Optuna,optuna_20260607_110306,34,27,35,671,12.001133103174972,1287.44966459948,47.683320911091855,0.01864221091332785,514.11,1,ok,,DQN\dqn_model_optuna_trial_34
2026-06-07T11:27:16.024543,Optuna,optuna_20260607_110306,34,28,35,671,16.27426837770786,1303.7239329771878,46.56156903489956,0.01864221091332785,514.93,1,ok,,DQN\dqn_model_optuna_trial_34
2026-06-07T11:27:18.407064,Optuna,optuna_20260607_110306,34,29,35,671,36.842830962605404,1340.5667639397932,46.226440135854936,0.01864221091332785,515.81,1,ok,,DQN\dqn_model_optuna_trial_34
2026-06-07T11:27:20.816543,Optuna,optuna_20260607_110306,34,30,35,671,34.9232039430308,1375.489967882824,45.849665596094134,0.01864221091332785,516.62,1,ok,,DQN\dqn_model_optuna_trial_34
2026-06-07T11:27:23.252187,Optuna,optuna_20260607_110306,34,31,35,671,24.904792578457258,1400.3947604612813,45.174024531009074,0.01864221091332785,517.5,1,ok,,DQN\dqn_model_optuna_trial_34
2026-06-07T11:27:25.674071,Optuna,optuna_20260607_110306,34,32,35,671,39.40970352756201,1439.8044639888433,44.99388949965135,0.01864221091332785,518.38,1,ok,,DQN\dqn_model_optuna_trial_34
2026-06-07T11:27:28.088142,Optuna,optuna_20260607_110306,34,33,35,671,0.25072895762663205,1440.05519294647,43.63803614989303,0.01864221091332785,519.25,1,ok,,DQN\dqn_model_optuna_trial_34
2026-06-07T11:27:30.464349,Optuna,optuna_20260607_110306,34,34,35,671,49.002458863608005,1489.057651810078,43.795813288531704,0.01864221091332785,520.13,1,ok,,DQN\dqn_model_optuna_trial_34
2026-06-07T11:27:32.920283,Optuna,optuna_20260607_110306,34,35,35,671,30.262158524388997,1519.3198103344669,43.40913743812762,0.01864221091332785,521.0,1,ok,,DQN\dqn_model_optuna_trial_34
2026-06-07T11:27:33.820736,Optuna,optuna_20260607_110306,35,1,35,671,0.5078331367310835,0.5078331367310835,0.5078331367310835,0.8027293562777176,491.64,1,ok,,DQN\dqn_model_optuna_trial_35
2026-06-07T11:27:35.803694,Optuna,optuna_20260607_110306,35,2,35,671,16.330889406417146,16.83872254314823,8.419361271574115,0.7292516488006923,492.53,1,ok,,DQN\dqn_model_optuna_trial_35
2026-06-07T11:27:37.843309,Optuna,optuna_20260607_110306,35,3,35,671,8.095792885553657,24.934515428701886,8.311505142900629,0.655773941323667,493.4,1,ok,,DQN\dqn_model_optuna_trial_35
2026-06-07T11:27:39.927438,Optuna,optuna_20260607_110306,35,4,35,671,5.735605009319807,30.67012043802169,7.667530109505423,0.5822962338466416,494.29,1,ok,,DQN\dqn_model_optuna_trial_35
2026-06-07T11:27:42.141521,Optuna,optuna_20260607_110306,35,5,35,671,15.30931668479782,45.97943712281951,9.195887424563903,0.5088185263696163,495.1,1,ok,,DQN\dqn_model_optuna_trial_35
2026-06-07T11:27:44.678360,Optuna,optuna_20260607_110306,35,6,35,671,15.659646285085651,61.63908340790516,10.273180567984193,0.435340818892591,495.98,1,ok,,DQN\dqn_model_optuna_trial_35
2026-06-07T11:27:45.622669,Optuna,optuna_20260607_110306,36,1,35,671,1.2581519999377115,1.2581519999377115,1.2581519999377115,0.8084859312650035,491.73,1,ok,,DQN\dqn_model_optuna_trial_36
2026-06-07T11:27:47.567555,Optuna,optuna_20260607_110306,36,2,35,671,10.051481520316095,11.309633520253806,5.654816760126903,0.7116949272898997,492.48,1,ok,,DQN\dqn_model_optuna_trial_36
2026-06-07T11:27:49.551562,Optuna,optuna_20260607_110306,36,3,35,671,5.142476776458851,16.452110296712657,5.4840367655708855,0.6149039233147959,493.36,1,ok,,DQN\dqn_model_optuna_trial_36
2026-06-07T11:27:51.537820,Optuna,optuna_20260607_110306,36,4,35,671,18.57463536169057,35.02674565840323,8.756686414600807,0.5181129193396922,494.24,1,ok,,DQN\dqn_model_optuna_trial_36
2026-06-07T11:27:53.552283,Optuna,optuna_20260607_110306,36,5,35,671,9.650621183500936,44.67736684190417,8.935473368380833,0.4213219153646187,495.12,1,ok,,DQN\dqn_model_optuna_trial_36
2026-06-07T11:27:55.574706,Optuna,optuna_20260607_110306,36,6,35,671,16.93911391703906,61.616480758943226,10.269413459823872,0.3245309113895522,496.0,1,ok,,DQN\dqn_model_optuna_trial_36
2026-06-07T11:27:56.520414,Optuna,optuna_20260607_110306,37,1,35,671,7.449278578307328,7.449278578307328,7.449278578307328,0.8563186310746899,497.21,1,ok,,DQN\dqn_model_optuna_trial_37
2026-06-07T11:27:58.587818,Optuna,optuna_20260607_110306,37,2,35,671,1.3018960127204877,8.751174591027816,4.375587295513908,0.7972655383193451,498.21,1,ok,,DQN\dqn_model_optuna_trial_37
2026-06-07T11:28:00.728278,Optuna,optuna_20260607_110306,37,3,35,671,9.309007721262931,18.06018231229075,6.020060770763583,0.7382124455640003,499.09,1,ok,,DQN\dqn_model_optuna_trial_37
2026-06-07T11:28:02.901146,Optuna,optuna_20260607_110306,37,4,35,671,18.615759268584107,36.675941580874856,9.168985395218714,0.6791593528086556,499.97,1,ok,,DQN\dqn_model_optuna_trial_37
2026-06-07T11:28:05.090494,Optuna,optuna_20260607_110306,37,5,35,671,13.140665870592136,49.81660745146699,9.9633214902934,0.6201062600533108,500.86,1,ok,,DQN\dqn_model_optuna_trial_37
2026-06-07T11:28:07.348820,Optuna,optuna_20260607_110306,37,6,35,671,19.037925161715634,68.85453261318263,11.475755435530438,0.5610531672979661,501.67,1,ok,,DQN\dqn_model_optuna_trial_37
2026-06-07T11:28:08.319747,Optuna,optuna_20260607_110306,38,1,35,671,-1.7216524138006537,-1.7216524138006537,-1.7216524138006537,0.7967621836843228,492.4,1,ok,,DQN\dqn_model_optuna_trial_38
2026-06-07T11:28:10.245738,Optuna,optuna_20260607_110306,38,2,35,671,4.162460640590597,2.440808226789943,1.2204041133949715,0.7190424961870878,493.29,1,ok,,DQN\dqn_model_optuna_trial_38
2026-06-07T11:28:12.187741,Optuna,optuna_20260607_110306,38,3,35,671,16.1939950807601,18.634803307550044,6.211601102516681,0.6413228086898528,494.1,1,ok,,DQN\dqn_model_optuna_trial_38
2026-06-07T11:28:14.170327,Optuna,optuna_20260607_110306,38,4,35,671,8.139803529029033,26.774606836579075,6.693651709144769,0.5636031211926178,494.98,1,ok,,DQN\dqn_model_optuna_trial_38
2026-06-07T11:28:16.128302,Optuna,optuna_20260607_110306,38,5,35,671,13.104953125641895,39.879559962220966,7.9759119924441935,0.485883433695376,495.86,1,ok,,DQN\dqn_model_optuna_trial_38
2026-06-07T11:28:18.115336,Optuna,optuna_20260607_110306,38,6,35,671,30.872684103668362,70.75224406588933,11.792040677648222,0.40816374619810375,496.68,1,ok,,DQN\dqn_model_optuna_trial_38
2026-06-07T11:28:19.038932,Optuna,optuna_20260607_110306,39,1,35,671,0.22518679069915723,0.22518679069915723,0.22518679069915723,0.7900121437377682,497.56,1,ok,,DQN\dqn_model_optuna_trial_39
2026-06-07T11:28:21.145696,Optuna,optuna_20260607_110306,39,2,35,671,-153.96903750234293,-153.74385071164377,-76.87192535582189,0.7379884642577645,498.51,1,ok,,DQN\dqn_model_optuna_trial_39
2026-06-07T11:28:23.496652,Optuna,optuna_20260607_110306,39,3,35,671,1.7191826361795801,-152.0246680754642,-50.674889358488066,0.6859647847777609,499.38,1,ok,,DQN\dqn_model_optuna_trial_39
2026-06-07T11:28:25.740532,Optuna,optuna_20260607_110306,39,4,35,671,1.404183761832895,-150.62048431363132,-37.65512107840783,0.6339411052977573,500.27,1,ok,,DQN\dqn_model_optuna_trial_39
2026-06-07T11:28:28.057869,Optuna,optuna_20260607_110306,39,5,35,671,-0.4300705538956875,-151.050554867527,-30.2101109735054,0.5819174258177536,501.15,1,ok,,DQN\dqn_model_optuna_trial_39
2026-06-07T11:28:30.291496,Optuna,optuna_20260607_110306,39,6,35,671,3.117009621224592,-147.93354524630243,-24.655590874383737,0.52989374633775,502.09,1,ok,,DQN\dqn_model_optuna_trial_39
2026-06-07T11:28:30.844216,Optuna,optuna_20260607_110306,40,1,35,671,9.728183172080502,9.728183172080502,9.728183172080502,0.9287940711302649,493.17,1,ok,,DQN\dqn_model_optuna_trial_40
2026-06-07T11:28:32.852495,Optuna,optuna_20260607_110306,40,2,35,671,-0.8454986403378633,8.882684531742639,4.441342265871319,0.8227174994629398,493.99,1,ok,,DQN\dqn_model_optuna_trial_40
2026-06-07T11:28:34.812411,Optuna,optuna_20260607_110306,40,3,35,671,11.946984401865397,20.829668933608033,6.943222977869344,0.7166409277956147,494.87,1,ok,,DQN\dqn_model_optuna_trial_40
2026-06-07T11:28:36.841860,Optuna,optuna_20260607_110306,40,4,35,671,7.386728156665792,28.216397090273826,7.054099272568457,0.6105643561282896,495.75,1,ok,,DQN\dqn_model_optuna_trial_40
2026-06-07T11:28:38.849154,Optuna,optuna_20260607_110306,40,5,35,671,21.498243753238462,49.714640843512285,9.942928168702457,0.5044877844609645,496.63,1,ok,,DQN\dqn_model_optuna_trial_40
2026-06-07T11:28:40.838691,Optuna,optuna_20260607_110306,40,6,35,671,17.270044565881385,66.98468540939368,11.164114234898946,0.39841121279360375,497.45,1,ok,,DQN\dqn_model_optuna_trial_40
2026-06-07T11:28:42.061126,Optuna,optuna_20260607_110306,41,1,35,671,7.620027302965238,7.620027302965238,7.620027302965238,0.7904600981189157,498.38,1,ok,,DQN\dqn_model_optuna_trial_41
2026-06-07T11:28:43.891327,Optuna,optuna_20260607_110306,41,2,35,671,9.68269594678409,17.302723249749327,8.651361624874664,0.7462434094345247,499.27,1,ok,,DQN\dqn_model_optuna_trial_41
2026-06-07T11:28:45.818446,Optuna,optuna_20260607_110306,41,3,35,671,3.8048822134756586,21.107605463224985,7.035868487741662,0.7020267207501337,500.08,1,ok,,DQN\dqn_model_optuna_trial_41
2026-06-07T11:28:47.745863,Optuna,optuna_20260607_110306,41,4,35,671,9.313262105639192,30.420867568864175,7.605216892216044,0.6578100320657427,500.96,1,ok,,DQN\dqn_model_optuna_trial_41
2026-06-07T11:28:49.733198,Optuna,optuna_20260607_110306,41,5,35,671,11.705019972843644,42.12588754170782,8.425177508341564,0.6135933433813517,501.78,1,ok,,DQN\dqn_model_optuna_trial_41
2026-06-07T11:28:51.737760,Optuna,optuna_20260607_110306,41,6,35,671,20.8133907414781,62.939278283185914,10.489879713864319,0.5693766546969607,502.66,1,ok,,DQN\dqn_model_optuna_trial_41
2026-06-07T11:28:52.956329,Optuna,optuna_20260607_110306,42,1,35,671,2.6191707191435385,2.6191707191435385,2.6191707191435385,0.7914466388075062,493.12,1,ok,,DQN\dqn_model_optuna_trial_42
2026-06-07T11:28:54.932946,Optuna,optuna_20260607_110306,42,2,35,671,11.556004160746138,14.175174879889676,7.087587439944838,0.757772757126057,494.0,1,ok,,DQN\dqn_model_optuna_trial_42
2026-06-07T11:28:56.946795,Optuna,optuna_20260607_110306,42,3,35,671,9.09393396980866,23.269108849698334,7.756369616566111,0.7240988754446077,494.88,1,ok,,DQN\dqn_model_optuna_trial_42
2026-06-07T11:28:58.977624,Optuna,optuna_20260607_110306,42,4,35,671,5.472083799393097,28.74119264909143,7.185298162272858,0.6904249937631585,495.76,1,ok,,DQN\dqn_model_optuna_trial_42
2026-06-07T11:29:00.979722,Optuna,optuna_20260607_110306,42,5,35,671,15.606930136604484,44.348122785695914,8.869624557139183,0.6567511120817092,496.58,1,ok,,DQN\dqn_model_optuna_trial_42
2026-06-07T11:29:03.061272,Optuna,optuna_20260607_110306,42,6,35,671,9.140836108371062,53.488958894066975,8.914826482344496,0.62307723040026,497.46,1,ok,,DQN\dqn_model_optuna_trial_42
2026-06-07T11:29:04.031013,Optuna,optuna_20260607_110306,43,1,35,671,2.93138871055364,2.93138871055364,2.93138871055364,0.7967629745570354,498.53,1,ok,,DQN\dqn_model_optuna_trial_43
2026-06-07T11:29:06.019366,Optuna,optuna_20260607_110306,43,2,35,671,9.520171388410796,12.451560098964435,6.225780049482218,0.7300182431026944,499.54,1,ok,,DQN\dqn_model_optuna_trial_43
2026-06-07T11:29:08.087835,Optuna,optuna_20260607_110306,43,3,35,671,12.673888484145776,25.125448583110213,8.375149527703405,0.6632735116483534,500.41,1,ok,,DQN\dqn_model_optuna_trial_43
2026-06-07T11:29:10.204096,Optuna,optuna_20260607_110306,43,4,35,671,10.679280902876052,35.804729485986265,8.951182371496566,0.5965287801940123,501.17,1,ok,,DQN\dqn_model_optuna_trial_43
2026-06-07T11:29:12.257374,Optuna,optuna_20260607_110306,43,5,35,671,24.08161121330867,59.886340699294934,11.977268139858987,0.5297840487396713,502.05,1,ok,,DQN\dqn_model_optuna_trial_43
2026-06-07T11:29:14.382966,Optuna,optuna_20260607_110306,43,6,35,671,4.805667287766462,64.6920079870614,10.7820013311769,0.4630393172853303,502.93,1,ok,,DQN\dqn_model_optuna_trial_43
2026-06-07T11:29:15.636824,Optuna,optuna_20260607_110306,44,1,35,671,0.2678413784448388,0.2678413784448388,0.2678413784448388,0.8401476857547796,490.01,1,ok,,DQN\dqn_model_optuna_trial_44
2026-06-07T11:29:17.459102,Optuna,optuna_20260607_110306,44,2,35,671,2.7816476132400596,3.0494889916848984,1.5247444958424492,0.8177975237999655,490.89,1,ok,,DQN\dqn_model_optuna_trial_44
2026-06-07T11:29:19.351787,Optuna,optuna_20260607_110306,44,3,35,671,10.783980456615925,13.833469448300823,4.611156482766941,0.7954473618451514,491.77,1,ok,,DQN\dqn_model_optuna_trial_44
2026-06-07T11:29:21.267905,Optuna,optuna_20260607_110306,44,4,35,671,4.949639787036544,18.783109235337367,4.695777308834342,0.7730971998903373,492.65,1,ok,,DQN\dqn_model_optuna_trial_44
2026-06-07T11:29:23.222398,Optuna,optuna_20260607_110306,44,5,35,671,15.396475413313917,34.179584648651286,6.835916929730257,0.7507470379355232,493.53,1,ok,,DQN\dqn_model_optuna_trial_44
2026-06-07T11:29:25.199762,Optuna,optuna_20260607_110306,44,6,35,671,10.524924812608372,44.70450946125966,7.45075157687661,0.7283968759807091,494.28,1,ok,,DQN\dqn_model_optuna_trial_44
2026-06-07T11:29:26.433955,Optuna,optuna_20260607_110306,45,1,35,671,4.982356025293818,4.982356025293818,4.982356025293818,0.8689391802191236,491.89,1,ok,,DQN\dqn_model_optuna_trial_45
2026-06-07T11:29:28.292074,Optuna,optuna_20260607_110306,45,2,35,671,0.950967714855559,5.933323740149377,2.9666618700746885,0.8682518466895952,492.65,1,ok,,DQN\dqn_model_optuna_trial_45
2026-06-07T11:29:30.171604,Optuna,optuna_20260607_110306,45,3,35,671,10.851685510008211,16.78500925015759,5.595003083385863,0.8675645131600668,493.52,1,ok,,DQN\dqn_model_optuna_trial_45
2026-06-07T11:29:32.041546,Optuna,optuna_20260607_110306,45,4,35,671,1.4026713946401217,18.187680644797712,4.546920161199428,0.8668771796305383,494.41,1,ok,,DQN\dqn_model_optuna_trial_45
2026-06-07T11:29:33.954792,Optuna,optuna_20260607_110306,45,5,35,671,2.4347181785410297,20.62239882333874,4.124479764667749,0.8661898461010099,495.29,1,ok,,DQN\dqn_model_optuna_trial_45
2026-06-07T11:29:35.828327,Optuna,optuna_20260607_110306,45,6,35,671,-5.493601597957529,15.128797225381213,2.5214662042302023,0.8655025125714815,496.16,1,ok,,DQN\dqn_model_optuna_trial_45
2026-06-07T11:29:37.309363,Optuna,optuna_20260607_110306,46,1,35,671,13.696481631563266,13.696481631563266,13.696481631563266,0.77360348349787,497.58,1,ok,,DQN\dqn_model_optuna_trial_46
2026-06-07T11:29:39.097288,Optuna,optuna_20260607_110306,46,2,35,671,-3.071708572948805,10.624773058614462,5.312386529307231,0.6879665311128946,498.46,1,ok,,DQN\dqn_model_optuna_trial_46
2026-06-07T11:29:40.882878,Optuna,optuna_20260607_110306,46,3,35,671,20.524556359789155,31.149329418403617,10.38310980613454,0.6023295787279193,499.34,1,ok,,DQN\dqn_model_optuna_trial_46
2026-06-07T11:29:42.665023,Optuna,optuna_20260607_110306,46,4,35,671,20.145187326006667,51.29451674441029,12.823629186102572,0.5166926263429439,500.16,1,ok,,DQN\dqn_model_optuna_trial_46
2026-06-07T11:29:44.442487,Optuna,optuna_20260607_110306,46,5,35,671,25.204238415530433,76.49875515994071,15.299751031988142,0.43105567395799854,501.04,1,ok,,DQN\dqn_model_optuna_trial_46
2026-06-07T11:29:46.412208,Optuna,optuna_20260607_110306,46,6,35,671,19.862435684619665,96.36119084456038,16.060198474093397,0.3454187215730604,501.91,1,ok,,DQN\dqn_model_optuna_trial_46
2026-06-07T11:29:48.317154,Optuna,optuna_20260607_110306,46,7,35,671,12.837474656801222,109.1986655013616,15.599809357337373,0.2597817691881223,502.91,1,ok,,DQN\dqn_model_optuna_trial_46
2026-06-07T11:29:50.168737,Optuna,optuna_20260607_110306,46,8,35,671,59.50145895700973,168.70012445837133,21.087515557296417,0.17414481680318417,503.77,1,ok,,DQN\dqn_model_optuna_trial_46
2026-06-07T11:29:52.052759,Optuna,optuna_20260607_110306,46,9,35,671,247.53747103278434,416.2375954911557,46.248621721239516,0.08850786441824604,504.65,1,ok,,DQN\dqn_model_optuna_trial_46
2026-06-07T11:29:53.939436,Optuna,optuna_20260607_110306,46,10,35,671,8.348410859586396,424.5860063507421,42.458600635074205,0.03741726487839657,505.47,1,ok,,DQN\dqn_model_optuna_trial_46
2026-06-07T11:29:55.855447,Optuna,optuna_20260607_110306,46,11,35,671,31.505440751391482,456.09144710213354,41.46285882746668,0.03741726487839657,506.35,1,ok,,DQN\dqn_model_optuna_trial_46
2026-06-07T11:29:57.771665,Optuna,optuna_20260607_110306,46,12,35,671,43.802688156009786,499.8941352581433,41.65784460484527,0.03741726487839657,507.23,1,ok,,DQN\dqn_model_optuna_trial_46
2026-06-07T11:29:59.702305,Optuna,optuna_20260607_110306,46,13,35,671,47.65774656767214,547.5518818258155,42.11937552506273,0.03741726487839657,508.11,1,ok,,DQN\dqn_model_optuna_trial_46
2026-06-07T11:30:01.650662,Optuna,optuna_20260607_110306,46,14,35,671,35.32211784460627,582.8739996704218,41.63385711931584,0.03741726487839657,508.95,1,ok,,DQN\dqn_model_optuna_trial_46
2026-06-07T11:30:03.632232,Optuna,optuna_20260607_110306,46,15,35,671,19.993357326803253,602.867356997225,40.19115713314833,0.03741726487839657,509.83,1,ok,,DQN\dqn_model_optuna_trial_46
2026-06-07T11:30:05.626192,Optuna,optuna_20260607_110306,46,16,35,671,16.73175147366331,619.5991084708883,38.72494427943052,0.03741726487839657,510.65,1,ok,,DQN\dqn_model_optuna_trial_46
2026-06-07T11:30:07.637816,Optuna,optuna_20260607_110306,46,17,35,671,5.371640373251655,624.97074884414,36.76298522612588,0.03741726487839657,511.54,1,ok,,DQN\dqn_model_optuna_trial_46
2026-06-07T11:30:09.684106,Optuna,optuna_20260607_110306,46,18,35,671,26.009048249280408,650.9797970934204,36.1655442829678,0.03741726487839657,512.41,1,ok,,DQN\dqn_model_optuna_trial_46
2026-06-07T11:30:11.672483,Optuna,optuna_20260607_110306,46,19,35,671,30.385126055793446,681.3649231492138,35.86131174469546,0.03741726487839657,513.29,1,ok,,DQN\dqn_model_optuna_trial_46
2026-06-07T11:30:13.638652,Optuna,optuna_20260607_110306,46,20,35,671,101.46224615562504,782.8271693048389,39.14135846524194,0.03741726487839657,514.11,1,ok,,DQN\dqn_model_optuna_trial_46
2026-06-07T11:30:15.627776,Optuna,optuna_20260607_110306,46,21,35,671,68.81533273594735,851.6425020407862,40.55440485908506,0.03741726487839657,514.99,1,ok,,DQN\dqn_model_optuna_trial_46
2026-06-07T11:30:17.616957,Optuna,optuna_20260607_110306,46,22,35,671,1.3014611690075226,852.9439632097938,38.770180145899715,0.03741726487839657,515.87,1,ok,,DQN\dqn_model_optuna_trial_46
2026-06-07T11:30:19.672821,Optuna,optuna_20260607_110306,46,23,35,671,15.854924216234782,868.7988874260285,37.77386467069689,0.03741726487839657,516.69,1,ok,,DQN\dqn_model_optuna_trial_46
2026-06-07T11:30:21.735627,Optuna,optuna_20260607_110306,46,24,35,671,14.104507615848524,882.903395041877,36.78764146007821,0.03741726487839657,517.57,1,ok,,DQN\dqn_model_optuna_trial_46
2026-06-07T11:30:23.799394,Optuna,optuna_20260607_110306,46,25,35,671,44.63194639844376,927.5353414403208,37.10141365761283,0.03741726487839657,518.45,1,ok,,DQN\dqn_model_optuna_trial_46
2026-06-07T11:30:25.813733,Optuna,optuna_20260607_110306,46,26,35,671,53.26259658804393,980.7979380283648,37.72299761647557,0.03741726487839657,519.27,1,ok,,DQN\dqn_model_optuna_trial_46
2026-06-07T11:30:27.883917,Optuna,optuna_20260607_110306,46,27,35,671,76.42567197985879,1057.2236100082237,39.15643000030458,0.03741726487839657,520.14,1,ok,,DQN\dqn_model_optuna_trial_46
2026-06-07T11:30:29.927661,Optuna,optuna_20260607_110306,46,28,35,671,71.81580680799244,1129.039416816216,40.32283631486486,0.03741726487839657,521.03,1,ok,,DQN\dqn_model_optuna_trial_46
2026-06-07T11:30:32.007307,Optuna,optuna_20260607_110306,46,29,35,671,14.012743865391123,1143.0521606816071,39.41559174764163,0.03741726487839657,521.85,1,ok,,DQN\dqn_model_optuna_trial_46
2026-06-07T11:30:34.138270,Optuna,optuna_20260607_110306,46,30,35,671,28.881970557447065,1171.9341312390543,39.06447104130181,0.03741726487839657,522.72,1,ok,,DQN\dqn_model_optuna_trial_46
2026-06-07T11:30:36.258714,Optuna,optuna_20260607_110306,46,31,35,671,20.349594988951374,1192.2837262280057,38.46076536219373,0.03741726487839657,523.61,1,ok,,DQN\dqn_model_optuna_trial_46
2026-06-07T11:30:38.373455,Optuna,optuna_20260607_110306,46,32,35,671,12.888615436591893,1205.1723416645975,37.66163567701867,0.03741726487839657,524.42,1,ok,,DQN\dqn_model_optuna_trial_46
2026-06-07T11:30:40.512659,Optuna,optuna_20260607_110306,46,33,35,671,8.103708502944535,1213.276050167542,36.76594091416794,0.03741726487839657,525.29,1,ok,,DQN\dqn_model_optuna_trial_46
2026-06-07T11:30:42.624608,Optuna,optuna_20260607_110306,46,34,35,671,25.111045578732554,1238.3870957462746,36.42314987489043,0.03741726487839657,526.18,1,ok,,DQN\dqn_model_optuna_trial_46
2026-06-07T11:30:44.791542,Optuna,optuna_20260607_110306,46,35,35,671,3.048757108571184,1241.4358528548457,35.46959579585273,0.03741726487839657,527.0,1,ok,,DQN\dqn_model_optuna_trial_46
2026-06-07T11:30:45.403256,Optuna,optuna_20260607_110306,47,1,35,671,-2.221741945270508,-2.221741945270508,-2.221741945270508,0.8079750295134772,498.51,1,ok,,DQN\dqn_model_optuna_trial_47
2026-06-07T11:30:47.403620,Optuna,optuna_20260607_110306,47,2,35,671,7.217158003630349,4.995416058359841,2.4977080291799205,0.8051870161671317,499.38,1,ok,,DQN\dqn_model_optuna_trial_47
2026-06-07T11:30:49.388039,Optuna,optuna_20260607_110306,47,3,35,671,12.343182056939998,17.33859811529984,5.779532705099946,0.8023990028207862,500.25,1,ok,,DQN\dqn_model_optuna_trial_47
2026-06-07T11:30:51.485518,Optuna,optuna_20260607_110306,47,4,35,671,-0.33137395894112603,17.007224156358713,4.251806039089678,0.7996109894744408,501.13,1,ok,,DQN\dqn_model_optuna_trial_47
2026-06-07T11:30:53.500536,Optuna,optuna_20260607_110306,47,5,35,671,0.924837335614629,17.932061491973343,3.5864122983946687,0.7968229761280953,502.02,1,ok,,DQN\dqn_model_optuna_trial_47
2026-06-07T11:30:55.563306,Optuna,optuna_20260607_110306,47,6,35,671,4.837181611382346,22.769243103355688,3.794873850559281,0.7940349627817498,502.83,1,ok,,DQN\dqn_model_optuna_trial_47
2026-06-07T11:30:56.975860,Optuna,optuna_20260607_110306,48,1,35,671,-2.541259017187063,-2.541259017187063,-2.541259017187063,0.9596024011767673,496.97,1,ok,,DQN\dqn_model_optuna_trial_48
2026-06-07T11:30:59.300903,Optuna,optuna_20260607_110306,48,2,35,671,-3.2817761123423086,-5.823035129529371,-2.9115175647646856,0.9128783565997719,497.85,1,ok,,DQN\dqn_model_optuna_trial_48
2026-06-07T11:31:01.635579,Optuna,optuna_20260607_110306,48,3,35,671,4.559288730951593,-1.2637463985777782,-0.42124879952592603,0.8661543120227765,498.82,1,ok,,DQN\dqn_model_optuna_trial_48
2026-06-07T11:31:04.100514,Optuna,optuna_20260607_110306,48,4,35,671,3.1475947374288125,1.8838483388510343,0.4709620847127586,0.8194302674457811,499.64,1,ok,,DQN\dqn_model_optuna_trial_48
2026-06-07T11:31:06.538669,Optuna,optuna_20260607_110306,48,5,35,671,7.339599302816349,9.223447641667383,1.8446895283334765,0.7727062228687857,500.52,1,ok,,DQN\dqn_model_optuna_trial_48
2026-06-07T11:31:09.003905,Optuna,optuna_20260607_110306,48,6,35,671,7.793913998954868,17.01736164062225,2.8362269401037086,0.7259821782917902,501.4,1,ok,,DQN\dqn_model_optuna_trial_48
2026-06-07T11:31:09.914426,Optuna,optuna_20260607_110306,49,1,35,671,3.7663561878101985,3.7663561878101985,3.7663561878101985,0.8470173099134257,502.85,1,ok,,DQN\dqn_model_optuna_trial_49
2026-06-07T11:31:11.920102,Optuna,optuna_20260607_110306,49,2,35,671,9.004243951657433,12.770600139467632,6.385300069733816,0.7327426457781095,503.67,1,ok,,DQN\dqn_model_optuna_trial_49
2026-06-07T11:31:13.912517,Optuna,optuna_20260607_110306,49,3,35,671,32.15528346742108,44.92588360688871,14.97529453562957,0.6184679816427934,504.55,1,ok,,DQN\dqn_model_optuna_trial_49
2026-06-07T11:31:16.047395,Optuna,optuna_20260607_110306,49,4,35,671,8.75272515020245,53.67860875709116,13.41965218927279,0.5041933175074772,505.43,1,ok,,DQN\dqn_model_optuna_trial_49
2026-06-07T11:31:18.122258,Optuna,optuna_20260607_110306,49,5,35,671,12.045815003572253,65.72442376066341,13.144884752132683,0.38991865337216103,506.25,1,ok,,DQN\dqn_model_optuna_trial_49
2026-06-07T11:31:20.179060,Optuna,optuna_20260607_110306,49,6,35,671,2.045644294926853,67.77006805559027,11.295011342598379,0.27564398923684486,507.12,1,ok,,DQN\dqn_model_optuna_trial_49
2026-06-07T11:31:22.290967,Optuna,optuna_20260607_110306,49,7,35,671,11.638881210873869,79.40894926646413,11.344135609494876,0.16136932510152868,508.01,1,ok,,DQN\dqn_model_optuna_trial_49
2026-06-07T11:31:23.703255,Optuna,optuna_20260607_110306,50,1,35,671,4.14670815537437,4.14670815537437,4.14670815537437,0.8294054157549852,497.87,1,ok,,DQN\dqn_model_optuna_trial_50
2026-06-07T11:31:25.370724,Optuna,optuna_20260607_110306,50,2,35,671,5.052638114860956,9.199346270235326,4.599673135117663,0.8227040078601439,498.75,1,ok,,DQN\dqn_model_optuna_trial_50
2026-06-07T11:31:27.049720,Optuna,optuna_20260607_110306,50,3,35,671,18.756662281048083,27.95600855128341,9.31866951709447,0.8160025999653026,499.62,1,ok,,DQN\dqn_model_optuna_trial_50
2026-06-07T11:31:28.789463,Optuna,optuna_20260607_110306,50,4,35,671,10.189976562691403,38.14598511397482,9.536496278493704,0.8093011920704613,500.45,1,ok,,DQN\dqn_model_optuna_trial_50
2026-06-07T11:31:30.486336,Optuna,optuna_20260607_110306,50,5,35,671,0.2231697872026106,38.369154901177424,7.6738309802354845,0.80259978417562,501.33,1,ok,,DQN\dqn_model_optuna_trial_50
2026-06-07T11:31:32.189530,Optuna,optuna_20260607_110306,50,6,35,671,6.70775149115045,45.07690639232787,7.512817732054645,0.7958983762807786,502.14,1,ok,,DQN\dqn_model_optuna_trial_50
2026-06-07T11:31:33.681015,Optuna,optuna_20260607_110306,51,1,35,671,22.78515602717038,22.78515602717038,22.78515602717038,0.7793948624700177,503.11,1,ok,,DQN\dqn_model_optuna_trial_51
2026-06-07T11:31:35.444225,Optuna,optuna_20260607_110306,51,2,35,671,23.126761444499188,45.91191747166957,22.955958735834784,0.6996698865100696,503.99,1,ok,,DQN\dqn_model_optuna_trial_51
2026-06-07T11:31:37.193886,Optuna,optuna_20260607_110306,51,3,35,671,5.648919988354798,51.560837460024366,17.186945820008123,0.6199449105501215,504.86,1,ok,,DQN\dqn_model_optuna_trial_51
2026-06-07T11:31:38.951383,Optuna,optuna_20260607_110306,51,4,35,671,8.975811643130564,60.53664910315493,15.134162275788732,0.5402199345901734,505.68,1,ok,,DQN\dqn_model_optuna_trial_51
2026-06-07T11:31:40.780017,Optuna,optuna_20260607_110306,51,5,35,671,7.004186273557463,67.5408353767124,13.50816707534248,0.46049495863024376,506.5,1,ok,,DQN\dqn_model_optuna_trial_51
2026-06-07T11:31:42.560162,Optuna,optuna_20260607_110306,51,6,35,671,19.32654809152991,86.86738346824231,14.477897244707052,0.3807699826703329,507.38,1,ok,,DQN\dqn_model_optuna_trial_51
2026-06-07T11:31:44.408370,Optuna,optuna_20260607_110306,51,7,35,671,31.579473426177607,118.44685689441991,16.920979556345703,0.30104500671042206,508.26,1,ok,,DQN\dqn_model_optuna_trial_51
2026-06-07T11:31:46.293475,Optuna,optuna_20260607_110306,51,8,35,671,29.635411874664992,148.0822687690849,18.51028359613561,0.2213200307505112,509.14,1,ok,,DQN\dqn_model_optuna_trial_51
2026-06-07T11:31:48.362558,Optuna,optuna_20260607_110306,51,9,35,671,11.568232859314826,159.65050162839972,17.738944625377748,0.14159505479060036,510.02,1,ok,,DQN\dqn_model_optuna_trial_51
2026-06-07T11:31:50.289781,Optuna,optuna_20260607_110306,51,10,35,671,25.575645750105174,185.2261473785049,18.52261473785049,0.06187007883068947,510.79,1,ok,,DQN\dqn_model_optuna_trial_51
2026-06-07T11:31:52.268047,Optuna,optuna_20260607_110306,51,11,35,671,44.32629837595217,229.55244575445707,20.868404159496098,0.03577018237725438,511.66,1,ok,,DQN\dqn_model_optuna_trial_51
2026-06-07T11:31:54.218504,Optuna,optuna_20260607_110306,51,12,35,671,20.0415060272699,249.59395178172696,20.79949598181058,0.03577018237725438,512.54,1,ok,,DQN\dqn_model_optuna_trial_51
2026-06-07T11:31:56.170073,Optuna,optuna_20260607_110306,51,13,35,671,30.68325911121812,280.27721089294505,21.559785453303466,0.03577018237725438,513.42,1,ok,,DQN\dqn_model_optuna_trial_51
2026-06-07T11:31:58.141471,Optuna,optuna_20260607_110306,51,14,35,671,385.7446801204889,666.021891013434,47.572992215245286,0.03577018237725438,514.3,1,ok,,DQN\dqn_model_optuna_trial_51
2026-06-07T11:32:00.085509,Optuna,optuna_20260607_110306,51,15,35,671,25.29213134391659,691.3140223573506,46.08760149049004,0.03577018237725438,515.18,1,ok,,DQN\dqn_model_optuna_trial_51
2026-06-07T11:32:02.037613,Optuna,optuna_20260607_110306,51,16,35,671,15.659450766133332,706.9734731234839,44.185842070217745,0.03577018237725438,516.0,1,ok,,DQN\dqn_model_optuna_trial_51
2026-06-07T11:32:04.049490,Optuna,optuna_20260607_110306,51,17,35,671,31.988116334135366,738.9615894576193,43.468328791624664,0.03577018237725438,516.82,1,ok,,DQN\dqn_model_optuna_trial_51
2026-06-07T11:32:06.049569,Optuna,optuna_20260607_110306,51,18,35,671,48.27105463872585,787.2326440963452,43.7351468942414,0.03577018237725438,517.7,1,ok,,DQN\dqn_model_optuna_trial_51
2026-06-07T11:32:08.052251,Optuna,optuna_20260607_110306,51,19,35,671,58.58703831982658,845.8196824161718,44.51682539032483,0.03577018237725438,518.58,1,ok,,DQN\dqn_model_optuna_trial_51
2026-06-07T11:32:10.137171,Optuna,optuna_20260607_110306,51,20,35,671,41.47323405709323,887.292916473265,44.36464582366325,0.03577018237725438,519.46,1,ok,,DQN\dqn_model_optuna_trial_51
2026-06-07T11:32:12.130547,Optuna,optuna_20260607_110306,51,21,35,671,57.72197380577867,945.0148902790437,45.00070906090684,0.03577018237725438,520.34,1,ok,,DQN\dqn_model_optuna_trial_51
2026-06-07T11:32:14.108405,Optuna,optuna_20260607_110306,51,22,35,671,28.303583701039397,973.3184739800831,44.24174881727651,0.03577018237725438,521.22,1,ok,,DQN\dqn_model_optuna_trial_51
2026-06-07T11:32:16.081245,Optuna,optuna_20260607_110306,51,23,35,671,59.637155543945845,1032.955629524029,44.9111143271317,0.03577018237725438,521.98,1,ok,,DQN\dqn_model_optuna_trial_51
2026-06-07T11:32:18.132191,Optuna,optuna_20260607_110306,51,24,35,671,15.888514262878322,1048.8441437869074,43.701839324454475,0.03577018237725438,522.86,1,ok,,DQN\dqn_model_optuna_trial_51
2026-06-07T11:32:20.198163,Optuna,optuna_20260607_110306,51,25,35,671,15.763673539964984,1064.6078173268722,42.58431269307489,0.03577018237725438,523.74,1,ok,,DQN\dqn_model_optuna_trial_51
2026-06-07T11:32:22.433834,Optuna,optuna_20260607_110306,51,26,35,671,49.77356954233764,1114.3813868692098,42.86082257189268,0.03577018237725438,524.62,1,ok,,DQN\dqn_model_optuna_trial_51
2026-06-07T11:32:24.559051,Optuna,optuna_20260607_110306,51,27,35,671,35.40485162626974,1149.7862384954794,42.58467549983257,0.03577018237725438,525.5,1,ok,,DQN\dqn_model_optuna_trial_51
2026-06-07T11:32:26.611752,Optuna,optuna_20260607_110306,51,28,35,671,21.74089799523008,1171.5271364907096,41.8402548746682,0.03577018237725438,526.38,1,ok,,DQN\dqn_model_optuna_trial_51
2026-06-07T11:32:28.733747,Optuna,optuna_20260607_110306,51,29,35,671,35.11895351296358,1206.6460900036732,41.60848586219563,0.03577018237725438,527.2,1,ok,,DQN\dqn_model_optuna_trial_51
2026-06-07T11:32:30.759806,Optuna,optuna_20260607_110306,51,30,35,671,38.59384309201611,1245.2399330956894,41.50799776985631,0.03577018237725438,528.01,1,ok,,DQN\dqn_model_optuna_trial_51
2026-06-07T11:32:32.913492,Optuna,optuna_20260607_110306,51,31,35,671,34.917803724014554,1280.1577368197038,41.29541086515174,0.03577018237725438,528.89,1,ok,,DQN\dqn_model_optuna_trial_51
2026-06-07T11:32:35.065439,Optuna,optuna_20260607_110306,51,32,35,671,43.86391457565926,1324.021651395363,41.375676606105095,0.03577018237725438,529.77,1,ok,,DQN\dqn_model_optuna_trial_51
2026-06-07T11:32:37.195269,Optuna,optuna_20260607_110306,51,33,35,671,134.97852893347647,1459.0001803288396,44.212126676631506,0.03577018237725438,530.65,1,ok,,DQN\dqn_model_optuna_trial_51
2026-06-07T11:32:39.290416,Optuna,optuna_20260607_110306,51,34,35,671,16.91932266258021,1475.91950299142,43.40939714680647,0.03577018237725438,531.54,1,ok,,DQN\dqn_model_optuna_trial_51
2026-06-07T11:32:41.475356,Optuna,optuna_20260607_110306,51,35,35,671,64.95619911292688,1540.8757021043468,44.0250200601242,0.03577018237725438,532.35,1,ok,,DQN\dqn_model_optuna_trial_51
2026-06-07T11:32:43.020728,Optuna,optuna_20260607_110306,52,1,35,671,6.121712204068875,6.121712204068875,6.121712204068875,0.7725818724213657,503.09,1,ok,,DQN\dqn_model_optuna_trial_52
2026-06-07T11:32:45.024438,Optuna,optuna_20260607_110306,52,2,35,671,0.7678011049172515,6.8895133089861265,3.4447566544930632,0.7118820572366387,503.97,1,ok,,DQN\dqn_model_optuna_trial_52
2026-06-07T11:32:46.792673,Optuna,optuna_20260607_110306,52,3,35,671,4.605552345431547,11.495065654417672,3.8316885514725576,0.6511822420519117,504.85,1,ok,,DQN\dqn_model_optuna_trial_52
2026-06-07T11:32:48.591251,Optuna,optuna_20260607_110306,52,4,35,671,24.544391790038816,36.03945744445649,9.009864361114122,0.5904824268671847,505.73,1,ok,,DQN\dqn_model_optuna_trial_52
2026-06-07T11:32:50.429682,Optuna,optuna_20260607_110306,52,5,35,671,21.047471247959344,57.08692869241583,11.417385738483166,0.5297826116824577,506.55,1,ok,,DQN\dqn_model_optuna_trial_52
2026-06-07T11:32:52.266232,Optuna,optuna_20260607_110306,52,6,35,671,14.839813047563771,71.9267417399796,11.987790289996601,0.46908279649773066,507.36,1,ok,,DQN\dqn_model_optuna_trial_52
2026-06-07T11:32:53.824739,Optuna,optuna_20260607_110306,53,1,35,671,4.102461597552949,4.102461597552949,4.102461597552949,0.7336246186098065,492.78,1,ok,,DQN\dqn_model_optuna_trial_53
2026-06-07T11:32:55.593317,Optuna,optuna_20260607_110306,53,2,35,671,2.9221554704175787,7.024617067970528,3.512308533985264,0.600148790297025,493.66,1,ok,,DQN\dqn_model_optuna_trial_53
2026-06-07T11:32:57.361946,Optuna,optuna_20260607_110306,53,3,35,671,25.85823939402744,32.88285646199797,10.960952153999322,0.466672961984234,494.54,1,ok,,DQN\dqn_model_optuna_trial_53
2026-06-07T11:32:59.224475,Optuna,optuna_20260607_110306,53,4,35,671,5.279986501610601,38.16284296360857,9.540710740902142,0.3331971336714152,495.36,1,ok,,DQN\dqn_model_optuna_trial_53
2026-06-07T11:33:01.091272,Optuna,optuna_20260607_110306,53,5,35,671,15.103231549594488,53.26607451320306,10.653214902640611,0.19972130535859633,496.18,1,ok,,DQN\dqn_model_optuna_trial_53
2026-06-07T11:33:02.984013,Optuna,optuna_20260607_110306,53,6,35,671,19.22209057634617,72.48816508954923,12.081360848258205,0.0662454770457816,497.05,1,ok,,DQN\dqn_model_optuna_trial_53
2026-06-07T11:33:04.511490,Optuna,optuna_20260607_110306,54,1,35,671,2.244581597920865,2.244581597920865,2.244581597920865,0.8010862130536901,493.52,1,ok,,DQN\dqn_model_optuna_trial_54
2026-06-07T11:33:06.296393,Optuna,optuna_20260607_110306,54,2,35,671,8.494168731904118,10.738750329824983,5.3693751649124914,0.7645734506866368,494.4,1,ok,,DQN\dqn_model_optuna_trial_54
2026-06-07T11:33:08.069305,Optuna,optuna_20260607_110306,54,3,35,671,2.686912846083146,13.425663175908129,4.475221058636043,0.7280606883195836,495.15,1,ok,,DQN\dqn_model_optuna_trial_54
2026-06-07T11:33:09.977242,Optuna,optuna_20260607_110306,54,4,35,671,10.814338547611655,24.240001723519782,6.0600004308799456,0.6915479259525303,496.04,1,ok,,DQN\dqn_model_optuna_trial_54
2026-06-07T11:33:11.826389,Optuna,optuna_20260607_110306,54,5,35,671,15.887453856996144,40.12745558051593,8.025491116103186,0.6550351635854771,496.92,1,ok,,DQN\dqn_model_optuna_trial_54
2026-06-07T11:33:13.713156,Optuna,optuna_20260607_110306,54,6,35,671,21.51995520166427,61.6474107821802,10.274568463696701,0.6185224012184238,497.79,1,ok,,DQN\dqn_model_optuna_trial_54
2026-06-07T11:33:14.903161,Optuna,optuna_20260607_110306,55,1,35,671,-3.5100749413789987,-3.5100749413789987,-3.5100749413789987,0.8185638456495716,500.07,1,ok,,DQN\dqn_model_optuna_trial_55
2026-06-07T11:33:16.773468,Optuna,optuna_20260607_110306,55,2,35,671,4.914429641882168,1.4043547005031694,0.7021773502515847,0.7308883451795364,500.89,1,ok,,DQN\dqn_model_optuna_trial_55
2026-06-07T11:33:18.637697,Optuna,optuna_20260607_110306,55,3,35,671,27.94196618788608,29.34632088838925,9.782106962796417,0.6432128447095011,501.8,1,ok,,DQN\dqn_model_optuna_trial_55
2026-06-07T11:33:20.458949,Optuna,optuna_20260607_110306,55,4,35,671,33.844394383420486,63.19071527180974,15.797678817952434,0.5555373442394659,502.62,1,ok,,DQN\dqn_model_optuna_trial_55
2026-06-07T11:33:22.341064,Optuna,optuna_20260607_110306,55,5,35,671,6.719103111108633,69.90981838291837,13.981963676583675,0.46786184376943063,503.5,1,ok,,DQN\dqn_model_optuna_trial_55
2026-06-07T11:33:24.265361,Optuna,optuna_20260607_110306,55,6,35,671,24.462070035337717,94.37188841825609,15.72864806970935,0.3801863432993954,504.38,1,ok,,DQN\dqn_model_optuna_trial_55
2026-06-07T11:33:26.136778,Optuna,optuna_20260607_110306,55,7,35,671,25.923690629469952,120.29557904772605,17.185082721103722,0.29251084282936013,505.26,1,ok,,DQN\dqn_model_optuna_trial_55
2026-06-07T11:33:28.054485,Optuna,optuna_20260607_110306,55,8,35,671,22.21885956711023,142.51443861483628,17.814304826854535,0.20483534235933448,506.08,1,ok,,DQN\dqn_model_optuna_trial_55
2026-06-07T11:33:30.054597,Optuna,optuna_20260607_110306,55,9,35,671,7.013416149230471,149.52785476406675,16.614206084896306,0.11715984188931786,506.95,1,ok,,DQN\dqn_model_optuna_trial_55
2026-06-07T11:33:31.512312,Optuna,optuna_20260607_110306,56,1,35,671,6.790441206733176,6.790441206733176,6.790441206733176,0.8090184270670963,495.2,1,ok,,DQN\dqn_model_optuna_trial_56
2026-06-07T11:33:33.244450,Optuna,optuna_20260607_110306,56,2,35,671,10.035453461693395,16.82589466842657,8.412947334213285,0.753783332897227,496.13,1,ok,,DQN\dqn_model_optuna_trial_56
2026-06-07T11:33:35.042156,Optuna,optuna_20260607_110306,56,3,35,671,5.291453226687772,22.117347895114342,7.372449298371447,0.6985482387273577,497.01,1,ok,,DQN\dqn_model_optuna_trial_56
2026-06-07T11:33:36.811018,Optuna,optuna_20260607_110306,56,4,35,671,7.7817419284735925,29.899089823587936,7.474772455896984,0.6433131445574884,497.89,1,ok,,DQN\dqn_model_optuna_trial_56
2026-06-07T11:33:38.567777,Optuna,optuna_20260607_110306,56,5,35,671,15.510206336085687,45.40929615967362,9.081859231934725,0.5880780503876192,498.74,1,ok,,DQN\dqn_model_optuna_trial_56
2026-06-07T11:33:40.412013,Optuna,optuna_20260607_110306,56,6,35,671,8.59002073019435,53.99931688986797,8.999886148311328,0.5328429562177499,499.65,1,ok,,DQN\dqn_model_optuna_trial_56
2026-06-07T11:33:41.665352,Optuna,optuna_20260607_110306,57,1,35,671,3.715570216907976,3.715570216907976,3.715570216907976,0.7910323204374867,501.19,1,ok,,DQN\dqn_model_optuna_trial_57
2026-06-07T11:33:43.590365,Optuna,optuna_20260607_110306,57,2,35,671,-3.032924829097873,0.6826453878101031,0.34132269390505154,0.7655086885542204,502.07,1,ok,,DQN\dqn_model_optuna_trial_57
2026-06-07T11:33:45.567834,Optuna,optuna_20260607_110306,57,3,35,671,7.813563108741617,8.49620849655172,2.8320694988505735,0.739985056670954,502.95,1,ok,,DQN\dqn_model_optuna_trial_57
2026-06-07T11:33:47.525277,Optuna,optuna_20260607_110306,57,4,35,671,2.3250578190372537,10.821266315588973,2.7053165788972433,0.7144614247876877,503.77,1,ok,,DQN\dqn_model_optuna_trial_57
2026-06-07T11:33:49.583720,Optuna,optuna_20260607_110306,57,5,35,671,26.933372988803047,37.75463930439202,7.550927860878405,0.6889377929044214,504.65,1,ok,,DQN\dqn_model_optuna_trial_57
2026-06-07T11:33:51.556625,Optuna,optuna_20260607_110306,57,6,35,671,9.39312589679126,47.14776520118328,7.8579608668638805,0.663414161021155,505.46,1,ok,,DQN\dqn_model_optuna_trial_57
2026-06-07T11:33:52.835147,Optuna,optuna_20260607_110306,58,1,35,671,-277.83425236627147,-277.83425236627147,-277.83425236627147,0.7882689152556691,495.98,1,ok,,DQN\dqn_model_optuna_trial_58
2026-06-07T11:33:54.741650,Optuna,optuna_20260607_110306,58,2,35,671,6.643194013795058,-271.19105835247643,-135.59552917623822,0.7438289093454848,496.74,1,ok,,DQN\dqn_model_optuna_trial_58
2026-06-07T11:33:56.613907,Optuna,optuna_20260607_110306,58,3,35,671,15.005217961049796,-256.1858403914266,-85.39528013047554,0.6993889034353006,497.61,1,ok,,DQN\dqn_model_optuna_trial_58
2026-06-07T11:33:58.523045,Optuna,optuna_20260607_110306,58,4,35,671,16.79263197260878,-239.39320841881784,-59.84830210470446,0.6549488975251163,498.5,1,ok,,DQN\dqn_model_optuna_trial_58
2026-06-07T11:34:00.455235,Optuna,optuna_20260607_110306,58,5,35,671,18.024046934158704,-221.36916148465912,-44.27383229693182,0.610508891614932,499.38,1,ok,,DQN\dqn_model_optuna_trial_58
2026-06-07T11:34:02.362039,Optuna,optuna_20260607_110306,58,6,35,671,16.225869167568682,-205.14329231709044,-34.19054871951507,0.5660688857047478,500.25,1,ok,,DQN\dqn_model_optuna_trial_58
2026-06-07T11:34:03.585435,Optuna,optuna_20260607_110306,59,1,35,671,0.32887017131165625,0.32887017131165625,0.32887017131165625,0.7857481038318945,501.15,1,ok,,DQN\dqn_model_optuna_trial_59
2026-06-07T11:34:05.447450,Optuna,optuna_20260607_110306,59,2,35,671,2.0796366520741207,2.408506823385777,1.2042534116928885,0.7193885965459569,502.03,1,ok,,DQN\dqn_model_optuna_trial_59
2026-06-07T11:34:07.342959,Optuna,optuna_20260607_110306,59,3,35,671,6.734077062033671,9.142583885419448,3.0475279618064826,0.6530290892600192,502.91,1,ok,,DQN\dqn_model_optuna_trial_59
2026-06-07T11:34:09.219852,Optuna,optuna_20260607_110306,59,4,35,671,28.073110489584977,37.215694375004425,9.303923593751106,0.5866695819740816,503.79,1,ok,,DQN\dqn_model_optuna_trial_59
2026-06-07T11:34:11.133972,Optuna,optuna_20260607_110306,59,5,35,671,18.915200788721993,56.13089516372642,11.226179032745284,0.5203100746881439,504.67,1,ok,,DQN\dqn_model_optuna_trial_59
2026-06-07T11:34:13.093195,Optuna,optuna_20260607_110306,59,6,35,671,18.475801091483756,74.60669625521018,12.434449375868363,0.4539505674021804,505.42,1,ok,,DQN\dqn_model_optuna_trial_59
2026-06-07T11:34:14.320348,Optuna,optuna_20260607_110306,60,1,35,671,0.9799888213361088,0.9799888213361088,0.9799888213361088,0.8298480568659962,496.0,1,ok,,DQN\dqn_model_optuna_trial_60
2026-06-07T11:34:15.772164,Optuna,optuna_20260607_110306,60,2,35,671,-0.9304178006427541,0.04957102069335462,0.02478551034667731,0.7349763610953148,496.82,1,ok,,DQN\dqn_model_optuna_trial_60
2026-06-07T11:34:17.266575,Optuna,optuna_20260607_110306,60,3,35,671,1.3909043322695427,1.4404753529628973,0.48015845098763243,0.6401046653246335,497.7,1,ok,,DQN\dqn_model_optuna_trial_60
2026-06-07T11:34:18.813863,Optuna,optuna_20260607_110306,60,4,35,671,5.725765770485744,7.166241123448641,1.7915602808621602,0.5452329695539522,498.58,1,ok,,DQN\dqn_model_optuna_trial_60
2026-06-07T11:34:20.347445,Optuna,optuna_20260607_110306,60,5,35,671,38.5335859284071,45.69982705185574,9.139965410371149,0.4503612737832904,499.4,1,ok,,DQN\dqn_model_optuna_trial_60
2026-06-07T11:34:21.922358,Optuna,optuna_20260607_110306,60,6,35,671,34.30251085054294,80.00233790239868,13.333722983733113,0.3554895780126463,492.9,1,ok,,DQN\dqn_model_optuna_trial_60
2026-06-07T11:34:23.434085,Optuna,optuna_20260607_110306,61,1,35,671,3.4625286292932547,3.4625286292932547,3.4625286292932547,0.7731880859547838,496.86,1,ok,,DQN\dqn_model_optuna_trial_61
2026-06-07T11:34:25.298226,Optuna,optuna_20260607_110306,61,2,35,671,1.8482154832810533,5.310744112574308,2.655372056287154,0.6890252118233056,497.76,1,ok,,DQN\dqn_model_optuna_trial_61
2026-06-07T11:34:27.104581,Optuna,optuna_20260607_110306,61,3,35,671,9.46583575586406,14.776579868438368,4.925526622812789,0.6048623376918273,498.63,1,ok,,DQN\dqn_model_optuna_trial_61
2026-06-07T11:34:28.933129,Optuna,optuna_20260607_110306,61,4,35,671,47.668435372338266,62.445015240776634,15.611253810194158,0.520699463560349,499.52,1,ok,,DQN\dqn_model_optuna_trial_61
2026-06-07T11:34:30.821790,Optuna,optuna_20260607_110306,61,5,35,671,23.522542941888577,85.96755818266521,17.193511636533042,0.43653658942887075,500.9,1,ok,,DQN\dqn_model_optuna_trial_61
2026-06-07T11:34:32.690328,Optuna,optuna_20260607_110306,61,6,35,671,27.76764851231846,113.73520669498367,18.95586778249728,0.3523737152973925,501.95,1,ok,,DQN\dqn_model_optuna_trial_61
2026-06-07T11:34:34.581411,Optuna,optuna_20260607_110306,61,7,35,671,21.198527992317423,134.9337346873011,19.276247812471585,0.2682108411659142,502.77,1,ok,,DQN\dqn_model_optuna_trial_61
2026-06-07T11:34:36.479970,Optuna,optuna_20260607_110306,61,8,35,671,20.31208845344615,155.24582314074723,19.405727892593404,0.18404796703442133,503.65,1,ok,,DQN\dqn_model_optuna_trial_61
2026-06-07T11:34:38.348726,Optuna,optuna_20260607_110306,61,9,35,671,26.81232150493973,182.05814464568698,20.228682738409663,0.09988509290292444,504.46,1,ok,,DQN\dqn_model_optuna_trial_61
2026-06-07T11:34:40.246897,Optuna,optuna_20260607_110306,61,10,35,671,8.404151783669327,190.46229642935631,19.046229642935632,0.03443748882207608,505.34,1,ok,,DQN\dqn_model_optuna_trial_61
2026-06-07T11:34:42.160905,Optuna,optuna_20260607_110306,61,11,35,671,20.360882569026504,210.82317899838282,19.165743545307528,0.03443748882207608,506.23,1,ok,,DQN\dqn_model_optuna_trial_61
2026-06-07T11:34:43.658928,Optuna,optuna_20260607_110306,62,1,35,671,8.068147700328725,8.068147700328725,8.068147700328725,0.7935782798634298,492.45,1,ok,,DQN\dqn_model_optuna_trial_62
2026-06-07T11:34:45.394227,Optuna,optuna_20260607_110306,62,2,35,671,9.407776670434137,17.47592437076286,8.73796218538143,0.7261676585181157,493.34,1,ok,,DQN\dqn_model_optuna_trial_62
2026-06-07T11:34:47.204957,Optuna,optuna_20260607_110306,62,3,35,671,3.0177066501399334,20.493631020902797,6.831210340300932,0.6587570371728017,494.15,1,ok,,DQN\dqn_model_optuna_trial_62
2026-06-07T11:34:49.038287,Optuna,optuna_20260607_110306,62,4,35,671,12.339102426771575,32.83273344767437,8.208183361918593,0.5913464158274876,495.03,1,ok,,DQN\dqn_model_optuna_trial_62
2026-06-07T11:34:50.869147,Optuna,optuna_20260607_110306,62,5,35,671,14.666220537319433,47.498953984993804,9.499790796998761,0.5239357944821735,495.85,1,ok,,DQN\dqn_model_optuna_trial_62
2026-06-07T11:34:52.719189,Optuna,optuna_20260607_110306,62,6,35,671,21.171643004573816,68.67059698956763,11.445099498261271,0.45652517313683544,496.73,1,ok,,DQN\dqn_model_optuna_trial_62
2026-06-07T11:34:54.222142,Optuna,optuna_20260607_110306,63,1,35,671,2.4808389656955465,2.4808389656955465,2.4808389656955465,0.7744914832914539,499.36,1,ok,,DQN\dqn_model_optuna_trial_63
2026-06-07T11:34:55.985187,Optuna,optuna_20260607_110306,63,2,35,671,8.96676022027987,11.447599185975417,5.723799592987708,0.6670241369988096,500.24,1,ok,,DQN\dqn_model_optuna_trial_63
2026-06-07T11:34:57.822094,Optuna,optuna_20260607_110306,63,3,35,671,21.184408987159422,32.632008173134835,10.877336057711611,0.5595567907061653,501.12,1,ok,,DQN\dqn_model_optuna_trial_63
2026-06-07T11:34:59.635862,Optuna,optuna_20260607_110306,63,4,35,671,8.664852672179576,41.29686084531441,10.324215211328603,0.4520894444135376,501.94,1,ok,,DQN\dqn_model_optuna_trial_63
2026-06-07T11:35:01.451190,Optuna,optuna_20260607_110306,63,5,35,671,23.15919444908259,64.456055294397,12.891211058879401,0.34462209812093053,502.82,1,ok,,DQN\dqn_model_optuna_trial_63
2026-06-07T11:35:03.287465,Optuna,optuna_20260607_110306,63,6,35,671,42.89382481591477,107.34988011031177,17.891646685051963,0.23715475182832121,504.09,1,ok,,DQN\dqn_model_optuna_trial_63
2026-06-07T11:35:05.187211,Optuna,optuna_20260607_110306,63,7,35,671,16.834916875991155,124.18479698630293,17.74068528375756,0.12968740553569552,505.0,1,ok,,DQN\dqn_model_optuna_trial_63
2026-06-07T11:35:07.124964,Optuna,optuna_20260607_110306,63,8,35,671,13.278524852385,137.46332183868793,17.18291522983599,0.02307337010545331,505.88,1,ok,,DQN\dqn_model_optuna_trial_63
2026-06-07T11:35:09.078014,Optuna,optuna_20260607_110306,63,9,35,671,53.902163121546245,191.36548496023417,21.262831662248242,0.02307337010545331,506.76,1,ok,,DQN\dqn_model_optuna_trial_63
2026-06-07T11:35:11.035411,Optuna,optuna_20260607_110306,63,10,35,671,15.088942243774218,206.4544272040084,20.64544272040084,0.02307337010545331,507.58,1,ok,,DQN\dqn_model_optuna_trial_63
2026-06-07T11:35:13.018915,Optuna,optuna_20260607_110306,63,11,35,671,25.48384063464893,231.93826783865734,21.085297076241577,0.02307337010545331,508.46,1,ok,,DQN\dqn_model_optuna_trial_63
2026-06-07T11:35:14.966353,Optuna,optuna_20260607_110306,63,12,35,671,18.573932683700637,250.51220052235797,20.8760167101965,0.02307337010545331,509.28,1,ok,,DQN\dqn_model_optuna_trial_63
2026-06-07T11:35:16.877615,Optuna,optuna_20260607_110306,63,13,35,671,32.52250946994878,283.0347099923068,21.771900768638982,0.02307337010545331,510.16,1,ok,,DQN\dqn_model_optuna_trial_63
2026-06-07T11:35:18.906461,Optuna,optuna_20260607_110306,63,14,35,671,39.2290217754004,322.26373176770716,23.018837983407654,0.02307337010545331,511.04,1,ok,,DQN\dqn_model_optuna_trial_63
2026-06-07T11:35:21.053247,Optuna,optuna_20260607_110306,63,15,35,671,29.311774575054706,351.57550634276186,23.438367089517456,0.02307337010545331,511.91,1,ok,,DQN\dqn_model_optuna_trial_63
2026-06-07T11:35:23.049110,Optuna,optuna_20260607_110306,63,16,35,671,19.618737443571614,371.19424378633346,23.19964023664584,0.02307337010545331,512.8,1,ok,,DQN\dqn_model_optuna_trial_63
2026-06-07T11:35:25.152024,Optuna,optuna_20260607_110306,63,17,35,671,15.862917545573557,387.057161331907,22.76806831364159,0.02307337010545331,513.62,1,ok,,DQN\dqn_model_optuna_trial_63
2026-06-07T11:35:27.166257,Optuna,optuna_20260607_110306,63,18,35,671,25.637455812025483,412.69461714393253,22.927478730218475,0.02307337010545331,514.49,1,ok,,DQN\dqn_model_optuna_trial_63
2026-06-07T11:35:28.624403,Optuna,optuna_20260607_110306,64,1,35,671,8.964127369163108,8.964127369163108,8.964127369163108,0.7950242550996048,494.77,1,ok,,DQN\dqn_model_optuna_trial_64
2026-06-07T11:35:30.405343,Optuna,optuna_20260607_110306,64,2,35,671,10.900075881669467,19.864203250832574,9.932101625416287,0.7430950389148931,495.59,1,ok,,DQN\dqn_model_optuna_trial_64
2026-06-07T11:35:32.150854,Optuna,optuna_20260607_110306,64,3,35,671,8.540235380166209,28.404438630998783,9.468146210332927,0.6911658227301815,496.46,1,ok,,DQN\dqn_model_optuna_trial_64
2026-06-07T11:35:33.934384,Optuna,optuna_20260607_110306,64,4,35,671,10.974999432637263,39.379438063636044,9.844859515909011,0.6392366065454698,497.34,1,ok,,DQN\dqn_model_optuna_trial_64
2026-06-07T11:35:35.732693,Optuna,optuna_20260607_110306,64,5,35,671,10.658371942245095,50.03781000588114,10.007562001176229,0.5873073903607581,498.19,1,ok,,DQN\dqn_model_optuna_trial_64
2026-06-07T11:35:37.589010,Optuna,optuna_20260607_110306,64,6,35,671,22.646988017284702,72.68479802316584,12.114133003860973,0.5353781741760464,499.1,1,ok,,DQN\dqn_model_optuna_trial_64
2026-06-07T11:35:38.195118,Optuna,optuna_20260607_110306,65,1,35,671,1.1829892730011942,1.1829892730011942,1.1829892730011942,0.8226148959360122,499.98,1,ok,,DQN\dqn_model_optuna_trial_65
2026-06-07T11:35:40.307686,Optuna,optuna_20260607_110306,65,2,35,671,6.3029743711970925,7.485963644198287,3.7429818220991433,0.7863960880884087,500.86,1,ok,,DQN\dqn_model_optuna_trial_65
2026-06-07T11:35:42.458382,Optuna,optuna_20260607_110306,65,3,35,671,17.374382648406268,24.860346292604554,8.286782097534852,0.7501772802408051,501.73,1,ok,,DQN\dqn_model_optuna_trial_65
2026-06-07T11:35:44.599093,Optuna,optuna_20260607_110306,65,4,35,671,1.4778333463825215,26.338179638987075,6.584544909746769,0.7139584723932015,502.55,1,ok,,DQN\dqn_model_optuna_trial_65
2026-06-07T11:35:46.767784,Optuna,optuna_20260607_110306,65,5,35,671,20.84822330404697,47.18640294303405,9.437280588606809,0.677739664545598,503.42,1,ok,,DQN\dqn_model_optuna_trial_65
2026-06-07T11:35:48.950318,Optuna,optuna_20260607_110306,65,6,35,671,44.65111057914481,91.83751352217885,15.306252253696476,0.6415208566979944,504.3,1,ok,,DQN\dqn_model_optuna_trial_65
2026-06-07T11:35:51.224499,Optuna,optuna_20260607_110306,65,7,35,671,15.03509929036597,106.87261281254482,15.26751611607783,0.6053020488503909,505.18,1,ok,,DQN\dqn_model_optuna_trial_65
2026-06-07T11:35:52.468621,Optuna,optuna_20260607_110306,66,1,35,671,5.932258505095769,5.932258505095769,5.932258505095769,0.7909266582898091,494.86,1,ok,,DQN\dqn_model_optuna_trial_66
2026-06-07T11:35:54.373680,Optuna,optuna_20260607_110306,66,2,35,671,9.610885473812075,15.543143978907844,7.771571989453922,0.7060263476274563,495.74,1,ok,,DQN\dqn_model_optuna_trial_66
2026-06-07T11:35:56.259591,Optuna,optuna_20260607_110306,66,3,35,671,26.184094024227893,41.72723800313574,13.90907933437858,0.6211260369651035,496.61,1,ok,,DQN\dqn_model_optuna_trial_66
2026-06-07T11:35:58.141604,Optuna,optuna_20260607_110306,66,4,35,671,21.185010889838736,62.912248892974475,15.728062223243619,0.5362257263027507,497.5,1,ok,,DQN\dqn_model_optuna_trial_66
2026-06-07T11:36:00.087155,Optuna,optuna_20260607_110306,66,5,35,671,16.34449145224016,79.25674034521464,15.851348069042928,0.45132541564039785,498.38,1,ok,,DQN\dqn_model_optuna_trial_66
2026-06-07T11:36:02.081914,Optuna,optuna_20260607_110306,66,6,35,671,20.05580170283276,99.31254204804739,16.55209034134123,0.36642510497804504,499.19,1,ok,,DQN\dqn_model_optuna_trial_66
2026-06-07T11:36:04.034503,Optuna,optuna_20260607_110306,66,7,35,671,45.092377300975514,144.40491934902292,20.62927419271756,0.2815247943156922,500.01,1,ok,,DQN\dqn_model_optuna_trial_66
2026-06-07T11:36:06.079079,Optuna,optuna_20260607_110306,66,8,35,671,34.83274056791411,179.23765991693702,22.404707489617127,0.1966244836533277,500.89,1,ok,,DQN\dqn_model_optuna_trial_66
2026-06-07T11:36:08.141097,Optuna,optuna_20260607_110306,66,9,35,671,33.34324564261933,212.58090555955636,23.620100617728482,0.11172417299095624,501.77,1,ok,,DQN\dqn_model_optuna_trial_66
2026-06-07T11:36:10.199021,Optuna,optuna_20260607_110306,66,10,35,671,23.67478661035604,236.2556921699124,23.62556921699124,0.06842084652686575,502.65,1,ok,,DQN\dqn_model_optuna_trial_66
2026-06-07T11:36:12.246346,Optuna,optuna_20260607_110306,66,11,35,671,13.809110220280482,250.06480239019288,22.7331638536539,0.06842084652686575,503.54,1,ok,,DQN\dqn_model_optuna_trial_66
2026-06-07T11:36:14.305067,Optuna,optuna_20260607_110306,66,12,35,671,74.50852919851171,324.5733315887046,27.04777763239205,0.06842084652686575,504.35,1,ok,,DQN\dqn_model_optuna_trial_66
2026-06-07T11:36:16.345138,Optuna,optuna_20260607_110306,66,13,35,671,36.69627112129475,361.26960270999933,27.789969439230717,0.06842084652686575,505.17,1,ok,,DQN\dqn_model_optuna_trial_66
2026-06-07T11:36:18.417629,Optuna,optuna_20260607_110306,66,14,35,671,12.972600831116408,374.2422035411157,26.73158596722255,0.06842084652686575,506.05,1,ok,,DQN\dqn_model_optuna_trial_66
2026-06-07T11:36:20.520098,Optuna,optuna_20260607_110306,66,15,35,671,119.35329572839842,493.5954992695141,32.906366617967606,0.06842084652686575,506.93,1,ok,,DQN\dqn_model_optuna_trial_66
2026-06-07T11:36:22.612972,Optuna,optuna_20260607_110306,66,16,35,671,45.62612309390847,539.2216223634226,33.701351397713914,0.06842084652686575,507.81,1,ok,,DQN\dqn_model_optuna_trial_66
2026-06-07T11:36:24.812231,Optuna,optuna_20260607_110306,66,17,35,671,25.51626003359534,564.737882397018,33.2198754351187,0.06842084652686575,504.52,1,ok,,DQN\dqn_model_optuna_trial_66
2026-06-07T11:36:26.922901,Optuna,optuna_20260607_110306,66,18,35,671,55.932155268352616,620.6700376653706,34.48166875918726,0.06842084652686575,505.33,1,ok,,DQN\dqn_model_optuna_trial_66
2026-06-07T11:36:29.049517,Optuna,optuna_20260607_110306,66,19,35,671,56.39998024621368,677.0700179115843,35.635264100609696,0.06842084652686575,506.15,1,ok,,DQN\dqn_model_optuna_trial_66
2026-06-07T11:36:31.165555,Optuna,optuna_20260607_110306,66,20,35,671,72.17858122584188,749.2485991374261,37.462429956871304,0.06842084652686575,507.03,1,ok,,DQN\dqn_model_optuna_trial_66
2026-06-07T11:36:33.339379,Optuna,optuna_20260607_110306,66,21,35,671,13.349540586384903,762.5981397238111,36.31419712970529,0.06842084652686575,507.91,1,ok,,DQN\dqn_model_optuna_trial_66
2026-06-07T11:36:35.492218,Optuna,optuna_20260607_110306,66,22,35,671,31.35734618537441,793.9554859091854,36.08888572314479,0.06842084652686575,508.79,1,ok,,DQN\dqn_model_optuna_trial_66
2026-06-07T11:36:37.681390,Optuna,optuna_20260607_110306,66,23,35,671,17.904387797233525,811.859873706419,35.298255378539956,0.06842084652686575,509.67,1,ok,,DQN\dqn_model_optuna_trial_66
2026-06-07T11:36:39.824588,Optuna,optuna_20260607_110306,66,24,35,671,25.286548177905875,837.1464218843248,34.881100911846865,0.06842084652686575,510.48,1,ok,,DQN\dqn_model_optuna_trial_66
2026-06-07T11:36:42.015235,Optuna,optuna_20260607_110306,66,25,35,671,33.172807711920164,870.319229596245,34.8127691838498,0.06842084652686575,511.3,1,ok,,DQN\dqn_model_optuna_trial_66
2026-06-07T11:36:44.219487,Optuna,optuna_20260607_110306,66,26,35,671,32.91979273597252,903.2390223322175,34.73996239739298,0.06842084652686575,512.38,1,ok,,DQN\dqn_model_optuna_trial_66
2026-06-07T11:36:46.449251,Optuna,optuna_20260607_110306,66,27,35,671,47.191054456969404,950.4300767891868,35.201113955155066,0.06842084652686575,513.31,1,ok,,DQN\dqn_model_optuna_trial_66
2026-06-07T11:36:48.622511,Optuna,optuna_20260607_110306,66,28,35,671,37.571297016779766,988.0013738059666,35.285763350213095,0.06842084652686575,514.2,1,ok,,DQN\dqn_model_optuna_trial_66
2026-06-07T11:36:50.882800,Optuna,optuna_20260607_110306,66,29,35,671,30.36771324308153,1018.3690870490482,35.11617541548442,0.06842084652686575,515.08,1,ok,,DQN\dqn_model_optuna_trial_66
2026-06-07T11:36:53.100966,Optuna,optuna_20260607_110306,66,30,35,671,50.28550735736214,1068.6545944064103,35.62181981354701,0.06842084652686575,515.89,1,ok,,DQN\dqn_model_optuna_trial_66
2026-06-07T11:36:55.335343,Optuna,optuna_20260607_110306,66,31,35,671,9.232278731739315,1077.8868731381497,34.77054429477902,0.06842084652686575,516.77,1,ok,,DQN\dqn_model_optuna_trial_66
2026-06-07T11:36:57.596512,Optuna,optuna_20260607_110306,66,32,35,671,31.402175294305398,1109.289048432455,34.66528276351422,0.06842084652686575,517.59,1,ok,,DQN\dqn_model_optuna_trial_66
2026-06-07T11:36:59.877453,Optuna,optuna_20260607_110306,66,33,35,671,11.975017952321823,1121.264066384777,33.97769898135687,0.06842084652686575,518.45,1,ok,,DQN\dqn_model_optuna_trial_66
2026-06-07T11:37:02.182396,Optuna,optuna_20260607_110306,66,34,35,671,18.87362494899827,1140.1376913337751,33.53346150981692,0.06842084652686575,519.35,1,ok,,DQN\dqn_model_optuna_trial_66
2026-06-07T11:37:04.463175,Optuna,optuna_20260607_110306,66,35,35,671,31.609764259498085,1171.7474555932731,33.47849873123638,0.06842084652686575,520.23,1,ok,,DQN\dqn_model_optuna_trial_66
2026-06-07T11:37:05.982304,Optuna,optuna_20260607_110306,67,1,35,671,5.60581033075567,5.60581033075567,5.60581033075567,0.8018651962736549,495.07,1,ok,,DQN\dqn_model_optuna_trial_67
2026-06-07T11:37:08.394156,Optuna,optuna_20260607_110306,67,2,35,671,9.661869583118758,15.267679913874428,7.633839956937214,0.7718894731690225,495.95,1,ok,,DQN\dqn_model_optuna_trial_67
2026-06-07T11:37:10.841859,Optuna,optuna_20260607_110306,67,3,35,671,12.511116150413462,27.77879606428789,9.259598688095963,0.74191375006439,496.84,1,ok,,DQN\dqn_model_optuna_trial_67
2026-06-07T11:37:13.243481,Optuna,optuna_20260607_110306,67,4,35,671,16.89106304802191,44.669859112309794,11.167464778077449,0.7119380269597575,497.72,1,ok,,DQN\dqn_model_optuna_trial_67
2026-06-07T11:37:15.626429,Optuna,optuna_20260607_110306,67,5,35,671,5.583386260544968,50.253245372854764,10.050649074570952,0.681962303855125,498.6,1,ok,,DQN\dqn_model_optuna_trial_67
2026-06-07T11:37:18.046481,Optuna,optuna_20260607_110306,67,6,35,671,18.1825388311618,68.43578420401656,11.405964034002759,0.6519865807504925,499.41,1,ok,,DQN\dqn_model_optuna_trial_67
2026-06-07T11:37:19.082839,Optuna,optuna_20260607_110306,68,1,35,671,1.5580913824727824,1.5580913824727824,1.5580913824727824,0.7974674086873165,495.74,1,ok,,DQN\dqn_model_optuna_trial_68
2026-06-07T11:37:21.313671,Optuna,optuna_20260607_110306,68,2,35,671,6.862126933603072,8.420218316075854,4.210109158037927,0.7777049218806387,496.7,1,ok,,DQN\dqn_model_optuna_trial_68
2026-06-07T11:37:23.576785,Optuna,optuna_20260607_110306,68,3,35,671,2.794845539317857,11.21506385539371,3.73835461846457,0.7579424350739609,497.58,1,ok,,DQN\dqn_model_optuna_trial_68
2026-06-07T11:37:25.961220,Optuna,optuna_20260607_110306,68,4,35,671,8.111798416138015,19.326862271531724,4.831715567882931,0.7381799482672831,498.52,1,ok,,DQN\dqn_model_optuna_trial_68
2026-06-07T11:37:28.255028,Optuna,optuna_20260607_110306,68,5,35,671,18.708477269298715,38.035339540830435,7.607067908166087,0.7184174614606053,499.36,1,ok,,DQN\dqn_model_optuna_trial_68
2026-06-07T11:37:30.498552,Optuna,optuna_20260607_110306,68,6,35,671,11.92305001353693,49.958389554367365,8.326398259061227,0.6986549746539275,500.17,1,ok,,DQN\dqn_model_optuna_trial_68
2026-06-07T11:37:31.857628,Optuna,optuna_20260607_110306,69,1,35,671,3.7932684029425716,3.7932684029425716,3.7932684029425716,0.8635998855751958,498.05,1,ok,,DQN\dqn_model_optuna_trial_69
2026-06-07T11:37:33.415420,Optuna,optuna_20260607_110306,69,2,35,671,6.189288999272672,9.982557402215244,4.991278701107622,0.8489170789908129,498.93,1,ok,,DQN\dqn_model_optuna_trial_69
2026-06-07T11:37:34.966351,Optuna,optuna_20260607_110306,69,3,35,671,5.345398815701724,15.327956217916968,5.109318739305656,0.83423427240643,499.8,1,ok,,DQN\dqn_model_optuna_trial_69
2026-06-07T11:37:36.572072,Optuna,optuna_20260607_110306,69,4,35,671,6.491079897533668,21.819036115450636,5.454759028862659,0.8195514658220471,500.62,1,ok,,DQN\dqn_model_optuna_trial_69
2026-06-07T11:37:38.203157,Optuna,optuna_20260607_110306,69,5,35,671,3.8912826550496185,25.710318770500255,5.142063754100051,0.8048686592376642,501.5,1,ok,,DQN\dqn_model_optuna_trial_69
2026-06-07T11:37:39.839255,Optuna,optuna_20260607_110306,69,6,35,671,8.716384601413479,34.42670337191373,5.737783895318955,0.7901858526532812,502.12,1,ok,,DQN\dqn_model_optuna_trial_69
2026-06-07T11:37:41.066573,Optuna,optuna_20260607_110306,70,1,35,671,4.776738472245563,4.776738472245563,4.776738472245563,0.8444159128713443,493.75,1,ok,,DQN\dqn_model_optuna_trial_70
2026-06-07T11:37:42.987239,Optuna,optuna_20260607_110306,70,2,35,671,1.082602055561194,5.859340527806756,2.929670263903378,0.7691930108838393,494.64,1,ok,,DQN\dqn_model_optuna_trial_70
2026-06-07T11:37:45.192249,Optuna,optuna_20260607_110306,70,3,35,671,7.1637842409520225,13.023124768758779,4.3410415895862595,0.6939701088963343,495.45,1,ok,,DQN\dqn_model_optuna_trial_70
2026-06-07T11:37:47.108055,Optuna,optuna_20260607_110306,70,4,35,671,13.97974263971732,27.0028674084761,6.750716852119025,0.6187472069088292,496.27,1,ok,,DQN\dqn_model_optuna_trial_70
2026-06-07T11:37:49.066155,Optuna,optuna_20260607_110306,70,5,35,671,18.481881920693272,45.484749329169375,9.096949865833874,0.5435243049213242,497.15,1,ok,,DQN\dqn_model_optuna_trial_70
2026-06-07T11:37:51.006040,Optuna,optuna_20260607_110306,70,6,35,671,41.215478789440354,86.70022811860973,14.450038019768288,0.46830140293381917,498.03,1,ok,,DQN\dqn_model_optuna_trial_70
2026-06-07T11:37:52.305953,Optuna,optuna_20260607_110306,71,1,35,671,1.6432181286211383,1.6432181286211383,1.6432181286211383,0.8032299007714223,501.29,1,ok,,DQN\dqn_model_optuna_trial_71
2026-06-07T11:37:54.179486,Optuna,optuna_20260607_110306,71,2,35,671,4.457125366305542,6.10034349492668,3.05017174746334,0.7702214937912437,502.04,1,ok,,DQN\dqn_model_optuna_trial_71
2026-06-07T11:37:56.034805,Optuna,optuna_20260607_110306,71,3,35,671,7.382979852126761,13.48332334705344,4.49444111568448,0.7372130868110651,502.92,1,ok,,DQN\dqn_model_optuna_trial_71
2026-06-07T11:37:57.939369,Optuna,optuna_20260607_110306,71,4,35,671,3.232859215323577,16.716182562377018,4.179045640594254,0.7042046798308865,503.8,1,ok,,DQN\dqn_model_optuna_trial_71
2026-06-07T11:37:59.816747,Optuna,optuna_20260607_110306,71,5,35,671,21.12338832222467,37.839570884601684,7.567914176920337,0.6711962728507079,504.68,1,ok,,DQN\dqn_model_optuna_trial_71
2026-06-07T11:38:01.780704,Optuna,optuna_20260607_110306,71,6,35,671,16.848105117426776,54.68767600202846,9.114612667004744,0.6381878658705293,505.56,1,ok,,DQN\dqn_model_optuna_trial_71
2026-06-07T11:38:03.018560,Optuna,optuna_20260607_110306,72,1,35,671,4.389430597367786,4.389430597367786,4.389430597367786,0.7890733889244722,496.26,1,ok,,DQN\dqn_model_optuna_trial_72
2026-06-07T11:38:05.127224,Optuna,optuna_20260607_110306,72,2,35,671,5.8757465662310615,10.265177163598848,5.132588581799424,0.74948591299501,497.3,1,ok,,DQN\dqn_model_optuna_trial_72
2026-06-07T11:38:07.214162,Optuna,optuna_20260607_110306,72,3,35,671,22.577978840098528,32.84315600369737,10.947718667899125,0.7098984370655478,498.11,1,ok,,DQN\dqn_model_optuna_trial_72
2026-06-07T11:38:09.674253,Optuna,optuna_20260607_110306,72,4,35,671,9.835423628584223,42.6785796322816,10.6696449080704,0.6703109611360856,499.0,1,ok,,DQN\dqn_model_optuna_trial_72
2026-06-07T11:38:12.398722,Optuna,optuna_20260607_110306,72,5,35,671,7.1681617429203035,49.8467413752019,9.96934827504038,0.6307234852066234,499.88,1,ok,,DQN\dqn_model_optuna_trial_72
2026-06-07T11:38:14.845042,Optuna,optuna_20260607_110306,72,6,35,671,16.868351837407623,66.71509321260953,11.11918220210159,0.5911360092771611,500.69,1,ok,,DQN\dqn_model_optuna_trial_72
2026-06-07T11:38:16.326907,Optuna,optuna_20260607_110306,73,1,35,671,1.068961227821282,1.068961227821282,1.068961227821282,0.7975455434718555,501.99,1,ok,,DQN\dqn_model_optuna_trial_73
2026-06-07T11:38:18.511261,Optuna,optuna_20260607_110306,73,2,35,671,12.670020380760564,13.738981608581845,6.869490804290923,0.75003987194371,502.81,1,ok,,DQN\dqn_model_optuna_trial_73
2026-06-07T11:38:20.741282,Optuna,optuna_20260607_110306,73,3,35,671,7.223716719003617,20.962698327585464,6.987566109195154,0.7025342004155646,503.69,1,ok,,DQN\dqn_model_optuna_trial_73
2026-06-07T11:38:22.912010,Optuna,optuna_20260607_110306,73,4,35,671,32.78787338851602,53.75057171610148,13.43764292902537,0.6550285288874191,504.51,1,ok,,DQN\dqn_model_optuna_trial_73
2026-06-07T11:38:25.043283,Optuna,optuna_20260607_110306,73,5,35,671,10.83452369425232,64.5850954103538,12.91701908207076,0.6075228573592737,505.39,1,ok,,DQN\dqn_model_optuna_trial_73
2026-06-07T11:38:27.162177,Optuna,optuna_20260607_110306,73,6,35,671,23.789283997557078,88.37437940791088,14.729063234651813,0.5600171858311283,506.27,1,ok,,DQN\dqn_model_optuna_trial_73
2026-06-07T11:38:29.387069,Optuna,optuna_20260607_110306,73,7,35,671,13.455892004766358,101.83027141267723,14.547181630382463,0.5125115143029828,507.15,1,ok,,DQN\dqn_model_optuna_trial_73
2026-06-07T11:38:30.528709,Optuna,optuna_20260607_110306,74,1,35,671,1.1856192107326053,1.1856192107326053,1.1856192107326053,0.8199251393261985,496.75,1,ok,,DQN\dqn_model_optuna_trial_74
2026-06-07T11:38:32.305696,Optuna,optuna_20260607_110306,74,2,35,671,3.133933880742588,4.319553091475194,2.159776545737597,0.7623725993340214,497.63,1,ok,,DQN\dqn_model_optuna_trial_74
2026-06-07T11:38:33.996178,Optuna,optuna_20260607_110306,74,3,35,671,12.519658083893411,16.839211175368604,5.613070391789535,0.7048200593418442,498.5,1,ok,,DQN\dqn_model_optuna_trial_74
2026-06-07T11:38:35.639970,Optuna,optuna_20260607_110306,74,4,35,671,12.643675584277892,29.482886759646497,7.370721689911624,0.6472675193496671,499.32,1,ok,,DQN\dqn_model_optuna_trial_74
2026-06-07T11:38:37.260219,Optuna,optuna_20260607_110306,74,5,35,671,17.027364426431223,46.510251186077724,9.302050237215544,0.58971497935749,500.21,1,ok,,DQN\dqn_model_optuna_trial_74
2026-06-07T11:38:38.867241,Optuna,optuna_20260607_110306,74,6,35,671,25.807677631218247,72.31792881729598,12.052988136215996,0.5321624393653128,492.86,1,ok,,DQN\dqn_model_optuna_trial_74
2026-06-07T11:38:40.098710,Optuna,optuna_20260607_110306,75,1,35,671,-0.382262945524078,-0.382262945524078,-0.382262945524078,0.7944207212879181,496.8,1,ok,,DQN\dqn_model_optuna_trial_75
2026-06-07T11:38:42.278145,Optuna,optuna_20260607_110306,75,2,35,671,6.011897649225993,5.629634703701916,2.814817351850958,0.6810905111017745,497.69,1,ok,,DQN\dqn_model_optuna_trial_75
2026-06-07T11:38:44.565959,Optuna,optuna_20260607_110306,75,3,35,671,9.355253289694739,14.984887993396654,4.994962664465551,0.567760300915631,498.56,1,ok,,DQN\dqn_model_optuna_trial_75
2026-06-07T11:38:46.918861,Optuna,optuna_20260607_110306,75,4,35,671,22.091819955388033,37.07670794878469,9.269176987196172,0.45443009072950247,499.45,1,ok,,DQN\dqn_model_optuna_trial_75
2026-06-07T11:38:49.322148,Optuna,optuna_20260607_110306,75,5,35,671,15.978971404911666,53.055679353696355,10.611135870739272,0.3410998805433962,500.33,1,ok,,DQN\dqn_model_optuna_trial_75
2026-06-07T11:38:51.631173,Optuna,optuna_20260607_110306,75,6,35,671,27.634398040153222,80.69007739384958,13.448346232308262,0.22776967035728624,501.14,1,ok,,DQN\dqn_model_optuna_trial_75
2026-06-07T11:38:52.554816,Optuna,optuna_20260607_110306,76,1,35,671,0.19711026565070822,0.19711026565070822,0.19711026565070822,0.8153308677748023,492.15,1,ok,,DQN\dqn_model_optuna_trial_76
2026-06-07T11:38:54.676783,Optuna,optuna_20260607_110306,76,2,35,671,7.881785228330204,8.078895493980912,4.039447746990456,0.7433017945263333,492.96,1,ok,,DQN\dqn_model_optuna_trial_76
2026-06-07T11:38:56.972518,Optuna,optuna_20260607_110306,76,3,35,671,29.25009872052207,37.328994214502984,12.442998071500995,0.6712727212778642,493.83,1,ok,,DQN\dqn_model_optuna_trial_76
2026-06-07T11:38:59.250071,Optuna,optuna_20260607_110306,76,4,35,671,8.761779400559664,46.090773615062645,11.522693403765661,0.5992436480293951,494.71,1,ok,,DQN\dqn_model_optuna_trial_76
2026-06-07T11:39:01.476372,Optuna,optuna_20260607_110306,76,5,35,671,10.872802877987272,56.96357649304991,11.392715298609982,0.527214574780926,495.6,1,ok,,DQN\dqn_model_optuna_trial_76
2026-06-07T11:39:03.789754,Optuna,optuna_20260607_110306,76,6,35,671,151.58584557846555,208.54942207151547,34.75823701191924,0.45518550153243376,496.47,1,ok,,DQN\dqn_model_optuna_trial_76
2026-06-07T11:39:05.951889,Optuna,optuna_20260607_110306,76,7,35,671,32.13023605941586,240.67965813093133,34.38280830441876,0.38315642828392743,497.39,1,ok,,DQN\dqn_model_optuna_trial_76
2026-06-07T11:39:08.290107,Optuna,optuna_20260607_110306,76,8,35,671,62.35450290911951,303.03416104005083,37.879270130006354,0.3111273550354211,498.21,1,ok,,DQN\dqn_model_optuna_trial_76
2026-06-07T11:39:10.652709,Optuna,optuna_20260607_110306,76,9,35,671,16.13329224890311,319.16745328895394,35.46305036543933,0.2390982817869176,499.02,1,ok,,DQN\dqn_model_optuna_trial_76
2026-06-07T11:39:12.859031,Optuna,optuna_20260607_110306,76,10,35,671,15.534516857805583,334.7019701467595,33.470197014675946,0.1670692085384299,499.9,1,ok,,DQN\dqn_model_optuna_trial_76
2026-06-07T11:39:15.109229,Optuna,optuna_20260607_110306,76,11,35,671,38.51021610885405,373.2121862556136,33.92838056869214,0.09504013528994221,500.79,1,ok,,DQN\dqn_model_optuna_trial_76
2026-06-07T11:39:17.358424,Optuna,optuna_20260607_110306,76,12,35,671,51.80961336230623,425.0217996179198,35.41848330149332,0.027640558057086075,501.66,1,ok,,DQN\dqn_model_optuna_trial_76
2026-06-07T11:39:19.649975,Optuna,optuna_20260607_110306,76,13,35,671,35.51617747196497,460.53797708988475,35.425998237683444,0.027640558057086075,502.54,1,ok,,DQN\dqn_model_optuna_trial_76
2026-06-07T11:39:21.959658,Optuna,optuna_20260607_110306,76,14,35,671,65.94601684941094,526.4839939392957,37.60599956709255,0.027640558057086075,503.36,1,ok,,DQN\dqn_model_optuna_trial_76
2026-06-07T11:39:24.274759,Optuna,optuna_20260607_110306,76,15,35,671,44.67388382634106,571.1578777656367,38.07719185104245,0.027640558057086075,504.18,1,ok,,DQN\dqn_model_optuna_trial_76
2026-06-07T11:39:26.542424,Optuna,optuna_20260607_110306,76,16,35,671,17.589440129548606,588.7473178951853,36.796707368449084,0.027640558057086075,505.06,1,ok,,DQN\dqn_model_optuna_trial_76
2026-06-07T11:39:28.778836,Optuna,optuna_20260607_110306,76,17,35,671,64.47980514507464,653.22712304026,38.42512488472118,0.027640558057086075,505.94,1,ok,,DQN\dqn_model_optuna_trial_76
2026-06-07T11:39:31.025141,Optuna,optuna_20260607_110306,76,18,35,671,41.96746801928638,695.1945910595464,38.621921725530356,0.027640558057086075,506.82,1,ok,,DQN\dqn_model_optuna_trial_76
2026-06-07T11:39:33.271697,Optuna,optuna_20260607_110306,76,19,35,671,41.90361023404184,737.0982012935882,38.794642173346745,0.027640558057086075,507.7,1,ok,,DQN\dqn_model_optuna_trial_76
2026-06-07T11:39:35.487597,Optuna,optuna_20260607_110306,76,20,35,671,61.61441078971456,798.7126120833028,39.93563060416514,0.027640558057086075,508.52,1,ok,,DQN\dqn_model_optuna_trial_76
2026-06-07T11:39:37.737341,Optuna,optuna_20260607_110306,76,21,35,671,15.958127369264338,814.6707394525672,38.79384473583654,0.027640558057086075,509.33,1,ok,,DQN\dqn_model_optuna_trial_76
2026-06-07T11:39:40.028115,Optuna,optuna_20260607_110306,76,22,35,671,41.59565138689794,856.2663908394652,38.92119958361206,0.027640558057086075,510.21,1,ok,,DQN\dqn_model_optuna_trial_76
2026-06-07T11:39:42.291925,Optuna,optuna_20260607_110306,76,23,35,671,35.8228137961744,892.0892046356396,38.78648715807129,0.027640558057086075,511.11,1,ok,,DQN\dqn_model_optuna_trial_76
2026-06-07T11:39:44.549895,Optuna,optuna_20260607_110306,76,24,35,671,31.133313930086366,923.222518565726,38.46760494023858,0.027640558057086075,512.24,1,ok,,DQN\dqn_model_optuna_trial_76
2026-06-07T11:39:46.850455,Optuna,optuna_20260607_110306,76,25,35,671,30.949773761187917,954.1722923269139,38.16689169307656,0.027640558057086075,513.12,1,ok,,DQN\dqn_model_optuna_trial_76
2026-06-07T11:39:49.126246,Optuna,optuna_20260607_110306,76,26,35,671,85.76271485701665,1039.9350071839306,39.99750027630502,0.027640558057086075,514.0,1,ok,,DQN\dqn_model_optuna_trial_76
2026-06-07T11:39:51.513040,Optuna,optuna_20260607_110306,76,27,35,671,40.32281173501847,1080.257818918949,40.00954884884996,0.027640558057086075,514.88,1,ok,,DQN\dqn_model_optuna_trial_76
2026-06-07T11:39:54.005867,Optuna,optuna_20260607_110306,76,28,35,671,41.218449004344244,1121.476267923293,40.052723854403325,0.027640558057086075,515.81,1,ok,,DQN\dqn_model_optuna_trial_76
2026-06-07T11:39:56.401915,Optuna,optuna_20260607_110306,76,29,35,671,32.33663575322087,1153.812903676514,39.786651850914275,0.027640558057086075,516.69,1,ok,,DQN\dqn_model_optuna_trial_76
2026-06-07T11:39:58.739701,Optuna,optuna_20260607_110306,76,30,35,671,67.54238069095555,1221.3552843674695,40.71184281224898,0.027640558057086075,517.57,1,ok,,DQN\dqn_model_optuna_trial_76
2026-06-07T11:40:01.190971,Optuna,optuna_20260607_110306,76,31,35,671,30.528449007288152,1251.8837333747576,40.38334623789541,0.027640558057086075,518.45,1,ok,,DQN\dqn_model_optuna_trial_76
2026-06-07T11:40:03.879244,Optuna,optuna_20260607_110306,76,32,35,671,44.33653804568802,1296.2202714204457,40.50688348188893,0.027640558057086075,519.32,1,ok,,DQN\dqn_model_optuna_trial_76
2026-06-07T11:40:06.411368,Optuna,optuna_20260607_110306,76,33,35,671,46.723982281068906,1342.9442537015145,40.69528041519741,0.027640558057086075,520.14,1,ok,,DQN\dqn_model_optuna_trial_76
2026-06-07T11:40:08.872995,Optuna,optuna_20260607_110306,76,34,35,671,106.39685893150346,1449.341112633018,42.627679783324055,0.027640558057086075,520.96,1,ok,,DQN\dqn_model_optuna_trial_76
2026-06-07T11:40:11.323039,Optuna,optuna_20260607_110306,76,35,35,671,38.26097555538619,1487.6020881884042,42.502916805382974,0.027640558057086075,521.84,1,ok,,DQN\dqn_model_optuna_trial_76
2026-06-07T11:40:12.263629,Optuna,optuna_20260607_110306,77,1,35,671,3.1894117280229195,3.1894117280229195,3.1894117280229195,0.8036894485084953,492.72,1,ok,,DQN\dqn_model_optuna_trial_77
2026-06-07T11:40:14.254490,Optuna,optuna_20260607_110306,77,2,35,671,4.471637205074037,7.661048933096957,3.8305244665484786,0.7075912892269532,493.6,1,ok,,DQN\dqn_model_optuna_trial_77
2026-06-07T11:40:16.269614,Optuna,optuna_20260607_110306,77,3,35,671,128.82454382343147,136.48559275652843,45.49519758550948,0.6114931299454112,494.48,1,ok,,DQN\dqn_model_optuna_trial_77
2026-06-07T11:40:18.362022,Optuna,optuna_20260607_110306,77,4,35,671,31.76690993407385,168.25250269060228,42.06312567265057,0.5153949706638691,495.3,1,ok,,DQN\dqn_model_optuna_trial_77
2026-06-07T11:40:20.432197,Optuna,optuna_20260607_110306,77,5,35,671,22.968454673225033,191.22095736382732,38.244191472765465,0.419296811382327,496.12,1,ok,,DQN\dqn_model_optuna_trial_77
2026-06-07T11:40:22.533013,Optuna,optuna_20260607_110306,77,6,35,671,8.314030159137932,199.53498752296525,33.255831253827544,0.3231986521007849,496.99,1,ok,,DQN\dqn_model_optuna_trial_77
2026-06-07T11:40:24.827724,Optuna,optuna_20260607_110306,77,7,35,671,19.455332520476972,218.99032004344224,31.284331434777464,0.2271004928192384,497.88,1,ok,,DQN\dqn_model_optuna_trial_77
2026-06-07T11:40:26.975231,Optuna,optuna_20260607_110306,77,8,35,671,24.078169669784167,243.0684897132264,30.3835612141533,0.13100233353767768,498.76,1,ok,,DQN\dqn_model_optuna_trial_77
2026-06-07T11:40:29.161237,Optuna,optuna_20260607_110306,77,9,35,671,21.40237885445625,264.47086856768266,29.385652063075852,0.11148760393230067,499.63,1,ok,,DQN\dqn_model_optuna_trial_77
2026-06-07T11:40:31.330239,Optuna,optuna_20260607_110306,77,10,35,671,35.536201194350156,300.0070697620328,30.000706976203283,0.11148760393230067,500.45,1,ok,,DQN\dqn_model_optuna_trial_77
2026-06-07T11:40:33.542426,Optuna,optuna_20260607_110306,77,11,35,671,23.25333225796335,323.26040201999615,29.387309274545103,0.11148760393230067,501.27,1,ok,,DQN\dqn_model_optuna_trial_77
2026-06-07T11:40:35.726738,Optuna,optuna_20260607_110306,77,12,35,671,33.63053031145391,356.8909323314501,29.74091102762084,0.11148760393230067,502.15,1,ok,,DQN\dqn_model_optuna_trial_77
2026-06-07T11:40:37.885636,Optuna,optuna_20260607_110306,77,13,35,671,25.529520387007725,382.4204527184578,29.41695790141983,0.11148760393230067,503.03,1,ok,,DQN\dqn_model_optuna_trial_77
2026-06-07T11:40:40.084382,Optuna,optuna_20260607_110306,77,14,35,671,9.943613012003636,392.36406573046145,28.02600469503296,0.11148760393230067,503.91,1,ok,,DQN\dqn_model_optuna_trial_77
2026-06-07T11:40:42.309771,Optuna,optuna_20260607_110306,77,15,35,671,26.09546768231796,418.4595334127794,27.89730222751863,0.11148760393230067,504.79,1,ok,,DQN\dqn_model_optuna_trial_77
2026-06-07T11:40:44.561951,Optuna,optuna_20260607_110306,77,16,35,671,42.52000786931442,460.97954128209386,28.811221330130866,0.11148760393230067,505.61,1,ok,,DQN\dqn_model_optuna_trial_77
2026-06-07T11:40:46.741338,Optuna,optuna_20260607_110306,77,17,35,671,31.49331688382292,492.47285816591676,28.968991656818634,0.11148760393230067,506.43,1,ok,,DQN\dqn_model_optuna_trial_77
2026-06-07T11:40:49.053021,Optuna,optuna_20260607_110306,77,18,35,671,17.352005697198862,509.82486386311564,28.323603547950867,0.11148760393230067,507.3,1,ok,,DQN\dqn_model_optuna_trial_77
2026-06-07T11:40:51.346394,Optuna,optuna_20260607_110306,77,19,35,671,12.87015979372301,522.6950236568387,27.51026440299151,0.11148760393230067,508.19,1,ok,,DQN\dqn_model_optuna_trial_77
2026-06-07T11:40:53.608900,Optuna,optuna_20260607_110306,77,20,35,671,36.502772170434994,559.1977958272737,27.959889791363686,0.11148760393230067,509.07,1,ok,,DQN\dqn_model_optuna_trial_77
2026-06-07T11:40:55.886148,Optuna,optuna_20260607_110306,77,21,35,671,32.42710575627253,591.6249015835463,28.17261436112125,0.11148760393230067,509.95,1,ok,,DQN\dqn_model_optuna_trial_77
2026-06-07T11:40:58.165408,Optuna,optuna_20260607_110306,77,22,35,671,23.621878817819884,615.2467804013661,27.965762745516642,0.11148760393230067,510.77,1,ok,,DQN\dqn_model_optuna_trial_77
2026-06-07T11:41:00.442947,Optuna,optuna_20260607_110306,77,23,35,671,24.45635614849283,639.703136549859,27.81317984999387,0.11148760393230067,511.59,1,ok,,DQN\dqn_model_optuna_trial_77
2026-06-07T11:41:02.728733,Optuna,optuna_20260607_110306,77,24,35,671,39.86472458962699,679.567861139486,28.315327547478585,0.11148760393230067,512.46,1,ok,,DQN\dqn_model_optuna_trial_77
2026-06-07T11:41:05.071164,Optuna,optuna_20260607_110306,77,25,35,671,23.7423625979074,703.3102237373934,28.132408949495733,0.11148760393230067,513.34,1,ok,,DQN\dqn_model_optuna_trial_77
2026-06-07T11:41:07.388957,Optuna,optuna_20260607_110306,77,26,35,671,61.13589974631156,764.4461234837049,29.401773980142497,0.11148760393230067,514.23,1,ok,,DQN\dqn_model_optuna_trial_77
2026-06-07T11:41:09.748945,Optuna,optuna_20260607_110306,77,27,35,671,52.806400021308306,817.2525235050132,30.268611981667156,0.11148760393230067,515.1,1,ok,,DQN\dqn_model_optuna_trial_77
2026-06-07T11:41:12.074695,Optuna,optuna_20260607_110306,77,28,35,671,19.809137399492677,837.0616609045059,29.895059318018067,0.11148760393230067,515.98,1,ok,,DQN\dqn_model_optuna_trial_77
2026-06-07T11:41:14.322595,Optuna,optuna_20260607_110306,77,29,35,671,32.554846914202706,869.6165078187086,29.986776131679605,0.11148760393230067,516.8,1,ok,,DQN\dqn_model_optuna_trial_77
2026-06-07T11:41:16.664388,Optuna,optuna_20260607_110306,77,30,35,671,32.26018381660726,901.8766916353159,30.062556387843863,0.11148760393230067,517.62,1,ok,,DQN\dqn_model_optuna_trial_77
2026-06-07T11:41:19.025890,Optuna,optuna_20260607_110306,77,31,35,671,29.867355198843775,931.7440468341597,30.056259575295474,0.11148760393230067,518.5,1,ok,,DQN\dqn_model_optuna_trial_77
2026-06-07T11:41:21.394885,Optuna,optuna_20260607_110306,77,32,35,671,21.91120743833357,953.6552542724933,29.801726696015415,0.11148760393230067,519.38,1,ok,,DQN\dqn_model_optuna_trial_77
2026-06-07T11:41:23.905095,Optuna,optuna_20260607_110306,77,33,35,671,14.443995711471,968.0992499839642,29.336340908604978,0.11148760393230067,520.26,1,ok,,DQN\dqn_model_optuna_trial_77
2026-06-07T11:41:26.399288,Optuna,optuna_20260607_110306,77,34,35,671,49.263351605800985,1017.3626015897652,29.922429458522505,0.11148760393230067,521.14,1,ok,,DQN\dqn_model_optuna_trial_77
2026-06-07T11:41:28.822824,Optuna,optuna_20260607_110306,77,35,35,671,29.6183376261115,1046.9809392158768,29.913741120453622,0.11148760393230067,521.96,1,ok,,DQN\dqn_model_optuna_trial_77
2026-06-07T11:41:30.049202,Optuna,optuna_20260607_110306,78,1,35,671,6.796938416729329,6.796938416729329,6.796938416729329,0.8084586335259838,497.32,1,ok,,DQN\dqn_model_optuna_trial_78
2026-06-07T11:41:32.618845,Optuna,optuna_20260607_110306,78,2,35,671,5.719645543086181,12.51658395981551,6.258291979907755,0.7349875312507506,498.14,1,ok,,DQN\dqn_model_optuna_trial_78
2026-06-07T11:41:35.197400,Optuna,optuna_20260607_110306,78,3,35,671,8.8506478258834,21.36723178569891,7.12241059523297,0.6615164289755173,499.01,1,ok,,DQN\dqn_model_optuna_trial_78
2026-06-07T11:41:37.859844,Optuna,optuna_20260607_110306,78,4,35,671,10.940625626027686,32.307857411726594,8.076964352931649,0.5880453267002841,499.89,1,ok,,DQN\dqn_model_optuna_trial_78
2026-06-07T11:41:40.535070,Optuna,optuna_20260607_110306,78,5,35,671,10.291114911011361,42.59897232273796,8.51979446454759,0.5145742244250509,500.71,1,ok,,DQN\dqn_model_optuna_trial_78
2026-06-07T11:41:43.232048,Optuna,optuna_20260607_110306,78,6,35,671,11.66697008272795,54.26594240546591,9.044323734244317,0.4411031221498176,501.68,1,ok,,DQN\dqn_model_optuna_trial_78
2026-06-07T11:41:44.064109,Optuna,optuna_20260607_110306,79,1,35,671,3.995996693352173,3.995996693352173,3.995996693352173,0.7983630157498668,497.41,1,ok,,DQN\dqn_model_optuna_trial_79
2026-06-07T11:41:45.836935,Optuna,optuna_20260607_110306,79,2,35,671,11.871343006169665,15.867339699521839,7.9336698497609195,0.6780374500908918,498.23,1,ok,,DQN\dqn_model_optuna_trial_79
2026-06-07T11:41:47.628438,Optuna,optuna_20260607_110306,79,3,35,671,6.831670854502418,22.699010554024255,7.566336851341418,0.5577118844319168,499.11,1,ok,,DQN\dqn_model_optuna_trial_79
2026-06-07T11:41:49.428331,Optuna,optuna_20260607_110306,79,4,35,671,8.890047941986687,31.589058496010942,7.8972646240027355,0.43738631877294176,499.99,1,ok,,DQN\dqn_model_optuna_trial_79
2026-06-07T11:41:51.186839,Optuna,optuna_20260607_110306,79,5,35,671,27.604288765131184,59.19334726114212,11.838669452228425,0.31706075311396675,500.88,1,ok,,DQN\dqn_model_optuna_trial_79
2026-06-07T11:41:52.982270,Optuna,optuna_20260607_110306,79,6,35,671,38.135384047930806,97.32873130907294,16.22145521817882,0.19673518745498347,501.69,1,ok,,DQN\dqn_model_optuna_trial_79
2026-06-07T11:41:54.906136,Optuna,optuna_20260607_110306,79,7,35,671,16.379266372759623,113.70799768183255,16.243999668833222,0.0764096217959936,502.57,1,ok,,DQN\dqn_model_optuna_trial_79
2026-06-07T11:41:57.009900,Optuna,optuna_20260607_110306,79,8,35,671,14.126117398656504,127.83411508048906,15.979264385061132,0.03221393480559483,503.39,1,ok,,DQN\dqn_model_optuna_trial_79
2026-06-07T11:41:57.995002,Optuna,optuna_20260607_110306,80,1,35,671,-1.5828966291744095,-1.5828966291744095,-1.5828966291744095,0.8312819527296519,505.09,1,ok,,DQN\dqn_model_optuna_trial_80
2026-06-07T11:42:00.132992,Optuna,optuna_20260607_110306,80,2,35,671,0.8559303086349799,-0.7269663205394297,-0.36348316026971483,0.8273750135063787,505.91,1,ok,,DQN\dqn_model_optuna_trial_80
2026-06-07T11:42:02.299532,Optuna,optuna_20260607_110306,80,3,35,671,0.4721999164934993,-0.2547664040459304,-0.08492213468197679,0.8234680742831054,506.79,1,ok,,DQN\dqn_model_optuna_trial_80
2026-06-07T11:42:04.496166,Optuna,optuna_20260607_110306,80,4,35,671,7.013044828680358,6.758278424634428,1.689569606158607,0.8195611350598322,507.61,1,ok,,DQN\dqn_model_optuna_trial_80
2026-06-07T11:42:06.722190,Optuna,optuna_20260607_110306,80,5,35,671,5.943927344892137,12.702205769526564,2.540441153905313,0.815654195836559,508.49,1,ok,,DQN\dqn_model_optuna_trial_80
2026-06-07T11:42:08.900714,Optuna,optuna_20260607_110306,80,6,35,671,4.018174871296653,16.720380640823215,2.7867301068038692,0.8117472566132857,509.37,1,ok,,DQN\dqn_model_optuna_trial_80
2026-06-07T11:42:09.842201,Optuna,optuna_20260607_110306,81,1,35,671,0.028979659076879383,0.028979659076879383,0.028979659076879383,0.7932203799511245,498.16,1,ok,,DQN\dqn_model_optuna_trial_81
2026-06-07T11:42:11.871087,Optuna,optuna_20260607_110306,81,2,35,671,-4.660719376134881,-4.631739717058002,-2.315869858529001,0.7274418443957811,499.05,1,ok,,DQN\dqn_model_optuna_trial_81
2026-06-07T11:42:13.893034,Optuna,optuna_20260607_110306,81,3,35,671,18.099420478940363,13.467680761882361,4.489226920627454,0.6616633088404377,499.92,1,ok,,DQN\dqn_model_optuna_trial_81
2026-06-07T11:42:15.943120,Optuna,optuna_20260607_110306,81,4,35,671,8.860198089057368,22.32787885093973,5.581969712734932,0.5958847732850943,500.74,1,ok,,DQN\dqn_model_optuna_trial_81
2026-06-07T11:42:18.010566,Optuna,optuna_20260607_110306,81,5,35,671,8.686653929576686,31.014532780516415,6.202906556103283,0.5301062377297509,501.56,1,ok,,DQN\dqn_model_optuna_trial_81
2026-06-07T11:42:20.160545,Optuna,optuna_20260607_110306,81,6,35,671,30.99363588833928,62.008168668855696,10.334694778142616,0.46432770217442765,502.44,1,ok,,DQN\dqn_model_optuna_trial_81
2026-06-07T11:42:21.932324,Optuna,optuna_20260607_110306,82,1,35,671,0.3451698714547584,0.3451698714547584,0.3451698714547584,0.8094192694683948,501.19,1,ok,,DQN\dqn_model_optuna_trial_82
2026-06-07T11:42:24.141147,Optuna,optuna_20260607_110306,82,2,35,671,10.25974092207651,10.604910793531268,5.302455396765634,0.7654659322265859,502.07,1,ok,,DQN\dqn_model_optuna_trial_82
2026-06-07T11:42:26.175970,Optuna,optuna_20260607_110306,82,3,35,671,20.129258496654764,30.73416929018603,10.244723096728677,0.7215125949847769,502.95,1,ok,,DQN\dqn_model_optuna_trial_82
2026-06-07T11:42:28.145876,Optuna,optuna_20260607_110306,82,4,35,671,28.699389665818437,59.43355895600447,14.858389739001117,0.677559257742968,503.7,1,ok,,DQN\dqn_model_optuna_trial_82
2026-06-07T11:42:30.242090,Optuna,optuna_20260607_110306,82,5,35,671,21.1627542881265,80.59631324413097,16.119262648826194,0.633605920501159,504.59,1,ok,,DQN\dqn_model_optuna_trial_82
2026-06-07T11:42:32.322357,Optuna,optuna_20260607_110306,82,6,35,671,1.0454574895509432,81.64177073368191,13.606961788946984,0.5896525832593501,505.46,1,ok,,DQN\dqn_model_optuna_trial_82
2026-06-07T11:42:34.448618,Optuna,optuna_20260607_110306,82,7,35,671,25.743661714988097,107.38543244867,15.340776064095715,0.5456992460175412,506.34,1,ok,,DQN\dqn_model_optuna_trial_82
2026-06-07T11:42:36.690046,Optuna,optuna_20260607_110306,82,8,35,671,29.560569431774685,136.9460018804447,17.118250235055587,0.5017459087757322,507.23,1,ok,,DQN\dqn_model_optuna_trial_82
2026-06-07T11:42:37.310531,Optuna,optuna_20260607_110306,83,1,35,671,-6.830924198006989,-6.830924198006989,-6.830924198006989,0.8039298304345575,496.11,1,ok,,DQN\dqn_model_optuna_trial_83
2026-06-07T11:42:39.507409,Optuna,optuna_20260607_110306,83,2,35,671,1.0865681802784373,-5.744356017728552,-2.872178008864276,0.7750366519057396,497.12,1,ok,,DQN\dqn_model_optuna_trial_83
2026-06-07T11:42:41.796322,Optuna,optuna_20260607_110306,83,3,35,671,6.157835397068449,0.413479379339897,0.13782645977996566,0.7461434733769217,498.01,1,ok,,DQN\dqn_model_optuna_trial_83
2026-06-07T11:42:44.261149,Optuna,optuna_20260607_110306,83,4,35,671,14.93354026182152,15.347019641161417,3.836754910290354,0.7172502948481038,498.83,1,ok,,DQN\dqn_model_optuna_trial_83
2026-06-07T11:42:46.670950,Optuna,optuna_20260607_110306,83,5,35,671,12.97881013643305,28.325829777594468,5.665165955518893,0.6883571163192859,499.71,1,ok,,DQN\dqn_model_optuna_trial_83
2026-06-07T11:42:49.061064,Optuna,optuna_20260607_110306,83,6,35,671,5.621267855062667,33.94709763265713,5.6578496054428555,0.659463937790468,500.59,1,ok,,DQN\dqn_model_optuna_trial_83
2026-06-07T11:42:50.480038,Optuna,optuna_20260607_110306,84,1,35,671,3.1166595014721508,3.1166595014721508,3.1166595014721508,0.8133378460367946,501.68,1,ok,,DQN\dqn_model_optuna_trial_84
2026-06-07T11:42:52.519373,Optuna,optuna_20260607_110306,84,2,35,671,3.605934429391744,6.722593930863894,3.361296965431947,0.7599736463406519,502.56,1,ok,,DQN\dqn_model_optuna_trial_84
2026-06-07T11:42:54.651111,Optuna,optuna_20260607_110306,84,3,35,671,7.308031921095743,14.030625851959638,4.676875283986546,0.7066094466445092,502.97,1,ok,,DQN\dqn_model_optuna_trial_84
2026-06-07T11:42:56.744120,Optuna,optuna_20260607_110306,84,4,35,671,80.37007837275671,94.40070422471635,23.600176056179087,0.6532452469483665,503.8,1,ok,,DQN\dqn_model_optuna_trial_84
2026-06-07T11:42:58.822942,Optuna,optuna_20260607_110306,84,5,35,671,19.66372150200942,114.06442572672577,22.812885145345156,0.5998810472522238,504.69,1,ok,,DQN\dqn_model_optuna_trial_84
2026-06-07T11:43:00.981260,Optuna,optuna_20260607_110306,84,6,35,671,35.381302865878084,149.44572859260387,24.907621432100644,0.5465168475560811,505.57,1,ok,,DQN\dqn_model_optuna_trial_84
2026-06-07T11:43:03.103590,Optuna,optuna_20260607_110306,84,7,35,671,39.5752020135863,189.02093060619018,27.002990086598597,0.4931526478599384,506.39,1,ok,,DQN\dqn_model_optuna_trial_84
2026-06-07T11:43:05.305366,Optuna,optuna_20260607_110306,84,8,35,671,5.465639788889148,194.48657039507933,24.310821299384916,0.4397884481637957,507.27,1,ok,,DQN\dqn_model_optuna_trial_84
2026-06-07T11:43:07.558922,Optuna,optuna_20260607_110306,84,9,35,671,11.591220095483466,206.0777904905628,22.897532276729198,0.386424248467653,508.14,1,ok,,DQN\dqn_model_optuna_trial_84
2026-06-07T11:43:09.808693,Optuna,optuna_20260607_110306,84,10,35,671,19.431952466686067,225.50974295724885,22.550974295724885,0.3330600487715103,508.96,1,ok,,DQN\dqn_model_optuna_trial_84
2026-06-07T11:43:12.015837,Optuna,optuna_20260607_110306,84,11,35,671,50.7399015518364,276.2496445090852,25.113604046280475,0.2796958490753676,509.85,1,ok,,DQN\dqn_model_optuna_trial_84
2026-06-07T11:43:14.218551,Optuna,optuna_20260607_110306,84,12,35,671,4.316330559801166,280.56597506888636,23.380497922407198,0.22633164937923317,510.72,1,ok,,DQN\dqn_model_optuna_trial_84
2026-06-07T11:43:16.416686,Optuna,optuna_20260607_110306,84,13,35,671,16.203952095930614,296.769927164817,22.82845593575515,0.1729674496831091,511.54,1,ok,,DQN\dqn_model_optuna_trial_84
2026-06-07T11:43:18.566371,Optuna,optuna_20260607_110306,84,14,35,671,35.68284187120855,332.45276903602553,23.74662635971611,0.11960324998698502,512.43,1,ok,,DQN\dqn_model_optuna_trial_84
2026-06-07T11:43:20.774199,Optuna,optuna_20260607_110306,84,15,35,671,8.875313411849032,341.3280824478746,22.755205496524972,0.06623905029086094,513.3,1,ok,,DQN\dqn_model_optuna_trial_84
2026-06-07T11:43:23.007573,Optuna,optuna_20260607_110306,84,16,35,671,72.60329368841029,413.9313761362849,25.870711008517805,0.028083983738989418,514.12,1,ok,,DQN\dqn_model_optuna_trial_84
2026-06-07T11:43:25.366142,Optuna,optuna_20260607_110306,84,17,35,671,24.133426778915926,438.0648029152008,25.768517818541223,0.028083983738989418,515.0,1,ok,,DQN\dqn_model_optuna_trial_84
2026-06-07T11:43:27.630456,Optuna,optuna_20260607_110306,84,18,35,671,57.38833384242686,495.45313675762765,27.525174264312646,0.028083983738989418,515.88,1,ok,,DQN\dqn_model_optuna_trial_84
2026-06-07T11:43:29.844825,Optuna,optuna_20260607_110306,84,19,35,671,34.605363540300054,530.0585002979277,27.89781580515409,0.028083983738989418,516.76,1,ok,,DQN\dqn_model_optuna_trial_84
2026-06-07T11:43:32.078040,Optuna,optuna_20260607_110306,84,20,35,671,64.02336798980052,594.0818682877282,29.70409341438641,0.028083983738989418,517.58,1,ok,,DQN\dqn_model_optuna_trial_84
2026-06-07T11:43:34.293151,Optuna,optuna_20260607_110306,84,21,35,671,171.39053517447198,765.4724034622002,36.45106683153334,0.028083983738989418,518.46,1,ok,,DQN\dqn_model_optuna_trial_84
2026-06-07T11:43:36.548311,Optuna,optuna_20260607_110306,84,22,35,671,29.553054727651716,795.0254581898519,36.137520826811446,0.028083983738989418,519.34,1,ok,,DQN\dqn_model_optuna_trial_84
2026-06-07T11:43:38.835179,Optuna,optuna_20260607_110306,84,23,35,671,47.106879296266975,842.1323374861188,36.614449455918205,0.028083983738989418,520.16,1,ok,,DQN\dqn_model_optuna_trial_84
2026-06-07T11:43:41.107174,Optuna,optuna_20260607_110306,84,24,35,671,29.02958292944827,871.161920415567,36.29841335064862,0.028083983738989418,521.04,1,ok,,DQN\dqn_model_optuna_trial_84
2026-06-07T11:43:43.408861,Optuna,optuna_20260607_110306,84,25,35,671,31.844804250181035,903.006724665748,36.120268986629924,0.028083983738989418,521.92,1,ok,,DQN\dqn_model_optuna_trial_84
2026-06-07T11:43:45.636053,Optuna,optuna_20260607_110306,84,26,35,671,51.317593822927755,954.3243184886758,36.704781480333686,0.028083983738989418,522.74,1,ok,,DQN\dqn_model_optuna_trial_84
2026-06-07T11:43:47.906273,Optuna,optuna_20260607_110306,84,27,35,671,23.13325231634314,977.4575708050189,36.202132252037735,0.028083983738989418,523.61,1,ok,,DQN\dqn_model_optuna_trial_84
2026-06-07T11:43:50.258909,Optuna,optuna_20260607_110306,84,28,35,671,19.304923490780734,996.7624942957997,35.59866051056427,0.028083983738989418,524.5,1,ok,,DQN\dqn_model_optuna_trial_84
2026-06-07T11:43:52.639728,Optuna,optuna_20260607_110306,84,29,35,671,36.48169583803553,1033.2441901338352,35.62911000461501,0.028083983738989418,525.38,1,ok,,DQN\dqn_model_optuna_trial_84
2026-06-07T11:43:55.149701,Optuna,optuna_20260607_110306,84,30,35,671,34.83518636722257,1068.0793765010578,35.602645883368595,0.028083983738989418,526.25,1,ok,,DQN\dqn_model_optuna_trial_84
2026-06-07T11:43:57.614849,Optuna,optuna_20260607_110306,84,31,35,671,34.75017272876322,1102.829549229821,35.57514674934906,0.028083983738989418,527.13,1,ok,,DQN\dqn_model_optuna_trial_84
2026-06-07T11:44:00.141757,Optuna,optuna_20260607_110306,84,32,35,671,33.55975304363556,1136.3893022734565,35.512165696045514,0.028083983738989418,527.95,1,ok,,DQN\dqn_model_optuna_trial_84
2026-06-07T11:44:02.583926,Optuna,optuna_20260607_110306,84,33,35,671,30.010448744249484,1166.399751017706,35.345447000536545,0.028083983738989418,528.82,1,ok,,DQN\dqn_model_optuna_trial_84
2026-06-07T11:44:04.997986,Optuna,optuna_20260607_110306,84,34,35,671,42.59469527137842,1208.9944462890844,35.55866018497307,0.028083983738989418,529.81,1,ok,,DQN\dqn_model_optuna_trial_84
2026-06-07T11:44:07.291903,Optuna,optuna_20260607_110306,84,35,35,671,21.252435557239117,1230.2468818463235,35.149910909894956,0.028083983738989418,530.62,1,ok,,DQN\dqn_model_optuna_trial_84
2026-06-07T11:44:08.529313,Optuna,optuna_20260607_110306,85,1,35,671,-5.349007923704544,-5.349007923704544,-5.349007923704544,0.8874712485001388,501.36,1,ok,,DQN\dqn_model_optuna_trial_85
2026-06-07T11:44:10.593692,Optuna,optuna_20260607_110306,85,2,35,671,2.121746927420015,-3.2272609962845293,-1.6136304981422647,0.833265344272603,502.25,1,ok,,DQN\dqn_model_optuna_trial_85
2026-06-07T11:44:13.098103,Optuna,optuna_20260607_110306,85,3,35,671,7.708555591865976,4.481294595581447,1.4937648651938158,0.7790594400450672,503.06,1,ok,,DQN\dqn_model_optuna_trial_85
2026-06-07T11:44:15.297365,Optuna,optuna_20260607_110306,85,4,35,671,3.1732534312479324,7.65454802682938,1.913637006707345,0.7248535358175314,503.94,1,ok,,DQN\dqn_model_optuna_trial_85
2026-06-07T11:44:17.320354,Optuna,optuna_20260607_110306,85,5,35,671,18.080454135605045,25.735002162434427,5.147000432486886,0.6706476315899956,504.82,1,ok,,DQN\dqn_model_optuna_trial_85
2026-06-07T11:44:19.304429,Optuna,optuna_20260607_110306,85,6,35,671,6.942341852592474,32.677344015026904,5.446224002504484,0.6164417273624598,505.64,1,ok,,DQN\dqn_model_optuna_trial_85
2026-06-07T11:44:20.243274,Optuna,optuna_20260607_110306,86,1,35,671,0.38538370680738704,0.38538370680738704,0.38538370680738704,0.8257587979706211,495.44,1,ok,,DQN\dqn_model_optuna_trial_86
2026-06-07T11:44:22.228742,Optuna,optuna_20260607_110306,86,2,35,671,7.1298090358040636,7.51519274261145,3.757596371305725,0.7462439722091262,496.26,1,ok,,DQN\dqn_model_optuna_trial_86
2026-06-07T11:44:24.366881,Optuna,optuna_20260607_110306,86,3,35,671,6.012511926033822,13.527704668645272,4.509234889548424,0.6667291464476313,497.07,1,ok,,DQN\dqn_model_optuna_trial_86
2026-06-07T11:44:26.471614,Optuna,optuna_20260607_110306,86,4,35,671,11.915858011333535,25.443562679978807,6.360890669994702,0.5872143206861363,497.95,1,ok,,DQN\dqn_model_optuna_trial_86
2026-06-07T11:44:28.574502,Optuna,optuna_20260607_110306,86,5,35,671,23.84801174486249,49.2915744248413,9.85831488496826,0.5076994949246414,498.84,1,ok,,DQN\dqn_model_optuna_trial_86
2026-06-07T11:44:30.756104,Optuna,optuna_20260607_110306,86,6,35,671,16.183886073497817,65.47546049833912,10.912576749723186,0.42818466916314646,499.71,1,ok,,DQN\dqn_model_optuna_trial_86
2026-06-07T11:44:32.274418,Optuna,optuna_20260607_110306,87,1,35,671,9.399936707953158,9.399936707953158,9.399936707953158,0.834644545680137,501.72,1,ok,,DQN\dqn_model_optuna_trial_87
2026-06-07T11:44:34.041875,Optuna,optuna_20260607_110306,87,2,35,671,5.714373218450232,15.11430992640339,7.557154963201695,0.794892166973544,502.54,1,ok,,DQN\dqn_model_optuna_trial_87
2026-06-07T11:44:35.869596,Optuna,optuna_20260607_110306,87,3,35,671,14.80688008073777,29.92119000714116,9.973730002380387,0.755139788266951,503.42,1,ok,,DQN\dqn_model_optuna_trial_87
2026-06-07T11:44:37.680001,Optuna,optuna_20260607_110306,87,4,35,671,11.505656255152537,41.426846262293694,10.356711565573423,0.7153874095603581,504.3,1,ok,,DQN\dqn_model_optuna_trial_87
2026-06-07T11:44:39.499964,Optuna,optuna_20260607_110306,87,5,35,671,7.210923098270024,48.637769360563716,9.727553872112743,0.6756350308537651,505.18,1,ok,,DQN\dqn_model_optuna_trial_87
2026-06-07T11:44:41.302416,Optuna,optuna_20260607_110306,87,6,35,671,11.979755852548315,60.61752521311203,10.102920868852005,0.6358826521471721,506.0,1,ok,,DQN\dqn_model_optuna_trial_87
2026-06-07T11:44:42.315083,Optuna,optuna_20260607_110306,88,1,35,671,3.6931828128240918,3.6931828128240918,3.6931828128240918,0.7872809106173211,490.79,1,ok,,DQN\dqn_model_optuna_trial_88
2026-06-07T11:44:43.882485,Optuna,optuna_20260607_110306,88,2,35,671,6.783495888873123,10.476678701697214,5.238339350848607,0.6886260997924446,491.62,1,ok,,DQN\dqn_model_optuna_trial_88
2026-06-07T11:44:45.434679,Optuna,optuna_20260607_110306,88,3,35,671,11.654145316976551,22.130824018673763,7.376941339557921,0.5899712889675681,492.5,1,ok,,DQN\dqn_model_optuna_trial_88
2026-06-07T11:44:46.995050,Optuna,optuna_20260607_110306,88,4,35,671,22.735131570409575,44.86595558908334,11.216488897270835,0.49131647814269164,493.38,1,ok,,DQN\dqn_model_optuna_trial_88
2026-06-07T11:44:48.612364,Optuna,optuna_20260607_110306,88,5,35,671,23.369220652936782,68.23517624202012,13.647035248404023,0.39266166731781516,494.27,1,ok,,DQN\dqn_model_optuna_trial_88
2026-06-07T11:44:50.320631,Optuna,optuna_20260607_110306,88,6,35,671,44.54913813763016,112.78431437965028,18.797385729941713,0.2940068564929387,493.76,1,ok,,DQN\dqn_model_optuna_trial_88
2026-06-07T11:44:51.941778,Optuna,optuna_20260607_110306,88,7,35,671,33.31075831514745,146.09507269479775,20.870724670685394,0.1953520456680622,494.64,1,ok,,DQN\dqn_model_optuna_trial_88
2026-06-07T11:44:53.549870,Optuna,optuna_20260607_110306,88,8,35,671,39.01087408678336,185.1059467815811,23.13824334769764,0.09669723484318571,495.46,1,ok,,DQN\dqn_model_optuna_trial_88
2026-06-07T11:44:55.160139,Optuna,optuna_20260607_110306,88,9,35,671,35.02544960059671,220.13139638217783,24.459044042464203,0.017697662977217893,496.34,1,ok,,DQN\dqn_model_optuna_trial_88
2026-06-07T11:44:56.821259,Optuna,optuna_20260607_110306,88,10,35,671,9.729791876157439,229.86118825833526,22.986118825833525,0.017697662977217893,497.22,1,ok,,DQN\dqn_model_optuna_trial_88
2026-06-07T11:44:58.503199,Optuna,optuna_20260607_110306,88,11,35,671,63.7425726906773,293.60376094901255,26.69125099536478,0.017697662977217893,497.93,1,ok,,DQN\dqn_model_optuna_trial_88
2026-06-07T11:45:00.223241,Optuna,optuna_20260607_110306,88,12,35,671,117.03416092379616,410.6379218728087,34.219826822734056,0.017697662977217893,498.74,1,ok,,DQN\dqn_model_optuna_trial_88
2026-06-07T11:45:01.918914,Optuna,optuna_20260607_110306,88,13,35,671,41.62929424704037,452.2672161198491,34.789785855373005,0.017697662977217893,499.62,1,ok,,DQN\dqn_model_optuna_trial_88
2026-06-07T11:45:03.654569,Optuna,optuna_20260607_110306,88,14,35,671,20.683168403038025,472.95038452288713,33.78217032306337,0.017697662977217893,500.45,1,ok,,DQN\dqn_model_optuna_trial_88
2026-06-07T11:45:05.360518,Optuna,optuna_20260607_110306,88,15,35,671,45.6997655599009,518.6501500827881,34.57667667218587,0.017697662977217893,501.32,1,ok,,DQN\dqn_model_optuna_trial_88
2026-06-07T11:45:07.111869,Optuna,optuna_20260607_110306,88,16,35,671,59.368210288459025,578.0183603712471,36.126147523202945,0.017697662977217893,502.2,1,ok,,DQN\dqn_model_optuna_trial_88
2026-06-07T11:45:08.883721,Optuna,optuna_20260607_110306,88,17,35,671,45.71322476930732,623.7315851405544,36.690093243562025,0.017697662977217893,503.09,1,ok,,DQN\dqn_model_optuna_trial_88
2026-06-07T11:45:10.659309,Optuna,optuna_20260607_110306,88,18,35,671,21.630204053221686,645.3617891937761,35.85343273298756,0.017697662977217893,503.9,1,ok,,DQN\dqn_model_optuna_trial_88
2026-06-07T11:45:12.392235,Optuna,optuna_20260607_110306,88,19,35,671,29.27025909933211,674.6320482931081,35.506949910163584,0.017697662977217893,504.78,1,ok,,DQN\dqn_model_optuna_trial_88
2026-06-07T11:45:14.173792,Optuna,optuna_20260607_110306,88,20,35,671,19.844050807127942,694.4760991002361,34.7238049550118,0.017697662977217893,505.6,1,ok,,DQN\dqn_model_optuna_trial_88
2026-06-07T11:45:15.971002,Optuna,optuna_20260607_110306,88,21,35,671,46.52647230454725,741.0025714047833,35.28583673356111,0.017697662977217893,506.48,1,ok,,DQN\dqn_model_optuna_trial_88
2026-06-07T11:45:17.734585,Optuna,optuna_20260607_110306,88,22,35,671,59.658585276947015,800.6611566817304,36.393688940078654,0.017697662977217893,507.36,1,ok,,DQN\dqn_model_optuna_trial_88
2026-06-07T11:45:19.531573,Optuna,optuna_20260607_110306,88,23,35,671,21.780130117579805,822.4412867993102,35.75831681736131,0.017697662977217893,508.24,1,ok,,DQN\dqn_model_optuna_trial_88
2026-06-07T11:45:21.305602,Optuna,optuna_20260607_110306,88,24,35,671,70.858788349863,893.3000751491732,37.22083646454888,0.017697662977217893,509.12,1,ok,,DQN\dqn_model_optuna_trial_88
2026-06-07T11:45:23.071253,Optuna,optuna_20260607_110306,88,25,35,671,70.0804913762515,963.3805665254247,38.53522266101699,0.017697662977217893,509.94,1,ok,,DQN\dqn_model_optuna_trial_88
2026-06-07T11:45:24.919630,Optuna,optuna_20260607_110306,88,26,35,671,83.74624833765066,1047.1268148630754,40.274108263964436,0.017697662977217893,510.82,1,ok,,DQN\dqn_model_optuna_trial_88
2026-06-07T11:45:26.774382,Optuna,optuna_20260607_110306,88,27,35,671,16.02615960600447,1063.15297446908,39.3760360914474,0.017697662977217893,511.63,1,ok,,DQN\dqn_model_optuna_trial_88
2026-06-07T11:45:28.629913,Optuna,optuna_20260607_110306,88,28,35,671,53.132523841065236,1116.2854983101452,39.86733922536233,0.017697662977217893,512.52,1,ok,,DQN\dqn_model_optuna_trial_88
2026-06-07T11:45:30.471815,Optuna,optuna_20260607_110306,88,29,35,671,68.80550979575499,1185.0910081059,40.86520717606552,0.017697662977217893,513.4,1,ok,,DQN\dqn_model_optuna_trial_88
2026-06-07T11:45:32.307715,Optuna,optuna_20260607_110306,88,30,35,671,36.47640403942442,1221.5674121453244,40.71891373817748,0.017697662977217893,514.27,1,ok,,DQN\dqn_model_optuna_trial_88
2026-06-07T11:45:34.177237,Optuna,optuna_20260607_110306,88,31,35,671,15.340006994466544,1236.907419139791,39.900239327090034,0.017697662977217893,515.15,1,ok,,DQN\dqn_model_optuna_trial_88
2026-06-07T11:45:36.024545,Optuna,optuna_20260607_110306,88,32,35,671,36.481408214786875,1273.3888273545779,39.79340085483056,0.017697662977217893,516.03,1,ok,,DQN\dqn_model_optuna_trial_88
2026-06-07T11:45:37.880750,Optuna,optuna_20260607_110306,88,33,35,671,41.0106768492197,1314.3995042037975,39.830288006175685,0.017697662977217893,516.84,1,ok,,DQN\dqn_model_optuna_trial_88
2026-06-07T11:45:39.751556,Optuna,optuna_20260607_110306,88,34,35,671,32.866192085235284,1347.2656962890328,39.62546165555979,0.017697662977217893,517.72,1,ok,,DQN\dqn_model_optuna_trial_88
2026-06-07T11:45:41.635100,Optuna,optuna_20260607_110306,88,35,35,671,17.40320631391679,1364.6689026029496,38.99054007436999,0.017697662977217893,518.6,1,ok,,DQN\dqn_model_optuna_trial_88
2026-06-07T11:45:42.635500,Optuna,optuna_20260607_110306,89,1,35,671,-3.088628960911305,-3.088628960911305,-3.088628960911305,0.7876170285897584,489.25,1,ok,,DQN\dqn_model_optuna_trial_89
2026-06-07T11:45:44.181015,Optuna,optuna_20260607_110306,89,2,35,671,0.5393077241978913,-2.5493212367134137,-1.2746606183567069,0.6846180176254913,490.07,1,ok,,DQN\dqn_model_optuna_trial_89
2026-06-07T11:45:45.729036,Optuna,optuna_20260607_110306,89,3,35,671,2.4600084920296172,-0.08931274468379646,-0.02977091489459882,0.5816190066612243,490.94,1,ok,,DQN\dqn_model_optuna_trial_89
2026-06-07T11:45:47.278688,Optuna,optuna_20260607_110306,89,4,35,671,2.2414058035093465,2.15209305882555,0.5380232647063875,0.4786199956969496,491.76,1,ok,,DQN\dqn_model_optuna_trial_89
2026-06-07T11:45:48.895784,Optuna,optuna_20260607_110306,89,5,35,671,22.751412206293587,24.903505265119136,4.980701053023827,0.3756209847326453,492.64,1,ok,,DQN\dqn_model_optuna_trial_89
2026-06-07T11:45:50.525630,Optuna,optuna_20260607_110306,89,6,35,671,20.39369222958226,45.29719749470139,7.549532915783566,0.2726219737683411,493.52,1,ok,,DQN\dqn_model_optuna_trial_89
2026-06-07T11:45:51.267420,Optuna,optuna_20260607_110306,90,1,35,671,3.678856025409182,3.678856025409182,3.678856025409182,0.79194446158872,489.8,1,ok,,DQN\dqn_model_optuna_trial_90
2026-06-07T11:45:52.835586,Optuna,optuna_20260607_110306,90,2,35,671,6.58140482260374,10.260260848012923,5.130130424006461,0.7010892623322964,490.69,1,ok,,DQN\dqn_model_optuna_trial_90
2026-06-07T11:45:54.418430,Optuna,optuna_20260607_110306,90,3,35,671,5.361754977848315,15.622015825861236,5.207338608620412,0.6102340630758728,491.64,1,ok,,DQN\dqn_model_optuna_trial_90
2026-06-07T11:45:56.030637,Optuna,optuna_20260607_110306,90,4,35,671,10.818236323691043,26.44025214955228,6.61006303738807,0.5193788638194492,492.46,1,ok,,DQN\dqn_model_optuna_trial_90
2026-06-07T11:45:57.625369,Optuna,optuna_20260607_110306,90,5,35,671,23.675494332450498,50.11574648200278,10.023149296400556,0.4285236645630256,493.34,1,ok,,DQN\dqn_model_optuna_trial_90
2026-06-07T11:45:59.437955,Optuna,optuna_20260607_110306,90,6,35,671,56.8046298484264,106.92037633042918,17.820062721738196,0.337668465306602,493.81,1,ok,,DQN\dqn_model_optuna_trial_90
2026-06-07T11:46:01.110815,Optuna,optuna_20260607_110306,90,7,35,671,21.60166155769154,128.5220378881207,18.360291126874387,0.24681326605017906,494.7,1,ok,,DQN\dqn_model_optuna_trial_90
2026-06-07T11:46:02.801714,Optuna,optuna_20260607_110306,90,8,35,671,29.98372015925338,158.5057580473741,19.81321975592176,0.15595806679377408,495.58,1,ok,,DQN\dqn_model_optuna_trial_90
2026-06-07T11:46:04.508782,Optuna,optuna_20260607_110306,90,9,35,671,27.914455730970214,186.4202137783443,20.713357086482702,0.13883301228008216,496.45,1,ok,,DQN\dqn_model_optuna_trial_90
2026-06-07T11:46:06.241586,Optuna,optuna_20260607_110306,90,10,35,671,53.23461452155631,239.6548282999006,23.96548282999006,0.13883301228008216,497.34,1,ok,,DQN\dqn_model_optuna_trial_90
2026-06-07T11:46:07.948266,Optuna,optuna_20260607_110306,90,11,35,671,49.96222239554833,289.61705069544894,26.32882279049536,0.13883301228008216,498.16,1,ok,,DQN\dqn_model_optuna_trial_90
2026-06-07T11:46:09.735915,Optuna,optuna_20260607_110306,90,12,35,671,28.384242385842914,318.00129308129186,26.500107756774323,0.13883301228008216,498.97,1,ok,,DQN\dqn_model_optuna_trial_90
2026-06-07T11:46:11.467650,Optuna,optuna_20260607_110306,90,13,35,671,35.33087218429978,353.33216526559164,27.179397328122434,0.13883301228008216,499.86,1,ok,,DQN\dqn_model_optuna_trial_90
2026-06-07T11:46:13.175809,Optuna,optuna_20260607_110306,90,14,35,671,14.10053266510781,367.4326979306995,26.245192709335676,0.13883301228008216,500.74,1,ok,,DQN\dqn_model_optuna_trial_90
2026-06-07T11:46:14.912822,Optuna,optuna_20260607_110306,90,15,35,671,50.40487010099232,417.8375680316918,27.855837868779453,0.13883301228008216,501.61,1,ok,,DQN\dqn_model_optuna_trial_90
2026-06-07T11:46:16.715091,Optuna,optuna_20260607_110306,90,16,35,671,16.115533467221894,433.95310149891367,27.122068843682104,0.13883301228008216,502.5,1,ok,,DQN\dqn_model_optuna_trial_90
2026-06-07T11:46:18.488315,Optuna,optuna_20260607_110306,90,17,35,671,64.76040790647693,498.7135094053906,29.336088788552388,0.13883301228008216,503.32,1,ok,,DQN\dqn_model_optuna_trial_90
2026-06-07T11:46:20.250995,Optuna,optuna_20260607_110306,90,18,35,671,38.65609446842492,537.3696038738155,29.85386688187864,0.13883301228008216,504.18,1,ok,,DQN\dqn_model_optuna_trial_90
2026-06-07T11:46:22.048358,Optuna,optuna_20260607_110306,90,19,35,671,39.55940656068516,576.9290104345007,30.364684759710563,0.13883301228008216,505.07,1,ok,,DQN\dqn_model_optuna_trial_90
2026-06-07T11:46:23.845619,Optuna,optuna_20260607_110306,90,20,35,671,20.381310594243804,597.3103210287445,29.865516051437226,0.13883301228008216,505.95,1,ok,,DQN\dqn_model_optuna_trial_90
2026-06-07T11:46:25.721184,Optuna,optuna_20260607_110306,90,21,35,671,16.11247429449498,613.4227953232395,29.210609301106643,0.13883301228008216,506.82,1,ok,,DQN\dqn_model_optuna_trial_90
2026-06-07T11:46:27.528690,Optuna,optuna_20260607_110306,90,22,35,671,20.17550972358225,633.5983050468217,28.79992295667371,0.13883301228008216,507.71,1,ok,,DQN\dqn_model_optuna_trial_90
2026-06-07T11:46:29.325253,Optuna,optuna_20260607_110306,90,23,35,671,41.39538059464081,674.9936856414624,29.3475515496288,0.13883301228008216,508.53,1,ok,,DQN\dqn_model_optuna_trial_90
2026-06-07T11:46:31.141942,Optuna,optuna_20260607_110306,90,24,35,671,22.76986594852895,697.7635515899914,29.07348131624964,0.13883301228008216,509.4,1,ok,,DQN\dqn_model_optuna_trial_90
2026-06-07T11:46:32.978345,Optuna,optuna_20260607_110306,90,25,35,671,28.359066185419714,726.1226177754111,29.044904711016443,0.13883301228008216,510.22,1,ok,,DQN\dqn_model_optuna_trial_90
2026-06-07T11:46:34.007268,Optuna,optuna_20260607_110306,91,1,35,671,19.17648779416971,19.17648779416971,19.17648779416971,0.8170278464585907,512.02,1,ok,,DQN\dqn_model_optuna_trial_91
2026-06-07T11:46:35.526371,Optuna,optuna_20260607_110306,91,2,35,671,14.10802974002519,33.2845175341949,16.64225876709745,0.7561106079454786,512.84,1,ok,,DQN\dqn_model_optuna_trial_91
2026-06-07T11:46:37.047587,Optuna,optuna_20260607_110306,91,3,35,671,8.930854843025081,42.21537237721998,14.07179079240666,0.6951933694323664,513.71,1,ok,,DQN\dqn_model_optuna_trial_91
2026-06-07T11:46:38.572876,Optuna,optuna_20260607_110306,91,4,35,671,3.0587130510647924,45.27408542828477,11.318521357071193,0.6342761309192543,514.68,1,ok,,DQN\dqn_model_optuna_trial_91
2026-06-07T11:46:40.115376,Optuna,optuna_20260607_110306,91,5,35,671,19.946949033539198,65.22103446182396,13.044206892364793,0.5733588924061421,515.5,1,ok,,DQN\dqn_model_optuna_trial_91
2026-06-07T11:46:41.706326,Optuna,optuna_20260607_110306,91,6,35,671,29.021971596448918,94.24300605827288,15.707167676378814,0.51244165389303,515.91,1,ok,,DQN\dqn_model_optuna_trial_91
2026-06-07T11:46:43.304673,Optuna,optuna_20260607_110306,91,7,35,671,22.791063384451153,117.03406944272403,16.719152777532006,0.4515244153799475,516.8,1,ok,,DQN\dqn_model_optuna_trial_91
2026-06-07T11:46:44.909828,Optuna,optuna_20260607_110306,91,8,35,671,37.03181696977493,154.06588641249897,19.25823580156237,0.3906071768668726,517.62,1,ok,,DQN\dqn_model_optuna_trial_91
2026-06-07T11:46:45.925646,Optuna,optuna_20260607_110306,92,1,35,671,-2.4615602760527127,-2.4615602760527127,-2.4615602760527127,0.8006055138609922,490.45,1,ok,,DQN\dqn_model_optuna_trial_92
2026-06-07T11:46:47.451714,Optuna,optuna_20260607_110306,92,2,35,671,28.009491793164813,25.5479315171121,12.77396575855605,0.7250617895254879,491.33,1,ok,,DQN\dqn_model_optuna_trial_92
2026-06-07T11:46:48.975320,Optuna,optuna_20260607_110306,92,3,35,671,4.865157764475116,30.41308928158722,10.13769642719574,0.6495180651899837,492.2,1,ok,,DQN\dqn_model_optuna_trial_92
2026-06-07T11:46:50.516697,Optuna,optuna_20260607_110306,92,4,35,671,11.760168172499819,42.173257454087036,10.543314363521759,0.5739743408544794,493.09,1,ok,,DQN\dqn_model_optuna_trial_92
2026-06-07T11:46:52.106988,Optuna,optuna_20260607_110306,92,5,35,671,30.84721896800872,73.02047642209575,14.60409528441915,0.4984306165189759,493.84,1,ok,,DQN\dqn_model_optuna_trial_92
2026-06-07T11:46:53.703700,Optuna,optuna_20260607_110306,92,6,35,671,17.595388271576187,90.61586469367194,15.102644115611989,0.4228868921835089,493.72,1,ok,,DQN\dqn_model_optuna_trial_92
2026-06-07T11:46:55.322809,Optuna,optuna_20260607_110306,92,7,35,671,33.88026059734129,124.49612529101323,17.78516075585903,0.34734316784804187,494.6,1,ok,,DQN\dqn_model_optuna_trial_92
2026-06-07T11:46:56.981099,Optuna,optuna_20260607_110306,92,8,35,671,12.4225535779888,136.91867886900204,17.114834858625255,0.27179944351257485,495.48,1,ok,,DQN\dqn_model_optuna_trial_92
2026-06-07T11:46:57.986557,Optuna,optuna_20260607_110306,93,1,35,671,7.194219523107958,7.194219523107958,7.194219523107958,0.7554977698011887,497.19,1,ok,,DQN\dqn_model_optuna_trial_93
2026-06-07T11:46:59.541934,Optuna,optuna_20260607_110306,93,2,35,671,23.29701533069835,30.491234853806308,15.245617426903154,0.6221642179738149,498.07,1,ok,,DQN\dqn_model_optuna_trial_93
2026-06-07T11:47:01.106942,Optuna,optuna_20260607_110306,93,3,35,671,11.909221440013798,42.400456293820106,14.13348543127337,0.48883066614643805,498.95,1,ok,,DQN\dqn_model_optuna_trial_93
2026-06-07T11:47:02.698300,Optuna,optuna_20260607_110306,93,4,35,671,15.08236900186467,57.482825295684776,14.370706323921194,0.3554971143190271,499.77,1,ok,,DQN\dqn_model_optuna_trial_93
2026-06-07T11:47:04.343445,Optuna,optuna_20260607_110306,93,5,35,671,10.441867741850775,67.92469303753555,13.584938607507109,0.22216356249162003,500.65,1,ok,,DQN\dqn_model_optuna_trial_93
2026-06-07T11:47:06.007748,Optuna,optuna_20260607_110306,93,6,35,671,43.0082124070904,110.93290544462594,18.488817574104324,0.08883001066422515,501.46,1,ok,,DQN\dqn_model_optuna_trial_93
2026-06-07T11:47:07.628284,Optuna,optuna_20260607_110306,93,7,35,671,12.76476042234095,123.6976658669669,17.671095123852414,0.03596577509784628,502.35,1,ok,,DQN\dqn_model_optuna_trial_93
2026-06-07T11:47:09.323573,Optuna,optuna_20260607_110306,93,8,35,671,31.46657265867665,155.16423852564355,19.395529815705444,0.03596577509784628,503.23,1,ok,,DQN\dqn_model_optuna_trial_93
2026-06-07T11:47:10.552382,Optuna,optuna_20260607_110306,94,1,35,671,7.423383918534789,7.423383918534789,7.423383918534789,0.8063273638021445,492.44,1,ok,,DQN\dqn_model_optuna_trial_94
2026-06-07T11:47:12.445580,Optuna,optuna_20260607_110306,94,2,35,671,7.118035921960277,14.541419840495067,7.270709920247533,0.7450728396791849,493.48,1,ok,,DQN\dqn_model_optuna_trial_94
2026-06-07T11:47:14.381452,Optuna,optuna_20260607_110306,94,3,35,671,6.395845557515246,20.93726539801031,6.979088466003437,0.6838183155562253,494.29,1,ok,,DQN\dqn_model_optuna_trial_94
2026-06-07T11:47:16.400035,Optuna,optuna_20260607_110306,94,4,35,671,60.59419172514056,81.53145712315087,20.382864280787718,0.6225637914332657,495.17,1,ok,,DQN\dqn_model_optuna_trial_94
2026-06-07T11:47:18.438397,Optuna,optuna_20260607_110306,94,5,35,671,26.19263943898064,107.7240965621315,21.544819312426302,0.5613092673103061,495.99,1,ok,,DQN\dqn_model_optuna_trial_94
2026-06-07T11:47:20.506728,Optuna,optuna_20260607_110306,94,6,35,671,20.33764276868057,128.0617393308121,21.343623221802016,0.5000547431873464,496.87,1,ok,,DQN\dqn_model_optuna_trial_94
2026-06-07T11:47:22.628481,Optuna,optuna_20260607_110306,94,7,35,671,17.565895237952372,145.62763456876445,20.803947795537777,0.4388002190643496,497.75,1,ok,,DQN\dqn_model_optuna_trial_94
2026-06-07T11:47:24.797953,Optuna,optuna_20260607_110306,94,8,35,671,31.623835033956667,177.2514696027211,22.156433700340138,0.3775456949413527,498.63,1,ok,,DQN\dqn_model_optuna_trial_94
2026-06-07T11:47:26.904179,Optuna,optuna_20260607_110306,94,9,35,671,25.120481734304978,202.37195133702608,22.485772370780676,0.31629117081835584,499.45,1,ok,,DQN\dqn_model_optuna_trial_94
2026-06-07T11:47:29.076685,Optuna,optuna_20260607_110306,94,10,35,671,3.305184693697872,205.67713603072394,20.567713603072395,0.25503664669535897,500.33,1,ok,,DQN\dqn_model_optuna_trial_94
2026-06-07T11:47:31.173943,Optuna,optuna_20260607_110306,94,11,35,671,34.40814583716218,240.08528186788612,21.825934715262374,0.1937821225723621,501.15,1,ok,,DQN\dqn_model_optuna_trial_94
2026-06-07T11:47:33.368039,Optuna,optuna_20260607_110306,94,12,35,671,33.674577769231995,273.7598596371181,22.813321636426508,0.13252759844936524,502.02,1,ok,,DQN\dqn_model_optuna_trial_94
2026-06-07T11:47:35.591796,Optuna,optuna_20260607_110306,94,13,35,671,37.33428395533693,311.094143592455,23.930318737881155,0.07127307432637654,502.91,1,ok,,DQN\dqn_model_optuna_trial_94
2026-06-07T11:47:37.750670,Optuna,optuna_20260607_110306,94,14,35,671,47.223276912374985,358.31742050483,25.594101464630715,0.022309320372248184,503.79,1,ok,,DQN\dqn_model_optuna_trial_94
2026-06-07T11:47:39.961944,Optuna,optuna_20260607_110306,94,15,35,671,17.294582870073764,375.6120033749038,25.040800224993585,0.022309320372248184,504.66,1,ok,,DQN\dqn_model_optuna_trial_94
2026-06-07T11:47:42.166750,Optuna,optuna_20260607_110306,94,16,35,671,39.591956978130945,415.20396035303474,25.95024752206467,0.022309320372248184,505.48,1,ok,,DQN\dqn_model_optuna_trial_94
2026-06-07T11:47:44.458952,Optuna,optuna_20260607_110306,94,17,35,671,25.83915550442564,441.0431158574604,25.94371269749767,0.022309320372248184,506.3,1,ok,,DQN\dqn_model_optuna_trial_94
2026-06-07T11:47:46.882480,Optuna,optuna_20260607_110306,94,18,35,671,37.801722839246935,478.84483869670737,26.602491038705963,0.022309320372248184,507.18,1,ok,,DQN\dqn_model_optuna_trial_94
2026-06-07T11:47:49.082094,Optuna,optuna_20260607_110306,94,19,35,671,93.07492273676793,571.9197614334753,30.10104007544607,0.022309320372248184,508.06,1,ok,,DQN\dqn_model_optuna_trial_94
2026-06-07T11:47:51.336736,Optuna,optuna_20260607_110306,94,20,35,671,22.899141705902906,594.8189031393782,29.740945156968912,0.022309320372248184,508.95,1,ok,,DQN\dqn_model_optuna_trial_94
2026-06-07T11:47:53.553567,Optuna,optuna_20260607_110306,94,21,35,671,24.607090124260225,619.4259932636385,29.496475869697072,0.022309320372248184,509.82,1,ok,,DQN\dqn_model_optuna_trial_94
2026-06-07T11:47:55.761691,Optuna,optuna_20260607_110306,94,22,35,671,41.97999472067861,661.4059879843171,30.063908544741686,0.022309320372248184,510.64,1,ok,,DQN\dqn_model_optuna_trial_94
2026-06-07T11:47:58.068310,Optuna,optuna_20260607_110306,94,23,35,671,25.02366123156796,686.4296492158851,29.844767357212394,0.022309320372248184,511.46,1,ok,,DQN\dqn_model_optuna_trial_94
2026-06-07T11:48:00.440413,Optuna,optuna_20260607_110306,94,24,35,671,27.327807156922557,713.7574563728076,29.73989401553365,0.022309320372248184,512.34,1,ok,,DQN\dqn_model_optuna_trial_94
2026-06-07T11:48:02.732773,Optuna,optuna_20260607_110306,94,25,35,671,19.523746401712156,733.2812027745198,29.33124811098079,0.022309320372248184,513.22,1,ok,,DQN\dqn_model_optuna_trial_94
2026-06-07T11:48:04.252909,Optuna,optuna_20260607_110306,95,1,35,671,5.001556531090402,5.001556531090402,5.001556531090402,0.7757116396301,516.36,1,ok,,DQN\dqn_model_optuna_trial_95
2026-06-07T11:48:05.989901,Optuna,optuna_20260607_110306,95,2,35,671,9.667944872267142,14.669501403357543,7.334750701678772,0.7243543984119016,517.25,1,ok,,DQN\dqn_model_optuna_trial_95
2026-06-07T11:48:07.744274,Optuna,optuna_20260607_110306,95,3,35,671,12.57021351060994,27.239714913967482,9.079904971322494,0.6729971571937032,518.13,1,ok,,DQN\dqn_model_optuna_trial_95
2026-06-07T11:48:09.616186,Optuna,optuna_20260607_110306,95,4,35,671,19.187309046046146,46.42702396001363,11.606755990003407,0.6216399159755048,518.95,1,ok,,DQN\dqn_model_optuna_trial_95
2026-06-07T11:48:11.383353,Optuna,optuna_20260607_110306,95,5,35,671,24.84489893209203,71.27192289210566,14.254384578421133,0.5702826747573064,519.77,1,ok,,DQN\dqn_model_optuna_trial_95
2026-06-07T11:48:13.201811,Optuna,optuna_20260607_110306,95,6,35,671,37.64339477508424,108.9153176671899,18.15255294453165,0.518925433539108,520.64,1,ok,,DQN\dqn_model_optuna_trial_95
2026-06-07T11:48:14.965913,Optuna,optuna_20260607_110306,95,7,35,671,27.325914403622367,136.24123207081226,19.46303315297318,0.4675681923209096,521.53,1,ok,,DQN\dqn_model_optuna_trial_95
2026-06-07T11:48:16.834729,Optuna,optuna_20260607_110306,95,8,35,671,28.685262857801785,164.92649492861403,20.615811866076754,0.4162109511027112,522.41,1,ok,,DQN\dqn_model_optuna_trial_95
2026-06-07T11:48:18.655614,Optuna,optuna_20260607_110306,95,9,35,671,69.58939915605528,234.5158940846693,26.057321564963257,0.3648537098845128,523.29,1,ok,,DQN\dqn_model_optuna_trial_95
2026-06-07T11:48:20.507397,Optuna,optuna_20260607_110306,95,10,35,671,170.10254999517764,404.61844407984694,40.46184440798469,0.3134964686663144,524.11,1,ok,,DQN\dqn_model_optuna_trial_95
2026-06-07T11:48:22.445987,Optuna,optuna_20260607_110306,95,11,35,671,20.48653905307921,425.1049831329261,38.64590755753874,0.262139227448116,524.93,1,ok,,DQN\dqn_model_optuna_trial_95
2026-06-07T11:48:24.365798,Optuna,optuna_20260607_110306,95,12,35,671,24.50315273113494,449.60813586406107,37.46734465533842,0.21078198622991762,525.92,1,ok,,DQN\dqn_model_optuna_trial_95
2026-06-07T11:48:26.312510,Optuna,optuna_20260607_110306,95,13,35,671,54.3796104468174,503.9877463108785,38.768288177759885,0.15942474501171922,526.8,1,ok,,DQN\dqn_model_optuna_trial_95
2026-06-07T11:48:28.240870,Optuna,optuna_20260607_110306,95,14,35,671,57.63260579066517,561.6203521015436,40.115739435824544,0.10806750379352081,527.92,1,ok,,DQN\dqn_model_optuna_trial_95
2026-06-07T11:48:30.160032,Optuna,optuna_20260607_110306,95,15,35,671,55.91798808083889,617.5383401823825,41.1692226788255,0.056710262575321885,528.8,1,ok,,DQN\dqn_model_optuna_trial_95
2026-06-07T11:48:32.082121,Optuna,optuna_20260607_110306,95,16,35,671,47.02967801558935,664.5680181979718,41.53550113737324,0.018603495592491075,529.63,1,ok,,DQN\dqn_model_optuna_trial_95
2026-06-07T11:48:34.053147,Optuna,optuna_20260607_110306,95,17,35,671,32.73870610739738,697.3067243053692,41.01804260619819,0.018603495592491075,530.45,1,ok,,DQN\dqn_model_optuna_trial_95
2026-06-07T11:48:36.018654,Optuna,optuna_20260607_110306,95,18,35,671,32.49965914604299,729.8063834514122,40.544799080634014,0.018603495592491075,531.33,1,ok,,DQN\dqn_model_optuna_trial_95
2026-06-07T11:48:38.035557,Optuna,optuna_20260607_110306,95,19,35,671,65.37872155496922,795.1851050063815,41.851847631914815,0.018603495592491075,532.21,1,ok,,DQN\dqn_model_optuna_trial_95
2026-06-07T11:48:40.037592,Optuna,optuna_20260607_110306,95,20,35,671,16.24929510311009,811.4344001094915,40.571720005474575,0.018603495592491075,533.09,1,ok,,DQN\dqn_model_optuna_trial_95
2026-06-07T11:48:41.998135,Optuna,optuna_20260607_110306,95,21,35,671,74.98338484746269,886.4177849569543,42.21037071223592,0.018603495592491075,533.97,1,ok,,DQN\dqn_model_optuna_trial_95
2026-06-07T11:48:43.977870,Optuna,optuna_20260607_110306,95,22,35,671,27.990524964372273,914.4083099213266,41.56401408733303,0.018603495592491075,534.79,1,ok,,DQN\dqn_model_optuna_trial_95
2026-06-07T11:48:46.043688,Optuna,optuna_20260607_110306,95,23,35,671,27.066904806955282,941.4752147282819,40.93370498818617,0.018603495592491075,535.61,1,ok,,DQN\dqn_model_optuna_trial_95
2026-06-07T11:48:48.054825,Optuna,optuna_20260607_110306,95,24,35,671,17.480246295418773,958.9554610237007,39.95647754265419,0.018603495592491075,536.48,1,ok,,DQN\dqn_model_optuna_trial_95
2026-06-07T11:48:50.079360,Optuna,optuna_20260607_110306,95,25,35,671,21.624316515901764,980.5797775396024,39.2231911015841,0.018603495592491075,537.43,1,ok,,DQN\dqn_model_optuna_trial_95
2026-06-07T11:48:52.138312,Optuna,optuna_20260607_110306,95,26,35,671,408.3141494055052,1388.8939269451075,53.41899719019644,0.018603495592491075,538.3,1,ok,,DQN\dqn_model_optuna_trial_95
2026-06-07T11:48:54.244954,Optuna,optuna_20260607_110306,95,27,35,671,34.27220577147439,1423.1661327165818,52.70985676728081,0.018603495592491075,539.18,1,ok,,DQN\dqn_model_optuna_trial_95
2026-06-07T11:48:56.278484,Optuna,optuna_20260607_110306,95,28,35,671,31.22804358580668,1454.3941763023886,51.94264915365674,0.018603495592491075,540.06,1,ok,,DQN\dqn_model_optuna_trial_95
2026-06-07T11:48:58.420267,Optuna,optuna_20260607_110306,95,29,35,671,54.72932774372451,1509.123504046113,52.038741518831486,0.018603495592491075,540.88,1,ok,,DQN\dqn_model_optuna_trial_95
2026-06-07T11:49:00.502981,Optuna,optuna_20260607_110306,95,30,35,671,35.10363314276454,1544.2271371888776,51.47423790629592,0.018603495592491075,541.69,1,ok,,DQN\dqn_model_optuna_trial_95
2026-06-07T11:49:02.578606,Optuna,optuna_20260607_110306,95,31,35,671,19.71779849908763,1563.9449356879652,50.44983663509565,0.018603495592491075,542.57,1,ok,,DQN\dqn_model_optuna_trial_95
2026-06-07T11:49:04.719766,Optuna,optuna_20260607_110306,95,32,35,671,26.661334584889186,1590.6062702728543,49.7064459460267,0.018603495592491075,543.44,1,ok,,DQN\dqn_model_optuna_trial_95
2026-06-07T11:49:06.847793,Optuna,optuna_20260607_110306,95,33,35,671,45.15413838708978,1635.760408659944,49.56849723211951,0.018603495592491075,544.32,1,ok,,DQN\dqn_model_optuna_trial_95
2026-06-07T11:49:09.000814,Optuna,optuna_20260607_110306,95,34,35,671,27.93677169674354,1663.6971803566876,48.93227001049081,0.018603495592491075,545.2,1,ok,,DQN\dqn_model_optuna_trial_95
2026-06-07T11:49:11.154151,Optuna,optuna_20260607_110306,95,35,35,671,68.75001773358944,1732.447198090277,49.49849137400791,0.018603495592491075,546.01,1,ok,,DQN\dqn_model_optuna_trial_95
2026-06-07T11:49:12.615921,Optuna,optuna_20260607_110306,96,1,35,671,4.246374577915219,4.246374577915219,4.246374577915219,0.7424290836950592,516.73,1,ok,,DQN\dqn_model_optuna_trial_96
2026-06-07T11:49:14.356658,Optuna,optuna_20260607_110306,96,2,35,671,6.47606604278856,10.722440620703779,5.361220310351889,0.6710558577393805,517.62,1,ok,,DQN\dqn_model_optuna_trial_96
2026-06-07T11:49:16.136665,Optuna,optuna_20260607_110306,96,3,35,671,16.875201198696345,27.597641819400124,9.19921393980004,0.5996826317837017,518.43,1,ok,,DQN\dqn_model_optuna_trial_96
2026-06-07T11:49:17.927674,Optuna,optuna_20260607_110306,96,4,35,671,9.28428317597585,36.881924995375975,9.220481248843994,0.528309405828023,519.31,1,ok,,DQN\dqn_model_optuna_trial_96
2026-06-07T11:49:19.754971,Optuna,optuna_20260607_110306,96,5,35,671,16.42152498826569,53.30344998364167,10.660689996728333,0.45693617987236673,520.2,1,ok,,DQN\dqn_model_optuna_trial_96
2026-06-07T11:49:21.612090,Optuna,optuna_20260607_110306,96,6,35,671,20.749769388409554,74.05321937205122,12.342203228675203,0.38556295391672524,521.07,1,ok,,DQN\dqn_model_optuna_trial_96
2026-06-07T11:49:23.586075,Optuna,optuna_20260607_110306,97,1,35,671,3.621438088364641,3.621438088364641,3.621438088364641,0.7475633600203605,496.86,1,ok,,DQN\dqn_model_optuna_trial_97
2026-06-07T11:49:25.857693,Optuna,optuna_20260607_110306,97,2,35,671,3.78923993360139,7.4106780219660315,3.7053390109830158,0.6621011636703387,497.55,1,ok,,DQN\dqn_model_optuna_trial_97
2026-06-07T11:49:28.072700,Optuna,optuna_20260607_110306,97,3,35,671,11.384435380281213,18.795113402247246,6.265037800749082,0.5766389673203168,498.43,1,ok,,DQN\dqn_model_optuna_trial_97
2026-06-07T11:49:30.267518,Optuna,optuna_20260607_110306,97,4,35,671,18.093732656845805,36.888846059093055,9.222211514773264,0.491176770970295,499.31,1,ok,,DQN\dqn_model_optuna_trial_97
2026-06-07T11:49:32.488546,Optuna,optuna_20260607_110306,97,5,35,671,8.518213596062438,45.40705965515549,9.081411931031099,0.40571457462027316,500.13,1,ok,,DQN\dqn_model_optuna_trial_97
2026-06-07T11:49:34.754430,Optuna,optuna_20260607_110306,97,6,35,671,4.846839147680825,50.25389880283632,8.37564980047272,0.3202523782702513,501.01,1,ok,,DQN\dqn_model_optuna_trial_97
2026-06-07T11:49:36.056378,Optuna,optuna_20260607_110306,98,1,35,671,1.0328647571148122,1.0328647571148122,1.0328647571148122,0.7870478779926388,496.87,1,ok,,DQN\dqn_model_optuna_trial_98
2026-06-07T11:49:37.629631,Optuna,optuna_20260607_110306,98,2,35,671,10.183072989556655,11.215937746671466,5.607968873335733,0.7375460439513254,497.75,1,ok,,DQN\dqn_model_optuna_trial_98
2026-06-07T11:49:39.188553,Optuna,optuna_20260607_110306,98,3,35,671,3.0013610382251654,14.21729878489663,4.739099594965544,0.688044209910012,498.62,1,ok,,DQN\dqn_model_optuna_trial_98
2026-06-07T11:49:40.789938,Optuna,optuna_20260607_110306,98,4,35,671,2.056586998216978,16.27388578311361,4.068471445778402,0.6385423758686987,499.51,1,ok,,DQN\dqn_model_optuna_trial_98
2026-06-07T11:49:42.378035,Optuna,optuna_20260607_110306,98,5,35,671,7.573999106906378,23.847884890019987,4.769576978003998,0.5890405418273853,500.33,1,ok,,DQN\dqn_model_optuna_trial_98
2026-06-07T11:49:44.009480,Optuna,optuna_20260607_110306,98,6,35,671,23.468283703148707,47.3161685931687,7.886028098861449,0.5395387077860719,494.71,1,ok,,DQN\dqn_model_optuna_trial_98
2026-06-07T11:49:45.568699,Optuna,optuna_20260607_110306,99,1,35,671,3.5380029799330313,3.5380029799330313,3.5380029799330313,0.727308878990625,499.46,1,ok,,DQN\dqn_model_optuna_trial_99
2026-06-07T11:49:47.468905,Optuna,optuna_20260607_110306,99,2,35,671,6.282399994735553,9.820402974668585,4.910201487334293,0.630587814201009,500.29,1,ok,,DQN\dqn_model_optuna_trial_99
2026-06-07T11:49:49.323101,Optuna,optuna_20260607_110306,99,3,35,671,1.5489768342988097,11.369379808967395,3.789793269655798,0.5338667494113929,501.16,1,ok,,DQN\dqn_model_optuna_trial_99
2026-06-07T11:49:51.185756,Optuna,optuna_20260607_110306,99,4,35,671,45.36287897591538,56.732258784882774,14.183064696220693,0.4371456846217526,502.04,1,ok,,DQN\dqn_model_optuna_trial_99
2026-06-07T11:49:53.141996,Optuna,optuna_20260607_110306,99,5,35,671,45.66674582779539,102.39900461267817,20.479800922535635,0.34042461983209926,502.93,1,ok,,DQN\dqn_model_optuna_trial_99
2026-06-07T11:49:55.097690,Optuna,optuna_20260607_110306,99,6,35,671,15.309016818737506,117.70802143141567,19.618003571902612,0.24370355504244717,503.74,1,ok,,DQN\dqn_model_optuna_trial_99
2026-06-07T11:49:57.074424,Optuna,optuna_20260607_110306,99,7,35,671,7.389062324494944,125.09708375591062,17.871011965130087,0.1469824902528125,504.62,1,ok,,DQN\dqn_model_optuna_trial_99
2026-06-07T11:49:59.064440,Optuna,optuna_20260607_110306,99,8,35,671,46.38171078784545,171.47879454375607,21.43484931796951,0.09563158381029266,505.5,1,ok,,DQN\dqn_model_optuna_trial_99
2026-06-07T11:50:01.100185,Optuna,optuna_20260607_110306,99,9,35,671,28.691228939998442,200.1700234837545,22.241113720417168,0.09563158381029266,506.32,1,ok,,DQN\dqn_model_optuna_trial_99
2026-06-07T11:50:03.217567,Optuna,optuna_20260607_110306,99,10,35,671,54.32182242477888,254.49184590853338,25.44918459085334,0.09563158381029266,507.2,1,ok,,DQN\dqn_model_optuna_trial_99
2026-06-07T11:50:05.299793,Optuna,optuna_20260607_110306,99,11,35,671,52.160213230464855,306.65205913899825,27.877459921727112,0.09563158381029266,508.09,1,ok,,DQN\dqn_model_optuna_trial_99
2026-06-07T11:50:07.300545,Optuna,optuna_20260607_110306,99,12,35,671,11.926213828983247,318.5782729679815,26.548189413998458,0.09563158381029266,508.91,1,ok,,DQN\dqn_model_optuna_trial_99
2026-06-07T11:50:09.341727,Optuna,optuna_20260607_110306,99,13,35,671,43.45848921510604,362.03676218308755,27.84898170639135,0.09563158381029266,509.79,1,ok,,DQN\dqn_model_optuna_trial_99
2026-06-07T11:50:11.388696,Optuna,optuna_20260607_110306,99,14,35,671,60.56470260962361,422.60146479271117,30.185818913765083,0.09563158381029266,510.67,1,ok,,DQN\dqn_model_optuna_trial_99
2026-06-07T11:50:13.408771,Optuna,optuna_20260607_110306,99,15,35,671,156.93842551132582,579.539890304037,38.6359926869358,0.09563158381029266,511.66,1,ok,,DQN\dqn_model_optuna_trial_99
2026-06-07T11:50:15.417873,Optuna,optuna_20260607_110306,99,16,35,671,16.71488998665503,596.2547802906921,37.26592376816826,0.09563158381029266,512.54,1,ok,,DQN\dqn_model_optuna_trial_99
2026-06-07T11:50:17.504896,Optuna,optuna_20260607_110306,99,17,35,671,13.939746282355049,610.1945265730471,35.89379568076748,0.09563158381029266,513.43,1,ok,,DQN\dqn_model_optuna_trial_99
2026-06-07T11:50:19.560790,Optuna,optuna_20260607_110306,99,18,35,671,24.759684271105826,634.954210844153,35.275233935786275,0.09563158381029266,514.3,1,ok,,DQN\dqn_model_optuna_trial_99
2026-06-07T11:50:21.591081,Optuna,optuna_20260607_110306,99,19,35,671,3.8871256772451255,638.841336521398,33.62322823796832,0.09563158381029266,515.12,1,ok,,DQN\dqn_model_optuna_trial_99
2026-06-07T11:50:23.757265,Optuna,optuna_20260607_110306,99,20,35,671,37.54485671748753,676.3861932388855,33.819309661944274,0.09563158381029266,516.0,1,ok,,DQN\dqn_model_optuna_trial_99
2026-06-07T11:50:26.001163,Optuna,optuna_20260607_110306,99,21,35,671,51.05670709540681,727.4429003342923,34.64013811115677,0.09563158381029266,516.82,1,ok,,DQN\dqn_model_optuna_trial_99
2026-06-07T11:50:28.165696,Optuna,optuna_20260607_110306,99,22,35,671,6.467722875160167,733.9106232094524,33.359573782247836,0.09563158381029266,517.7,1,ok,,DQN\dqn_model_optuna_trial_99
2026-06-07T11:50:30.375751,Optuna,optuna_20260607_110306,99,23,35,671,70.41900665899016,804.3296298684426,34.97085347254098,0.09563158381029266,518.58,1,ok,,DQN\dqn_model_optuna_trial_99
2026-06-07T11:50:32.524179,Optuna,optuna_20260607_110306,99,24,35,671,8.229988891696102,812.5596187601386,33.85665078167244,0.09563158381029266,519.46,1,ok,,DQN\dqn_model_optuna_trial_99
2026-06-07T11:50:34.682119,Optuna,optuna_20260607_110306,99,25,35,671,16.184362098984398,828.743980859123,33.14975923436492,0.09563158381029266,520.28,1,ok,,DQN\dqn_model_optuna_trial_99
2026-06-07T11:50:36.884463,Optuna,optuna_20260607_110306,99,26,35,671,72.06450995966222,900.8084908187852,34.646480416107124,0.09563158381029266,521.16,1,ok,,DQN\dqn_model_optuna_trial_99
2026-06-07T11:50:38.991565,Optuna,optuna_20260607_110306,99,27,35,671,29.189670047409937,929.9981608661951,34.444376328377594,0.09563158381029266,521.97,1,ok,,DQN\dqn_model_optuna_trial_99
2026-06-07T11:50:41.175384,Optuna,optuna_20260607_110306,99,28,35,671,21.211425144022673,951.2095860102178,33.97177092893635,0.09563158381029266,522.86,1,ok,,DQN\dqn_model_optuna_trial_99
2026-06-07T11:50:43.385511,Optuna,optuna_20260607_110306,99,29,35,671,101.99965920791998,1053.2092452181378,36.31756017993578,0.09563158381029266,523.8,1,ok,,DQN\dqn_model_optuna_trial_99
2026-06-07T11:50:45.593319,Optuna,optuna_20260607_110306,99,30,35,671,38.86420383849384,1092.0734490566317,36.40244830188772,0.09563158381029266,524.67,1,ok,,DQN\dqn_model_optuna_trial_99
2026-06-07T11:50:47.824962,Optuna,optuna_20260607_110306,99,31,35,671,5.309073605578776,1097.3825226622105,35.39943621491002,0.09563158381029266,525.49,1,ok,,DQN\dqn_model_optuna_trial_99
2026-06-07T11:50:50.028833,Optuna,optuna_20260607_110306,99,32,35,671,14.262752410721628,1111.645275072932,34.738914846029125,0.09563158381029266,526.37,1,ok,,DQN\dqn_model_optuna_trial_99
2026-06-07T11:50:52.254265,Optuna,optuna_20260607_110306,99,33,35,671,31.235085272426797,1142.880360345359,34.632738192283604,0.09563158381029266,527.25,1,ok,,DQN\dqn_model_optuna_trial_99
2026-06-07T11:50:54.504968,Optuna,optuna_20260607_110306,99,34,35,671,36.85369543383031,1179.7340557791892,34.6980604640938,0.09563158381029266,528.07,1,ok,,DQN\dqn_model_optuna_trial_99
2026-06-07T11:50:56.766295,Optuna,optuna_20260607_110306,99,35,35,671,15.597313316449448,1195.3313690956386,34.15232483130396,0.09563158381029266,528.94,1,ok,,DQN\dqn_model_optuna_trial_99
